o Box0
v -0.970322 -11.0764 2.97409
v 53.2871 -30.5493 15.1173
v 69.8328 2.77867 -5.36661
v 15.5754 22.2515 -17.5098
v -1.02851 2.02549 24.2443
v 53.2289 -17.4473 36.3875
v 69.7746 15.8806 15.9036
v 15.5172 35.3534 3.76044
f 1 2 3 4
f 5 6 7 8
f 1 2 6 5
f 2 3 7 6
f 3 4 8 7
f 4 1 5 8
o Box1
v -0.990935 -2.08383 16.2625
v 11.5112 20.4169 1.80007
v 24.9093 14.2863 3.84403
v 12.4072 -8.21445 18.3064
v -1.56382 -5.02825 11.1863
v 10.9383 17.4725 -3.27613
v 24.3364 11.3419 -1.23216
v 11.8343 -11.1589 13.2303
f 9 10 11 12
f 13 14 15 16
f 9 10 14 13
f 10 11 15 14
f 11 12 16 15
f 12 9 13 16
o Box2
v 19.5988 -29.2211 11.2513
v 66.555 -6.66637 -3.84371
v 47.4781 28.6526 -10.4136
v 0.52182 6.09784 4.68137
v 22.5329 -24.6749 27.1713
v 69.4891 -2.12018 12.0763
v 50.4122 33.1988 5.50642
v 3.45592 10.644 20.6014
f 17 18 19 20
f 21 22 23 24
f 17 18 22 21
f 18 19 23 22
f 19 20 24 23
f 20 17 21 24
o Box3
v 7.64385 -9.21543 18.6241
v 1.05373 8.09167 8.9502
v 8.62946 10.3769 7.87785
v 15.2196 -6.93018 17.5518
v 7.75801 -11.8006 13.9213
v 1.16789 5.50648 4.24739
v 8.74361 7.79173 3.17504
v 15.3337 -9.51537 12.849
f 25 26 27 28
f 29 30 31 32
f 25 26 30 29
f 26 27 31 30
f 27 28 32 31
f 28 25 29 32
o Box4
v 6.19845 3.61908 5.36815
v 23.6233 8.33241 0.255078
v 20.9181 15.2212 -2.61393
v 3.49321 10.5079 2.49913
v 6.98711 5.93866 10.1941
v 24.412 10.652 5.08099
v 21.7067 17.5408 2.21197
v 4.28186 12.8275 7.32504
f 33 34 35 36
f 37 38 39 40
f 33 34 38 37
f 34 35 39 38
f 35 36 40 39
f 36 33 37 40
o Box5
v 7.97772 -0.288408 7.78205
v 15.4357 -7.50163 11.9534
v 15.2239 -5.04178 16.5856
v 7.76597 2.17144 12.4142
v 3.54569 -3.88382 9.48874
v 11.0036 -11.097 13.6601
v 10.7919 -8.6372 18.2923
v 3.33395 -1.42397 14.1209
f 41 42 43 44
f 45 46 47 48
f 41 42 46 45
f 42 43 47 46
f 43 44 48 47
f 44 41 45 48
o Box6
v 3.34558 -2.956 9.40238
v 3.70731 6.93587 3.90877
v 4.08003 9.48051 8.51523
v 3.7183 -0.411368 14.0088
v 9.33547 -3.32959 9.1241
v 9.69719 6.56229 3.63049
v 10.0699 9.10692 8.23694
v 9.70818 -0.784956 13.7306
f 49 50 51 52
f 53 54 55 56
f 49 50 54 53
f 50 51 55 54
f 51 52 56 55
f 52 49 53 56
o Box7
v 4.00988 -2.51318 9.36617
v 10.314 -1.98918 8.06429
v 11.0502 0.717099 12.7185
v 4.74609 0.193091 14.0204
v 5.01297 -7.6108 12.1716
v 11.317 -7.08679 10.8697
v 12.0533 -4.38052 15.5239
v 5.74918 -4.90453 16.8258
f 57 58 59 60
f 61 62 63 64
f 57 58 62 61
f 58 59 63 62
f 59 60 64 63
f 60 57 61 64
o Box8
v 11.029 -11.383 12.8368
v 9.67253 -9.58668 17.868
v 14.6411 -5.74935 17.8375
v 15.9976 -7.5457 12.8063
v 7.83932 -7.27151 10.5088
v 6.48285 -5.47516 15.54
v 11.4514 -1.63783 15.5095
v 12.8079 -3.43418 10.4784
f 65 66 67 68
f 69 70 71 72
f 65 66 70 69
f 66 67 71 70
f 67 68 72 71
f 68 65 69 72
o Box9
v 5.3929 -7.44676 9.87913
v 3.50212 -0.967129 9.86476
v 5.71832 -0.306265 16.2505
v 7.6091 -6.78589 16.2649
v 8.60545 -6.51201 8.66746
v 6.71467 -0.0323799 8.65309
v 8.93087 0.628485 15.0388
v 10.8217 -5.85114 15.0532
f 73 74 75 76
f 77 78 79 80
f 73 74 78 77
f 74 75 79 78
f 75 76 80 79
f 76 73 77 80
o Box10
v 10.9696 -6.36788 9.58933
v 12.3479 -3.92705 14.8529
v 10.6182 1.01518 13.014
v 9.23987 -1.42566 7.75047
v 7.42344 -7.13173 10.8721
v 8.80175 -4.6909 16.1357
v 7.07199 0.251325 14.2969
v 5.69368 -2.18951 9.03328
f 81 82 83 84
f 85 86 87 88
f 81 82 86 85
f 82 83 87 86
f 83 84 88 87
f 84 81 85 88
o Box11
v 8.51924 -4.92523 7.7445
v 10.4187 -6.77175 14.2979
v 8.24253 -2.36537 16.1702
v 6.34305 -0.518854 9.61682
v 6.07438 -6.27248 8.07352
v 7.97385 -8.119 14.6269
v 5.79767 -3.71262 16.4992
v 3.89819 -1.86611 9.94584
f 89 90 91 92
f 93 94 95 96
f 89 90 94 93
f 90 91 95 94
f 91 92 96 95
f 92 89 93 96
o Box12
v 7.34722 -5.74847 9.38369
v 10.2902 -4.16801 14.7711
v 9.15182 0.638542 13.983
v 6.20879 -0.941921 8.59553
v 4.50612 -6.14768 11.0528
v 7.44914 -4.56722 16.4403
v 6.31072 0.239329 15.6521
v 3.36769 -1.34113 10.2647
f 97 98 99 100
f 101 102 103 104
f 97 98 102 101
f 98 99 103 102
f 99 100 104 103
f 100 97 101 104
o Box13
v 9.14037 -6.72886 10.37
v 6.29264 -2.32624 8.19312
v 3.65036 -2.55561 11.1859
v 6.49808 -6.95823 13.3627
v 9.66656 -6.13635 10.8799
v 6.81884 -1.73373 8.70311
v 4.17655 -1.9631 11.6958
v 7.02427 -6.36572 13.8727
f 105 106 107 108
f 109 110 111 112
f 105 106 110 109
f 106 107 111 110
f 107 108 112 111
f 108 105 109 112
o Box14
v 6.04247 -7.3334 12.126
v 4.47527 -2.96394 12.5351
v 7.16548 -2.362 16.4122
v 8.73268 -6.73146 16.0032
v 7.18151 -6.84376 11.2596
v 5.61431 -2.4743 11.6687
v 8.30453 -1.87235 15.5458
v 9.87172 -6.24181 15.1368
f 113 114 115 116
f 117 118 119 120
f 113 114 118 117
f 114 115 119 118
f 115 116 120 119
f 116 113 117 120
o Box15
v 8.38869 -6.66924 10.6504
v 5.90638 -4.14023 10.3115
v 5.23331 -4.49118 12.6227
v 7.71561 -7.02019 12.9616
v 8.69468 -6.35048 10.7879
v 6.21237 -3.82146 10.449
v 5.5393 -4.17241 12.7602
v 8.02161 -6.70142 13.0991
f 121 122 123 124
f 125 126 127 128
f 121 122 126 125
f 122 123 127 126
f 123 124 128 127
f 124 121 125 128
o Box16
v 5.7039 -1.23699 9.23781
v 8.53797 -4.03188 9.66896
v 6.82468 -5.37492 12.2248
v 3.99061 -2.58003 11.7937
v 5.34071 -1.67863 8.76228
v 8.17479 -4.47352 9.19343
v 6.46149 -5.81656 11.7493
v 3.62742 -3.02167 11.3181
f 129 130 131 132
f 133 134 135 136
f 129 130 134 133
f 130 131 135 134
f 131 132 136 135
f 132 129 133 136
o Box17
v 6.62588 -4.50822 10.4272
v 8.56926 -6.49022 11.1753
v 7.86919 -6.78996 12.1998
v 5.92581 -4.80796 11.4517
v 6.61243 -4.52694 10.4125
v 8.55582 -6.50894 11.1606
v 7.85574 -6.80868 12.1851
v 5.91236 -4.82668 11.437
f 137 138 139 140
f 141 142 143 144
f 137 138 142 141
f 138 139 143 142
f 139 140 144 143
f 140 137 141 144
o Box18
v 7.76148 -6.84819 11.5361
v 5.71764 -4.38732 11.019
v 5.39012 -4.30342 12.7126
v 7.43396 -6.76429 13.2298
v 7.91767 -6.71352 11.5596
v 5.87383 -4.25265 11.0425
v 5.54631 -4.16875 12.7362
v 7.59015 -6.62962 13.2533
f 145 146 147 148
f 149 150 151 152
f 145 146 150 149
f 146 147 151 150
f 147 148 152 151
f 148 145 149 152
o Box19
v 6.56163 -4.49375 10.4142
v 8.62993 -6.43936 11.0236
v 8.2023 -6.66459 11.756
v 6.134 -4.71898 11.1466
v 6.56162 -4.49377 10.4142
v 8.62992 -6.43937 11.0236
v 8.20229 -6.6646 11.7559
v 6.13399 -4.71899 11.1466
f 153 154 155 156
f 157 158 159 160
f 153 154 158 157
f 154 155 159 158
f 155 156 160 159
f 156 153 157 160
o Box20
v 6.35432 -4.60034 10.8158
v 8.37741 -6.57235 11.4561
v 7.88893 -6.83535 12.1895
v 5.86584 -4.86335 11.5493
v 6.35431 -4.60036 10.8158
v 8.3774 -6.57237 11.4561
v 7.88891 -6.83538 12.1895
v 5.86582 -4.86337 11.5492
f 161 162 163 164
f 165 166 167 168
f 161 162 166 165
f 162 163 167 166
f 163 164 168 167
f 164 161 165 168
o Box21
v 7.92904 -6.70279 11.6305
v 5.96867 -4.51552 11.0666
v 5.70885 -4.52788 11.9219
v 7.66922 -6.71516 12.4858
v 7.92904 -6.70279 11.6305
v 5.96868 -4.51551 11.0666
v 5.70886 -4.52787 11.9219
v 7.66922 -6.71515 12.4858
f 169 170 171 172
f 173 174 175 176
f 169 170 174 173
f 170 171 175 174
f 171 172 176 175
f 172 169 173 176
o Box22
v 7.37819 -6.72675 12.4207
v 5.5822 -4.35612 11.848
v 5.54631 -4.16875 12.7362
v 7.34231 -6.53938 13.3088
v 7.37821 -6.72674 12.4207
v 5.58221 -4.35611 11.848
v 5.54632 -4.16874 12.7362
v 7.34232 -6.53937 13.3088
f 177 178 179 180
f 181 182 183 184
f 177 178 182 181
f 178 179 183 182
f 179 180 184 183
f 180 177 181 184
o Box23
v 6.64701 -4.83608 10.398
v 4.95966 -2.22156 9.66663
v 4.14117 -2.31247 11.23
v 5.82852 -4.92699 11.9614
v 6.79709 -4.71527 10.4836
v 5.10974 -2.10075 9.75223
v 4.29125 -2.19166 11.3156
v 5.9786 -4.80618 12.047
f 185 186 187 188
f 189 190 191 192
f 185 186 190 189
f 186 187 191 190
f 187 188 192 191
f 188 185 189 192
o Box24
v 7.06551 -4.98311 10.7124
v 5.13923 -2.87633 9.74086
v 6.45732 -2.04611 8.92774
v 8.38361 -4.15289 9.89924
v 7.02935 -5.09666 10.5378
v 5.10307 -2.98989 9.5663
v 6.42117 -2.15967 8.75318
v 8.34745 -4.26644 9.72468
f 193 194 195 196
f 197 198 199 200
f 193 194 198 197
f 194 195 199 198
f 195 196 200 199
f 196 193 197 200
o Box25
v 6.79708 -4.71527 10.4836
v 5.20631 -2.40025 9.7059
v 4.64259 -2.54856 10.4175
v 6.23336 -4.86359 11.1952
v 6.79709 -4.71527 10.4836
v 5.20631 -2.40025 9.7059
v 4.64259 -2.54856 10.4175
v 6.23337 -4.86358 11.1952
f 201 202 203 204
f 205 206 207 208
f 201 202 206 205
f 202 203 207 206
f 203 204 208 207
f 204 201 205 208
o Box26
v 6.15415 -4.72245 11.12
v 4.69561 -2.20115 10.3968
v 4.341 -2.16337 11.2437
v 5.79954 -4.68467 11.9669
v 6.15416 -4.72245 11.12
v 4.69562 -2.20114 10.3968
v 4.34101 -2.16336 11.2437
v 5.79955 -4.68467 11.9669
f 209 210 211 212
f 213 214 215 216
f 209 210 214 213
f 210 211 215 214
f 211 212 216 215
f 212 209 213 216
o Box27
v 7.66909 -4.66807 10.1474
v 6.01783 -2.85475 9.15723
v 6.73235 -2.33957 8.90912
v 8.38361 -4.15288 9.89924
v 7.66909 -4.66808 10.1473
v 6.01783 -2.85476 9.15722
v 6.73235 -2.33957 8.9091
v 8.38361 -4.15289 9.89923
f 217 218 219 220
f 221 222 223 224
f 217 218 222 221
f 218 219 223 222
f 219 220 224 223
f 220 217 221 224
o Box28
v 7.57136 -4.51748 10.0596
v 5.91429 -2.44729 9.19055
v 5.2249 -2.78813 9.69312
v 6.88197 -4.85831 10.5622
v 7.57137 -4.51747 10.0596
v 5.9143 -2.44728 9.19057
v 5.22491 -2.78811 9.69314
v 6.88198 -4.8583 10.5622
f 225 226 227 228
f 229 230 231 232
f 225 226 230 229
f 226 227 231 230
f 227 228 232 231
f 228 225 229 232
o Box29
v 7.11565 -7.12372 12.0526
v 5.06758 -3.8182 11.9411
v 5.76413 -3.27694 15.194
v 7.8122 -6.58245 15.3055
v 7.72386 -6.75334 11.8607
v 5.6758 -3.44783 11.7493
v 6.37235 -2.90656 15.0022
v 8.42041 -6.21208 15.1136
f 233 234 235 236
f 237 238 239 240
f 233 234 238 237
f 234 235 239 238
f 235 236 240 239
f 236 233 237 240
o Box30
v 6.76575 -6.43631 14.2583
v 5.04359 -4.42808 13.0096
v 6.68864 -1.85088 14.8855
v 8.4108 -3.85911 16.1343
v 7.21588 -6.36051 13.7595
v 5.49372 -4.35228 12.5107
v 7.13877 -1.77508 14.3867
v 8.86093 -3.7833 15.6354
f 241 242 243 244
f 245 246 247 248
f 241 242 246 245
f 242 243 247 246
f 243 244 248 247
f 244 241 245 248
o Box31
v 7.6199 -6.84317 12.1053
v 5.61761 -4.37296 11.5566
v 5.31884 -4.23023 13.2895
v 7.32114 -6.70044 13.8382
v 7.77978 -6.70989 12.1219
v 5.77748 -4.23969 11.5732
v 5.47872 -4.09696 13.3061
v 7.48101 -6.56716 13.8547
f 249 250 251 252
f 253 254 255 256
f 249 250 254 253
f 250 251 255 254
f 251 252 256 255
f 252 249 253 256
o Box32
v 7.00166 -6.38434 13.8558
v 5.47212 -3.67546 13.2076
v 6.13926 -2.95332 14.6513
v 7.66879 -5.6622 15.2995
v 7.16324 -6.31881 13.7484
v 5.6337 -3.60993 13.1002
v 6.30084 -2.88779 14.5439
v 7.83037 -5.59667 15.1921
f 257 258 259 260
f 261 262 263 264
f 257 258 262 261
f 258 259 263 262
f 259 260 264 263
f 260 257 261 264
o Box33
v 7.77977 -6.7099 12.1219
v 5.84976 -4.50874 11.5322
v 5.53767 -4.55113 12.3954
v 7.46769 -6.75229 12.9851
v 7.77978 -6.70989 12.1219
v 5.84976 -4.50874 11.5322
v 5.53768 -4.55113 12.3954
v 7.46769 -6.75228 12.9851
f 265 266 267 268
f 269 270 271 272
f 265 266 270 269
f 266 267 271 270
f 267 268 272 271
f 268 265 269 272
o Box34
v 7.35811 -6.62183 12.918
v 5.58238 -4.24098 12.3328
v 5.50202 -4.0801 13.2313
v 7.27774 -6.46096 13.8164
v 7.35812 -6.62182 12.918
v 5.5824 -4.24097 12.3328
v 5.50204 -4.08009 13.2313
v 7.27776 -6.46095 13.8164
f 273 274 275 276
f 277 278 279 280
f 273 274 278 277
f 274 275 279 278
f 275 276 280 279
f 276 273 277 280
o Box35
v 7.16324 -6.31881 13.7484
v 5.58791 -3.82772 13.1205
v 5.76379 -3.50598 13.9556
v 7.33912 -5.99708 14.5835
v 7.16327 -6.3188 13.7483
v 5.58793 -3.8277 13.1205
v 5.76382 -3.50597 13.9556
v 7.33915 -5.99706 14.5835
f 281 282 283 284
f 285 286 287 288
f 281 282 286 285
f 282 283 287 286
f 283 284 288 287
f 284 281 285 288
o Box36
v 7.21865 -5.83739 14.5129
v 5.86843 -3.31849 13.7978
v 6.29206 -2.89766 14.4802
v 7.64228 -5.41657 15.1953
v 7.21868 -5.83738 14.5129
v 5.86846 -3.31847 13.7977
v 6.2921 -2.89765 14.4802
v 7.64232 -5.41656 15.1953
f 289 290 291 292
f 293 294 295 296
f 289 290 294 293
f 290 291 295 294
f 291 292 296 295
f 292 289 293 296
o Box37
v 7.42693 -5.20527 15.3011
v 6.40269 -2.58335 14.3518
v 7.82453 -1.81699 14.9343
v 8.84878 -4.43891 15.8836
v 7.51775 -5.2356 15.1193
v 6.4935 -2.61369 14.17
v 7.91535 -1.84733 14.7525
v 8.9396 -4.46924 15.7018
f 297 298 299 300
f 301 302 303 304
f 297 298 302 301
f 298 299 303 302
f 299 300 304 303
f 300 297 301 304
o Box38
v 6.58014 -6.68846 13.4134
v 5.10028 -3.75911 12.7568
v 6.34103 -2.68888 14.7348
v 7.82089 -5.61824 15.3915
v 6.90102 -6.58413 13.1557
v 5.42116 -3.65478 12.499
v 6.66191 -2.58455 14.4771
v 8.14177 -5.51391 15.1338
f 305 306 307 308
f 309 310 311 312
f 305 306 310 309
f 306 307 311 310
f 307 308 312 311
f 308 305 309 312
o Box39
v 7.51775 -5.2356 15.1193
v 6.39171 -2.77551 14.2799
v 7.02356 -2.32896 14.741
v 8.1496 -4.78905 15.5804
v 7.51777 -5.2356 15.1193
v 6.39173 -2.77551 14.2799
v 7.02359 -2.32896 14.741
v 8.14963 -4.78905 15.5804
f 313 314 315 316
f 317 318 319 320
f 313 314 318 317
f 314 315 319 318
f 315 316 320 319
f 316 313 317 320
o Box40
v 8.02436 -4.58605 15.4946
v 7.09441 -2.26612 14.5056
v 7.87051 -1.86953 14.7061
v 8.80046 -4.18946 15.6951
v 8.02437 -4.58606 15.4945
v 7.09442 -2.26613 14.5055
v 7.87052 -1.86954 14.706
v 8.80047 -4.18947 15.695
f 321 322 323 324
f 325 326 327 328
f 321 322 326 325
f 322 323 327 326
f 323 324 328 327
f 324 321 325 328
o Box41
v 7.04503 -6.50953 13.298
v 5.44997 -4.03344 12.6681
v 5.66597 -3.68492 13.4911
v 7.26104 -6.16101 14.121
v 7.04504 -6.50953 13.298
v 5.44997 -4.03343 12.6681
v 5.66598 -3.68492 13.4911
v 7.26105 -6.16101 14.121
f 329 330 331 332
f 333 334 335 336
f 329 330 334 333
f 330 331 335 334
f 331 332 336 335
f 332 329 333 336
o Box42
v 6.77181 -6.13059 14.2759
v 5.45271 -3.48206 13.4865
v 6.52191 -2.60949 14.6274
v 7.84102 -5.25801 15.4168
v 6.91182 -6.10565 14.1256
v 5.59271 -3.45713 13.3362
v 6.66191 -2.58455 14.4771
v 7.98102 -5.23308 15.2665
f 337 338 339 340
f 341 342 343 344
f 337 338 342 341
f 338 339 343 342
f 339 340 344 343
f 340 337 341 344
o Box43
v 6.96991 -6.07882 14.1557
v 5.59018 -3.58434 13.4305
v 6.05342 -3.13473 14.0957
v 7.43316 -5.62921 14.8209
v 6.96995 -6.07881 14.1557
v 5.59021 -3.58433 13.4305
v 6.05346 -3.13472 14.0957
v 7.43319 -5.6292 14.8209
f 345 346 347 348
f 349 350 351 352
f 345 346 350 349
f 346 347 351 350
f 347 348 352 351
f 348 345 349 352
o Box44
v 7.16112 -5.48782 14.8898
v 5.98894 -3.0605 14.0439
v 6.66191 -2.58455 14.4771
v 7.83409 -5.01187 15.323
v 7.16113 -5.48782 14.8897
v 5.98894 -3.0605 14.0439
v 6.66191 -2.58455 14.4771
v 7.83409 -5.01187 15.3229
f 353 354 355 356
f 357 358 359 360
f 353 354 358 357
f 354 355 359 358
f 355 356 360 359
f 356 353 357 360
o Box45
v 6.4361 -4.66248 8.30234
v 3.84497 -0.517104 9.63419
v 3.74183 -1.98925 14.0156
v 6.33295 -6.13463 12.6837
v 7.70147 -3.95725 8.56909
v 5.11034 0.188129 9.90094
v 5.00719 -1.28402 14.2823
v 7.59832 -5.4294 12.9505
f 361 362 363 364
f 365 366 367 368
f 361 362 366 365
f 362 363 367 366
f 363 364 368 367
f 364 361 365 368
o Box46
v 5.90309 -5.31375 15.2711
v 4.59256 -0.827799 13.1028
v 7.91806 0.493522 13.8265
v 9.22859 -3.99243 15.9948
v 6.22234 -5.64087 14.4014
v 4.91181 -1.15492 12.2331
v 8.2373 0.166404 12.9568
v 9.54783 -4.31954 15.1251
f 369 370 371 372
f 373 374 375 376
f 369 370 374 373
f 370 371 375 374
f 371 372 376 375
f 372 369 373 376
o Box47
v 7.14886 -4.93244 9.70924
v 5.73435 -2.49449 8.52763
v 3.82891 -2.20722 11.4013
v 5.24342 -4.64517 12.583
v 7.65323 -4.49873 10.0003
v 6.23873 -2.06077 8.8187
v 4.33329 -1.7735 11.6924
v 5.7478 -4.21146 12.874
f 377 378 379 380
f 381 382 383 384
f 377 378 382 381
f 378 379 383 382
f 379 380 384 383
f 380 377 381 384
o Box48
v 5.30133 -4.80068 11.5405
v 4.14275 -1.82491 10.6981
v 4.62816 -0.961023 13.0819
v 5.78673 -3.93679 13.9244
v 5.71164 -4.67725 11.4123
v 4.55306 -1.70148 10.5698
v 5.03847 -0.83759 12.9537
v 6.19705 -3.81336 13.7961
f 385 386 387 388
f 389 390 391 392
f 385 386 390 389
f 386 387 391 390
f 387 388 392 391
f 388 385 389 392
o Box49
v 5.72007 -4.53815 11.892
v 4.4473 -1.87187 11.1815
v 4.3571 -1.67754 12.0723
v 5.62988 -4.34382 12.7828
v 5.72011 -4.53814 11.892
v 4.44734 -1.87186 11.1815
v 4.35714 -1.67752 12.0723
v 5.62991 -4.3438 12.7828
f 393 394 395 396
f 397 398 399 400
f 393 394 398 397
f 394 395 399 398
f 395 396 400 399
f 396 393 397 400
o Box50
v 7.78462 -4.52041 9.25819
v 5.56096 -1.81341 8.65658
v 4.25182 -2.45966 10.5875
v 6.47548 -5.16666 11.1892
v 8.02827 -4.26452 9.50901
v 5.80461 -1.55753 8.9074
v 4.49547 -2.20378 10.8384
v 6.71913 -4.91077 11.44
f 401 402 403 404
f 405 406 407 408
f 401 402 406 405
f 402 403 407 406
f 403 404 408 407
f 404 401 405 408
o Box51
v 7.94532 -4.33224 9.74568
v 6.22324 -2.29399 8.89703
v 5.60559 -2.59991 9.41559
v 7.32767 -4.63817 10.2642
v 7.94532 -4.33224 9.74568
v 6.22324 -2.29398 8.89703
v 5.6056 -2.59991 9.41559
v 7.32768 -4.63817 10.2642
f 409 410 411 412
f 413 414 415 416
f 409 410 414 413
f 410 411 415 414
f 411 412 416 415
f 412 409 413 416
o Box52
v 6.95832 -4.76169 9.89743
v 5.19946 -2.1525 9.20703
v 4.39227 -2.30443 10.6892
v 6.15114 -4.91362 11.3796
v 7.10142 -4.64134 9.9877
v 5.34256 -2.03215 9.2973
v 4.53538 -2.18408 10.7795
v 6.29424 -4.79327 11.4699
f 417 418 419 420
f 421 422 423 424
f 417 418 422 421
f 418 419 423 422
f 419 420 424 423
f 420 417 421 424
o Box53
v 7.09021 -4.64322 10.0632
v 5.44957 -2.34484 9.31324
v 4.95171 -2.46723 10.0273
v 6.59234 -4.76561 10.7772
v 7.09021 -4.64321 10.0632
v 5.44958 -2.34483 9.31324
v 4.95171 -2.46723 10.0273
v 6.59234 -4.76561 10.7772
f 425 426 427 428
f 429 430 431 432
f 425 426 430 429
f 426 427 431 430
f 427 428 432 431
f 428 425 429 432
o Box54
v 6.32492 -4.75555 10.6374
v 4.83346 -2.24185 9.9372
v 4.53537 -2.18408 10.7795
v 6.02683 -4.69779 11.4797
v 6.32493 -4.75554 10.6374
v 4.83347 -2.24184 9.9372
v 4.53538 -2.18408 10.7795
v 6.02684 -4.69778 11.4797
f 433 434 435 436
f 437 438 439 440
f 433 434 438 437
f 434 435 439 438
f 435 436 440 439
f 436 433 437 440
o Box55
v 5.54731 -4.18456 12.7065
v 4.49516 -1.45119 11.9646
v 4.68976 -1.14878 12.8027
v 5.7419 -3.88215 13.5447
v 5.54731 -4.18456 12.7065
v 4.49517 -1.45119 11.9646
v 4.68976 -1.14878 12.8027
v 5.74191 -3.88215 13.5447
f 441 442 443 444
f 445 446 447 448
f 441 442 446 445
f 442 443 447 446
f 443 444 448 447
f 444 441 445 448
o Box56
v 5.25913 -4.82065 11.3396
v 4.07371 -1.64693 10.7057
v 4.65084 -0.956668 13.0824
v 5.83626 -4.13039 13.7163
v 5.64677 -4.70157 11.2109
v 4.46135 -1.52785 10.577
v 5.03847 -0.83759 12.9537
v 6.22389 -4.01131 13.5875
f 449 450 451 452
f 453 454 455 456
f 449 450 454 453
f 450 451 455 454
f 451 452 456 455
f 452 449 453 456
o Box57
v 5.74336 -4.65675 11.3986
v 4.44845 -1.99696 10.6981
v 4.40679 -1.7846 11.5815
v 5.7017 -4.44439 12.282
v 5.74338 -4.65674 11.3986
v 4.44848 -1.99695 10.6981
v 4.40682 -1.78459 11.5815
v 5.70173 -4.44437 12.282
f 457 458 459 460
f 461 462 463 464
f 457 458 462 461
f 458 459 463 462
f 459 460 464 463
f 460 457 461 464
o Box58
v 5.1904 -4.41565 12.3008
v 4.18938 -1.5104 11.5267
v 4.85849 -0.874413 13.0482
v 5.85951 -3.77966 13.8224
v 5.37038 -4.37882 12.2063
v 4.36936 -1.47358 11.4321
v 5.03847 -0.837591 12.9537
v 6.03949 -3.74284 13.7278
f 465 466 467 468
f 469 470 471 472
f 465 466 470 469
f 466 467 471 470
f 467 468 472 471
f 468 465 469 472
o Box59
v 5.41661 -4.36014 12.2542
v 4.34218 -1.63852 11.5082
v 4.58153 -1.31696 12.3366
v 5.65596 -4.03859 13.0826
v 5.41662 -4.36014 12.2542
v 4.34219 -1.63852 11.5082
v 4.58154 -1.31696 12.3366
v 5.65597 -4.03858 13.0826
f 473 474 475 476
f 477 478 479 480
f 473 474 478 477
f 474 475 479 478
f 475 476 480 479
f 476 473 477 480
o Box60
v 5.38403 -3.90296 13.1001
v 4.52996 -1.20809 12.2722
v 5.03844 -0.837592 12.9537
v 5.89251 -3.53246 13.7816
v 5.38406 -3.90296 13.1001
v 4.52999 -1.20809 12.2722
v 5.03847 -0.83759 12.9537
v 5.89254 -3.53246 13.7816
f 481 482 483 484
f 485 486 487 488
f 481 482 486 485
f 482 483 487 486
f 483 484 488 487
f 484 481 485 488
o Box61
v 7.21845 -5.51032 15.4044
v 3.87192 -2.03435 12.8533
v 5.96509 0.423679 13.4566
v 9.31163 -3.05229 16.0078
v 7.51111 -5.62646 14.8623
v 4.16457 -2.15049 12.3112
v 6.25775 0.307535 12.9145
v 9.60428 -3.16843 15.4656
f 489 490 491 492
f 493 494 495 496
f 489 490 494 493
f 490 491 495 494
f 491 492 496 495
f 492 489 493 496
o Box62
v 5.26111 -3.03944 14.5439
v 4.84977 -0.239862 13.1666
v 8.07455 0.463713 13.6336
v 8.48589 -2.33587 15.0109
v 5.42346 -3.34249 13.8794
v 5.01212 -0.542914 12.5021
v 8.2369 0.16066 12.9691
v 8.64824 -2.63892 14.3465
f 497 498 499 500
f 501 502 503 504
f 497 498 502 501
f 498 499 503 502
f 499 500 504 503
f 500 497 501 504
o Box63
v 7.46326 -4.75015 15.6113
v 6.53418 -2.36693 14.4955
v 8.18663 -1.66901 14.6103
v 9.11571 -4.05223 15.726
v 7.50727 -4.8228 15.4194
v 6.57819 -2.43958 14.3037
v 8.23064 -1.74166 14.4185
v 9.15971 -4.12488 15.5342
f 505 506 507 508
f 509 510 511 512
f 505 506 510 509
f 506 507 511 510
f 507 508 512 511
f 508 505 509 512
o Box64
v 5.5143 -3.69434 13.6126
v 4.81271 -0.814151 12.7382
v 5.99594 -0.19151 13.8398
v 6.69753 -3.0717 14.7142
v 5.6566 -3.70436 13.4654
v 4.95502 -0.82417 12.591
v 6.13825 -0.201529 13.6926
v 6.83983 -3.08172 14.567
f 513 514 515 516
f 517 518 519 520
f 513 514 518 517
f 514 515 519 518
f 515 516 520 519
f 516 513 517 520
o Box65
v 7.59355 -4.80848 15.4121
v 6.6009 -2.52262 14.4327
v 7.41805 -2.10075 14.5892
v 8.41069 -4.38661 15.5685
v 7.59356 -4.80849 15.412
v 6.60091 -2.52263 14.4327
v 7.41806 -2.10076 14.5891
v 8.41071 -4.38662 15.5684
f 521 522 523 524
f 525 526 527 528
f 521 522 526 525
f 522 523 527 526
f 523 524 528 527
f 524 521 525 528
o Box66
v 8.21271 -4.12205 15.6608
v 7.35443 -2.03379 14.5458
v 8.23064 -1.74165 14.4185
v 9.08891 -3.8299 15.5335
v 8.21271 -4.12206 15.6607
v 7.35444 -2.03381 14.5458
v 8.23064 -1.74166 14.4185
v 9.08891 -3.82991 15.5334
f 529 530 531 532
f 533 534 535 536
f 529 530 534 533
f 530 531 535 534
f 531 532 536 535
f 532 529 533 536
o Box67
v 5.65658 -3.70437 13.4654
v 4.83614 -0.990144 12.6496
v 5.29955 -0.640718 13.3461
v 6.11999 -3.35494 14.1619
v 5.6566 -3.70436 13.4654
v 4.83617 -0.990142 12.6496
v 5.29957 -0.640715 13.3461
v 6.12001 -3.35494 14.1619
f 537 538 539 540
f 541 542 543 544
f 537 538 542 541
f 538 539 543 542
f 539 540 544 543
f 540 537 541 544
o Box68
v 6.0348 -3.15547 14.077
v 5.43058 -0.545546 13.1507
v 6.11335 -0.215174 13.6362
v 6.71758 -2.8251 14.5625
v 6.03482 -3.15548 14.077
v 5.4306 -0.54555 13.1507
v 6.11337 -0.215178 13.6362
v 6.7176 -2.8251 14.5625
f 545 546 547 548
f 549 550 551 552
f 545 546 550 549
f 546 547 551 550
f 547 548 552 551
f 548 545 549 552
o Box69
v 5.90672 -3.02663 14.4181
v 4.77172 -0.848197 13.1689
v 7.12911 0.578591 13.5152
v 8.26411 -1.59984 14.7643
v 6.0348 -3.15547 14.077
v 4.8998 -0.977041 12.8279
v 7.25719 0.449746 13.1741
v 8.39219 -1.72869 14.4232
f 553 554 555 556
f 557 558 559 560
f 553 554 558 557
f 554 555 559 558
f 555 556 560 559
f 556 553 557 560
o Box70
v 5.84734 -2.50967 14.7556
v 5.65057 0.166317 13.3391
v 8.2207 0.359702 13.3474
v 8.41747 -2.31629 14.7639
v 5.86354 -2.70871 14.3773
v 5.66677 -0.032725 12.9608
v 8.2369 0.16066 12.9691
v 8.43367 -2.51533 14.3856
f 561 562 563 564
f 565 566 567 568
f 561 562 566 565
f 562 563 567 566
f 563 564 568 567
f 564 561 565 568
o Box71
v 6.60655 -2.51809 14.6527
v 6.3159 0.0276268 13.4231
v 7.9871 0.2894 13.57
v 8.27774 -2.25632 14.7996
v 6.63629 -2.60409 14.4676
v 6.34565 -0.0583717 13.238
v 8.01684 0.203401 13.3849
v 8.30748 -2.34232 14.6145
f 569 570 571 572
f 573 574 575 576
f 569 570 574 573
f 570 571 575 574
f 571 572 576 575
f 572 569 573 576
o Box72
v 5.64837 -3.34142 13.8339
v 4.99236 -0.755653 12.8989
v 5.7225 -0.404301 13.3583
v 6.3785 -2.99007 14.2933
v 5.6484 -3.34143 13.8338
v 4.99239 -0.755661 12.8988
v 5.72253 -0.404309 13.3582
v 6.37854 -2.99008 14.2932
f 577 578 579 580
f 581 582 583 584
f 577 578 582 581
f 578 579 583 582
f 579 580 584 583
f 580 577 581 584
o Box73
v 6.63629 -2.60409 14.4676
v 6.20636 -0.172826 13.4044
v 7.03323 0.0753576 13.6376
v 7.46316 -2.35591 14.7008
v 6.6363 -2.6041 14.4676
v 6.20637 -0.172835 13.4044
v 7.03324 0.0753492 13.6376
v 7.46317 -2.35591 14.7007
f 585 586 587 588
f 589 590 591 592
f 585 586 590 589
f 586 587 591 590
f 587 588 592 591
f 588 585 589 592
o Box74
v 7.38852 -2.1167 14.5901
v 7.06779 0.0809357 13.3776
v 7.94809 0.194349 13.3503
v 8.26882 -2.00329 14.5628
v 7.38852 -2.11672 14.5901
v 7.06779 0.080917 13.3776
v 7.94809 0.19433 13.3503
v 8.26882 -2.00331 14.5628
f 593 594 595 596
f 597 598 599 600
f 593 594 598 597
f 594 595 599 598
f 595 596 600 599
f 596 593 597 600
o Box75
v 6.04927 -2.65741 14.5588
v 5.63802 -0.167199 13.3685
v 7.38613 0.210652 13.555
v 7.79738 -2.27956 14.7454
v 6.08749 -2.74121 14.3703
v 5.67625 -0.250995 13.18
v 7.42436 0.126857 13.3665
v 7.83561 -2.36336 14.5569
f 601 602 603 604
f 605 606 607 608
f 601 602 606 605
f 602 603 607 606
f 603 604 608 607
f 604 601 605 608
o Box76
v 7.73323 -1.71611 14.612
v 7.37366 0.227232 13.3058
v 8.2369 0.160661 12.9691
v 8.59648 -1.78268 14.2753
v 7.73323 -1.71611 14.612
v 7.37366 0.227227 13.3058
v 8.2369 0.160656 12.9691
v 8.59648 -1.78268 14.2753
f 609 610 611 612
f 613 614 615 616
f 609 610 614 613
f 610 611 615 614
f 611 612 616 615
f 612 609 613 616
o Box77
v 6.17578 -2.74347 14.3671
v 5.67701 -0.333912 13.3109
v 6.5511 -0.0693536 13.5016
v 7.04988 -2.47891 14.5579
v 6.1758 -2.74348 14.367
v 5.67702 -0.33393 13.3108
v 6.55112 -0.0693717 13.5016
v 7.04989 -2.47893 14.5578
f 617 618 619 620
f 621 622 623 624
f 617 618 622 621
f 618 619 623 622
f 619 620 624 623
f 620 617 621 624
o Box78
v 6.90031 -2.18001 14.6367
v 6.50385 0.00753558 13.4544
v 7.42436 0.12686 13.3665
v 7.82082 -2.06068 14.5488
v 6.90031 -2.18001 14.6367
v 6.50385 0.00753236 13.4544
v 7.42436 0.126857 13.3665
v 7.82082 -2.06068 14.5488
f 625 626 627 628
f 629 630 631 632
f 625 626 630 629
f 626 627 631 630
f 627 628 632 631
f 628 625 629 632
o Box79
v 7.61832 -6.88966 11.4268
v 5.91445 -2.52746 9.57175
v 9.61345 -0.411965 11.1488
v 11.3173 -4.77416 13.0039
v 8.30635 -7.15552 10.1697
v 6.60248 -2.79332 8.31461
v 10.3015 -0.677831 9.89168
v 12.0054 -5.04003 11.7467
f 633 634 635 636
f 637 638 639 640
f 633 634 638 637
f 634 635 639 638
f 635 636 640 639
f 636 633 637 640
o Box80
v 11.423 -1.13383 9.89524
v 12.3932 -4.79925 13.9532
v 9.315 -2.71198 16.5745
v 8.3448 0.953434 12.5165
v 10.3053 -2.06337 9.32284
v 11.2755 -5.72879 13.3808
v 8.19727 -3.64152 16.0021
v 7.22708 0.0238924 11.9441
f 641 642 643 644
f 645 646 647 648
f 641 642 646 645
f 642 643 647 646
f 643 644 648 647
f 644 641 645 648
o Box81
v 7.25631 -7.0332 10.2183
v 11.7581 -6.26093 11.6194
v 11.4567 -2.58777 10.563
v 6.95497 -3.36004 9.1619
v 6.93596 -6.80038 11.1192
v 11.4377 -6.02811 12.5204
v 11.1364 -2.35494 11.464
v 6.63462 -3.12721 10.0628
f 649 650 651 652
f 653 654 655 656
f 649 650 654 653
f 650 651 655 654
f 651 652 656 655
f 652 649 653 656
o Box82
v 7.10798 -4.22557 8.21785
v 10.7376 -4.15833 11.2067
v 10.8204 -0.661373 11.0275
v 7.19075 -0.728619 8.03866
v 6.38037 -4.16315 9.10004
v 10.01 -4.0959 12.0889
v 10.0927 -0.598947 11.9097
v 6.46314 -0.666192 8.92085
f 657 658 659 660
f 661 662 663 664
f 657 658 662 661
f 658 659 663 662
f 659 660 664 663
f 660 657 661 664
o Box83
v 6.40249 -5.27269 10.4041
v 8.8103 -7.05051 11.391
v 10.7412 -4.98814 10.3953
v 8.33336 -3.21032 9.40838
v 6.39074 -5.08211 10.776
v 8.79856 -6.85993 11.7629
v 10.7294 -4.79757 10.7672
v 8.32161 -3.01975 9.78034
f 665 666 667 668
f 669 670 671 672
f 665 666 670 669
f 666 667 671 670
f 667 668 672 671
f 668 665 669 672
o Box84
v 10.4265 -6.10395 11.3898
v 8.10682 -4.88091 9.7219
v 9.08677 -2.05891 10.4284
v 11.4064 -3.28196 12.0963
v 10.6631 -6.10377 11.0608
v 8.34349 -4.88073 9.39287
v 9.32344 -2.05873 10.0993
v 11.6431 -3.28177 11.7672
f 673 674 675 676
f 677 678 679 680
f 673 674 678 677
f 674 675 679 678
f 675 676 680 679
f 676 673 677 680
o Box85
v 6.75475 -4.829 10.3286
v 9.19874 -6.45649 11.1314
v 10.1497 -5.39834 10.3815
v 7.70573 -3.77085 9.57867
v 6.77047 -4.719 10.5037
v 9.21446 -6.3465 11.3066
v 10.1654 -5.28835 10.5566
v 7.72145 -3.66086 9.7538
f 681 682 683 684
f 685 686 687 688
f 681 682 686 685
f 682 683 687 686
f 683 684 688 687
f 684 681 685 688
o Box86
v 6.60514 -5.04098 10.2309
v 8.5401 -6.89851 11.2505
v 10.5852 -5.17117 10.5164
v 8.6502 -3.31364 9.4968
v 6.58549 -4.86768 10.5839
v 8.52045 -6.72521 11.6035
v 10.5655 -4.99787 10.8694
v 8.63054 -3.14034 9.84982
f 689 690 691 692
f 693 694 695 696
f 689 690 694 693
f 690 691 695 694
f 691 692 696 695
f 692 689 693 696
o Box87
v 6.77046 -4.719 10.5037
v 8.87486 -6.3928 11.2124
v 9.39452 -5.96757 10.6736
v 7.29012 -4.29378 9.96493
v 6.77047 -4.71899 10.5037
v 8.87486 -6.39279 11.2124
v 9.39452 -5.96756 10.6736
v 7.29013 -4.29376 9.96495
f 697 698 699 700
f 701 702 703 704
f 697 698 702 701
f 698 699 703 702
f 699 700 704 703
f 700 697 701 704
o Box88
v 7.54149 -4.52796 10.0708
v 9.60118 -5.93388 10.9247
v 10.1289 -5.34419 10.6228
v 8.06919 -3.93827 9.76888
v 7.54149 -4.52795 10.0709
v 9.60118 -5.93387 10.9248
v 10.1289 -5.34418 10.6228
v 8.06919 -3.93826 9.76891
f 705 706 707 708
f 709 710 711 712
f 705 706 710 709
f 706 707 711 710
f 707 708 712 711
f 708 705 709 712
o Box89
v 8.35408 -4.16886 9.90014
v 10.2879 -5.34722 10.9288
v 10.7434 -4.64506 10.8768
v 8.80958 -3.46671 9.84818
v 8.35408 -4.16886 9.90015
v 10.2879 -5.34721 10.9288
v 10.7434 -4.64506 10.8768
v 8.80958 -3.46671 9.84819
f 713 714 715 716
f 717 718 719 720
f 713 714 718 717
f 714 715 719 718
f 715 716 720 719
f 716 713 717 720
o Box90
v 6.35768 -5.20254 10.6711
v 8.68619 -6.9066 11.4909
v 9.77667 -5.82776 10.636
v 7.44815 -4.12369 9.81626
v 6.38062 -5.08691 10.8463
v 8.70914 -6.79097 11.6661
v 9.79961 -5.71213 10.8112
v 7.4711 -4.00806 9.99146
f 721 722 723 724
f 725 726 727 728
f 721 722 726 725
f 722 723 727 726
f 723 724 728 727
f 724 721 725 728
o Box91
v 6.44667 -4.98067 10.7948
v 8.49355 -6.69886 11.5271
v 9.07887 -6.22587 11.0009
v 7.03199 -4.50768 10.2686
v 6.44668 -4.98065 10.7949
v 8.49356 -6.69884 11.5272
v 9.07887 -6.22585 11.0009
v 7.032 -4.50766 10.2686
f 729 730 731 732
f 733 734 735 736
f 729 730 734 733
f 730 731 735 734
f 731 732 736 735
f 732 729 733 736
o Box92
v 7.21057 -4.89043 10.2223
v 9.21042 -6.35752 11.0808
v 9.79961 -5.71214 10.8112
v 7.79976 -4.24506 9.95266
v 7.21057 -4.89042 10.2223
v 9.21042 -6.35751 11.0808
v 9.79961 -5.71213 10.8112
v 7.79976 -4.24505 9.95268
f 737 738 739 740
f 741 742 743 744
f 737 738 742 741
f 738 739 743 742
f 739 740 744 743
f 740 737 741 744
o Box93
v 9.05063 -4.32957 9.6545
v 11.005 -5.36291 11.1907
v 11.3918 -3.82037 11.7362
v 9.43742 -2.78703 10.2
v 8.91715 -4.35105 9.80988
v 10.8716 -5.38439 11.3461
v 11.2584 -3.84185 11.8916
v 9.30394 -2.80851 10.3554
f 745 746 747 748
f 749 750 751 752
f 745 746 750 749
f 746 747 751 750
f 747 748 752 751
f 748 745 749 752
o Box94
v 8.33538 -4.70975 9.43644
v 10.4812 -6.08631 10.9556
v 11.6554 -3.43652 11.6981
v 9.50961 -2.05996 10.1789
v 8.11803 -4.70155 9.75089
v 10.2638 -6.0781 11.27
v 11.438 -3.42831 12.0125
v 9.29225 -2.05176 10.4934
f 753 754 755 756
f 757 758 759 760
f 753 754 758 757
f 754 755 759 758
f 755 756 760 759
f 756 753 757 760
o Box95
v 8.91344 -4.15542 9.86423
v 10.626 -5.24014 11.0346
v 10.9593 -4.44363 11.2852
v 9.24667 -3.35891 10.1148
v 8.91342 -4.15542 9.86425
v 10.626 -5.24014 11.0346
v 10.9593 -4.44363 11.2852
v 9.24666 -3.35891 10.1149
f 761 762 763 764
f 765 766 767 768
f 761 762 766 765
f 762 763 767 766
f 763 764 768 767
f 764 761 765 768
o Box96
v 9.64921 -3.59606 10.1216
v 11.1439 -4.60114 11.4438
v 11.2584 -3.84185 11.8916
v 9.76363 -2.83677 10.5694
v 9.6492 -3.59606 10.1216
v 11.1439 -4.60114 11.4438
v 11.2583 -3.84186 11.8916
v 9.76362 -2.83677 10.5694
f 769 770 771 772
f 773 774 775 776
f 769 770 774 773
f 770 771 775 774
f 771 772 776 775
f 772 769 773 776
o Box97
v 9.11022 -3.68505 10.0122
v 10.8476 -4.70965 11.2202
v 11.1642 -3.95561 11.4044
v 9.42682 -2.93102 10.1964
v 9.11021 -3.68505 10.0122
v 10.8476 -4.70965 11.2202
v 11.1642 -3.95561 11.4044
v 9.42681 -2.93102 10.1965
f 777 778 779 780
f 781 782 783 784
f 777 778 782 781
f 778 779 783 782
f 779 780 784 783
f 780 777 781 784
o Box98
v 8.15582 -4.54323 9.77904
v 9.42299 -2.07501 10.636
v 11.4025 -3.56106 11.9891
v 10.1353 -6.02928 11.1321
v 8.36374 -4.54405 9.47396
v 9.63091 -2.07583 10.3309
v 11.6104 -3.56189 11.684
v 10.3433 -6.0301 10.8271
f 785 786 787 788
f 789 790 791 792
f 785 786 790 789
f 786 787 791 790
f 787 788 792 791
f 788 785 789 792
o Box99
v 8.06671 -4.60415 9.89933
v 9.95241 -5.85094 10.9085
v 10.4527 -5.09317 10.9099
v 8.56698 -3.84638 9.90075
v 8.0667 -4.60415 9.89934
v 9.9524 -5.85094 10.9085
v 10.4527 -5.09317 10.91
v 8.56697 -3.84638 9.90076
f 793 794 795 796
f 797 798 799 800
f 793 794 798 797
f 794 795 799 798
f 795 796 800 799
f 796 793 797 800
o Box100
v 9.7187 -3.13487 10.3936
v 11.2127 -4.10382 11.7552
v 11.3422 -3.36079 12.1419
v 9.84818 -2.39184 10.7803
v 9.71867 -3.13488 10.3936
v 11.2127 -4.10383 11.7553
v 11.3422 -3.3608 12.1419
v 9.84816 -2.39185 10.7803
f 801 802 803 804
f 805 806 807 808
f 801 802 806 805
f 802 803 807 806
f 803 804 808 807
f 804 801 805 808
o Box101
v 6.50925 -2.82646 8.58935
v 8.87422 -4.54779 10.1366
v 10.2693 -2.63676 10.1303
v 7.90432 -0.915434 8.58302
v 6.32653 -2.69165 9.01862
v 8.69149 -4.41297 10.5659
v 10.0866 -2.50195 10.5596
v 7.72159 -0.780621 9.01229
f 809 810 811 812
f 813 814 815 816
f 809 810 814 813
f 810 811 815 814
f 811 812 816 815
f 812 809 813 816
o Box102
v 9.98853 -3.47877 10.8295
v 8.7209 -2.08294 9.103
v 9.0322 -0.246585 10.3591
v 10.2998 -1.64241 12.0856
v 10.1477 -3.44466 10.7402
v 8.88008 -2.04884 9.01369
v 9.19139 -0.212482 10.2698
v 10.459 -1.60831 11.9963
f 817 818 819 820
f 821 822 823 824
f 817 818 822 821
f 818 819 823 822
f 819 820 824 823
f 820 817 821 824
o Box103
v 6.45654 -2.64829 8.83207
v 8.51258 -4.39522 10.0273
v 9.60618 -3.28827 9.764
v 7.55015 -1.54134 8.56877
v 6.41817 -2.56611 9.0182
v 8.47421 -4.31304 10.2134
v 9.56781 -3.20609 9.95012
v 7.51177 -1.45915 8.75489
f 825 826 827 828
f 829 830 831 832
f 825 826 830 829
f 826 827 831 830
f 827 828 832 831
f 828 825 829 832
o Box104
v 8.55869 -4.4081 10.1476
v 6.99322 -2.70723 8.8035
v 8.38602 -1.13171 9.17502
v 9.95148 -2.83259 10.5192
v 8.66309 -4.45711 9.96404
v 7.09763 -2.75623 8.6199
v 8.49042 -1.18072 8.99141
v 10.0559 -2.88159 10.3356
f 833 834 835 836
f 837 838 839 840
f 833 834 838 837
f 834 835 839 838
f 835 836 840 839
f 836 833 837 840
o Box105
v 6.41817 -2.56611 9.0182
v 8.13929 -4.33114 10.0064
v 8.7854 -3.85973 9.72304
v 7.06428 -2.0947 8.73487
v 6.41817 -2.5661 9.01821
v 8.13929 -4.33114 10.0064
v 8.7854 -3.85973 9.72305
v 7.06428 -2.0947 8.73488
f 841 842 843 844
f 845 846 847 848
f 841 842 846 845
f 842 843 847 846
f 843 844 848 847
f 844 841 845 848
o Box106
v 7.29143 -2.36989 8.88305
v 8.92297 -3.88431 10.0356
v 9.508 -3.28303 9.99747
v 7.87646 -1.76861 8.84495
v 7.29142 -2.36989 8.88306
v 8.92296 -3.8843 10.0356
v 9.50799 -3.28302 9.99749
v 7.87645 -1.76861 8.84497
f 849 850 851 852
f 853 854 855 856
f 849 850 854 853
f 850 851 855 854
f 851 852 856 855
f 852 849 853 856
o Box107
v 6.94883 -2.95639 8.6776
v 8.7928 -4.524 10.0777
v 9.83021 -3.16453 10.2336
v 7.98625 -1.59691 8.83342
v 6.85594 -2.90599 8.85636
v 8.6999 -4.47361 10.2565
v 9.73732 -3.11413 10.4123
v 7.89336 -1.54652 9.01219
f 857 858 859 860
f 861 862 863 864
f 857 858 862 861
f 858 859 863 862
f 859 860 864 863
f 860 857 861 864
o Box108
v 8.12004 -2.03495 9.02642
v 9.57873 -3.35662 10.3447
v 10.0259 -2.67281 10.5354
v 8.56726 -1.35113 9.21715
v 8.12004 -2.03495 9.02643
v 9.57872 -3.35662 10.3447
v 10.0259 -2.67281 10.5354
v 8.56726 -1.35113 9.21716
f 865 866 867 868
f 869 870 871 872
f 865 866 870 869
f 866 867 871 870
f 867 868 872 871
f 868 865 869 872
o Box109
v 8.4993 -4.31413 10.0047
v 6.92693 -2.7413 8.87329
v 7.56346 -2.09269 8.89034
v 9.13584 -3.66551 10.0217
v 8.49931 -4.31414 10.0046
v 6.92694 -2.74131 8.87327
v 7.56347 -2.0927 8.89032
v 9.13584 -3.66552 10.0217
f 873 874 875 876
f 877 878 879 880
f 873 874 878 877
f 874 875 879 878
f 875 876 880 879
f 876 873 877 880
o Box110
v 9.26867 -3.83827 10.1546
v 7.84431 -2.46099 8.87481
v 8.31296 -1.73685 9.13252
v 9.73731 -3.11413 10.4123
v 9.26867 -3.83827 10.1546
v 7.84432 -2.46099 8.8748
v 8.31297 -1.73686 9.13251
v 9.73732 -3.11413 10.4123
f 881 882 883 884
f 885 886 887 888
f 881 882 886 885
f 882 883 887 886
f 883 884 888 887
f 884 881 885 888
o Box111
v 8.85807 -2.20308 8.98536
v 10.2061 -3.47055 10.859
v 10.3999 -2.04986 11.6806
v 9.05193 -0.782392 9.80692
v 8.68294 -2.23827 9.08754
v 10.0309 -3.50574 10.9612
v 10.2248 -2.08505 11.7828
v 8.87681 -0.817586 9.9091
f 889 890 891 892
f 893 894 895 896
f 889 890 894 893
f 890 891 895 894
f 891 892 896 895
f 892 889 893 896
o Box112
v 8.98005 -1.56133 9.33628
v 10.3074 -2.79272 11.2773
v 10.4193 -1.43181 12.0642
v 9.09193 -0.200413 10.1231
v 8.80405 -1.60165 9.43106
v 10.1315 -2.83305 11.3721
v 10.2433 -1.47214 12.159
v 8.91593 -0.240741 10.2179
f 897 898 899 900
f 901 902 903 904
f 897 898 902 901
f 898 899 903 902
f 899 900 904 903
f 900 897 901 904
o Box113
v 9.87807 -3.29892 10.5791
v 8.66038 -2.04556 9.16191
v 8.89782 -1.31188 9.60677
v 10.1155 -2.56524 11.0239
v 9.87809 -3.29892 10.5791
v 8.6604 -2.04556 9.1619
v 8.89783 -1.31188 9.60676
v 10.1155 -2.56524 11.0239
f 905 906 907 908
f 909 910 911 912
f 905 906 910 909
f 906 907 911 910
f 907 908 912 911
f 908 905 909 912
o Box114
v 10.2491 -2.76421 11.2217
v 9.27604 -1.54264 9.70085
v 9.2517 -0.863485 10.2619
v 10.2248 -2.08505 11.7828
v 10.2491 -2.76421 11.2217
v 9.27605 -1.54264 9.70085
v 9.25171 -0.863484 10.2619
v 10.2248 -2.08505 11.7828
f 913 914 915 916
f 917 918 919 920
f 913 914 918 917
f 914 915 919 918
f 915 916 920 919
f 916 913 917 920
o Box115
v 10.0265 -2.81748 10.8881
v 8.80405 -1.60165 9.43106
v 9.05542 -0.888857 9.81495
v 10.2779 -2.10468 11.272
v 10.0266 -2.81748 10.8881
v 8.80406 -1.60165 9.43105
v 9.05543 -0.888856 9.81494
v 10.2779 -2.10468 11.272
f 921 922 923 924
f 925 926 927 928
f 921 922 926 925
f 922 923 927 926
f 923 924 928 927
f 924 921 925 928
o Box116
v 9.26098 -1.12228 10.0481
v 10.2188 -2.33449 11.5905
v 10.2352 -1.64968 12.1185
v 9.27741 -0.43747 10.5761
v 9.26097 -1.12229 10.0481
v 10.2188 -2.3345 11.5905
v 10.2352 -1.64968 12.1185
v 9.2774 -0.437473 10.5761
f 929 930 931 932
f 933 934 935 936
f 929 930 934 933
f 930 931 935 934
f 931 932 936 935
f 932 929 933 936
o Box117
v 11.0088 -3.79853 11.0356
v 8.38057 -0.0584321 10.519
v 7.20311 -0.373312 14.2301
v 9.83137 -4.11341 14.7467
v 11.9439 -3.09218 11.3922
v 9.31565 0.647919 10.8756
v 8.13819 0.333038 14.5868
v 10.7664 -3.40706 15.1033
f 937 938 939 940
f 941 942 943 944
f 937 938 942 941
f 938 939 943 942
f 939 940 944 943
f 940 937 941 944
o Box118
v 9.51001 -1.89988 10.7509
v 7.31494 -2.26188 15.0399
v 9.01752 -4.39275 15.7314
v 11.2126 -4.03074 11.4424
v 10.4644 -0.952832 11.3193
v 8.26936 -1.31484 15.6083
v 9.97194 -3.4457 16.2998
v 12.167 -3.08369 12.0108
f 945 946 947 948
f 949 950 951 952
f 945 946 950 949
f 946 947 951 950
f 947 948 952 951
f 948 945 949 952
o Box119
v 11.215 -4.01511 12.5096
v 9.34851 -1.60734 9.96553
v 8.9845 -0.508882 11.2722
v 10.851 -2.91666 13.8163
v 11.5542 -3.82298 12.4426
v 9.68772 -1.41521 9.8985
v 9.32372 -0.316747 11.2052
v 11.1902 -2.72452 13.7493
f 953 954 955 956
f 957 958 959 960
f 953 954 958 957
f 954 955 959 958
f 955 956 960 959
f 956 953 957 960
o Box120
v 10.1912 -0.495463 10.9277
v 10.1324 -2.55314 13.9162
v 8.27731 -1.03965 14.9218
v 8.33613 1.01802 11.9332
v 9.72055 -0.887057 10.6488
v 9.66172 -2.94473 13.6373
v 7.80665 -1.43124 14.6429
v 7.86547 0.626427 11.6543
f 961 962 963 964
f 965 966 967 968
f 961 962 966 965
f 962 963 967 966
f 963 964 968 967
f 964 961 965 968
o Box121
v 10.2721 -2.47275 10.955
v 11.5391 -3.60243 12.8946
v 11.0215 -2.44379 13.9075
v 9.75448 -1.31411 11.9679
v 10.1061 -2.58469 10.9982
v 11.3731 -3.71436 12.9378
v 10.8555 -2.55573 13.9508
v 9.58851 -1.42605 12.0111
f 969 970 971 972
f 973 974 975 976
f 969 970 974 973
f 970 971 975 974
f 971 972 976 975
f 972 969 973 976
o Box122
v 9.61502 -1.01169 10.4273
v 10.3383 -2.3014 11.9973
v 10.052 -1.73146 12.5973
v 9.32877 -0.441758 11.0273
v 9.61499 -1.01171 10.4273
v 10.3382 -2.30141 11.9973
v 10.052 -1.73147 12.5973
v 9.32874 -0.441771 11.0273
f 977 978 979 980
f 981 982 983 984
f 977 978 982 981
f 978 979 983 982
f 979 980 984 983
f 980 977 981 984
o Box123
v 10.1061 -2.58469 10.9982
v 11.3457 -3.60392 12.4592
v 11.258 -2.93459 13.0005
v 10.0185 -1.91536 11.5396
v 10.1061 -2.5847 10.9982
v 11.3457 -3.60392 12.4592
v 11.258 -2.9346 13.0005
v 10.0184 -1.91537 11.5396
f 985 986 987 988
f 989 990 991 992
f 985 986 990 989
f 986 987 991 990
f 987 988 992 991
f 988 985 989 992
o Box124
v 11.2414 -3.26337 13.2422
v 10.2258 -2.10087 11.7532
v 9.90824 -1.56695 12.3866
v 10.9239 -2.72945 13.8756
v 11.2414 -3.26335 13.2422
v 10.2258 -2.10086 11.7532
v 9.90826 -1.56694 12.3866
v 10.9239 -2.72943 13.8756
f 993 994 995 996
f 997 998 999 1000
f 993 994 998 997
f 994 995 999 998
f 995 996 1000 999
f 996 993 997 1000
o Box125
v 9.63645 -0.528723 10.842
v 10.2639 -2.09543 12.6825
v 9.43 -1.11144 13.8043
v 8.80259 0.455265 11.9638
v 9.4357 -0.654655 10.8032
v 10.0631 -2.22136 12.6437
v 9.22924 -1.23737 13.7656
v 8.60183 0.329332 11.9251
f 1001 1002 1003 1004
f 1005 1006 1007 1008
f 1001 1002 1006 1005
f 1002 1003 1007 1006
f 1003 1004 1008 1007
f 1004 1001 1005 1008
o Box126
v 9.64544 -2.1466 13.6633
v 9.32556 -0.162482 12.0391
v 7.88084 0.231957 12.8055
v 8.20072 -1.75216 14.4297
v 9.76397 -2.00447 13.8136
v 9.44409 -0.0203495 12.1894
v 7.99938 0.374089 12.9558
v 8.31925 -1.61003 14.58
f 1009 1010 1011 1012
f 1013 1014 1015 1016
f 1009 1010 1014 1013
f 1010 1011 1015 1014
f 1011 1012 1016 1015
f 1012 1009 1013 1016
o Box127
v 9.61263 -0.547648 10.8309
v 10.2213 -2.05992 12.7844
v 9.42498 -1.01652 13.8403
v 8.81628 0.495752 11.8868
v 9.43569 -0.654655 10.8032
v 10.0444 -2.16693 12.7567
v 9.24805 -1.12353 13.8126
v 8.63934 0.388744 11.8591
f 1017 1018 1019 1020
f 1021 1022 1023 1024
f 1017 1018 1022 1021
f 1018 1019 1023 1022
f 1019 1020 1024 1023
f 1020 1017 1021 1024
o Box128
v 9.63498 -0.517382 11.2539
v 10.1417 -1.96608 12.8081
v 9.61798 -1.54714 13.3694
v 9.11123 -0.0984438 11.8152
v 9.63495 -0.517404 11.2539
v 10.1417 -1.9661 12.8081
v 9.61795 -1.54716 13.3694
v 9.1112 -0.0984657 11.8152
f 1025 1026 1027 1028
f 1029 1030 1031 1032
f 1025 1026 1030 1029
f 1026 1027 1031 1030
f 1027 1028 1032 1031
f 1028 1025 1029 1032
o Box129
v 9.43569 -0.654656 10.8032
v 10.1443 -1.96178 12.3623
v 9.90493 -1.36433 12.972
v 9.19636 -0.0571989 11.4129
v 9.43568 -0.654662 10.8032
v 10.1442 -1.96179 12.3623
v 9.90491 -1.36433 12.972
v 9.19634 -0.0572057 11.4129
f 1033 1034 1035 1036
f 1037 1038 1039 1040
f 1033 1034 1038 1037
f 1034 1035 1039 1038
f 1035 1036 1040 1039
f 1036 1033 1037 1040
o Box130
v 9.82133 -1.73432 13.1171
v 9.30709 -0.255198 11.6052
v 8.81426 0.198208 12.2164
v 9.3285 -1.28091 13.7283
v 9.82137 -1.73429 13.1171
v 9.30713 -0.255171 11.6052
v 8.8143 0.198236 12.2164
v 9.32854 -1.28088 13.7283
f 1041 1042 1043 1044
f 1045 1046 1047 1048
f 1041 1042 1046 1045
f 1042 1043 1047 1046
f 1043 1044 1048 1047
f 1044 1041 1045 1048
o Box131
v 9.65484 -2.16618 13.759
v 9.44762 -0.15686 12.0693
v 7.9935 0.257161 12.74
v 8.20072 -1.75216 14.4297
v 9.75231 -2.04258 13.894
v 9.54509 -0.0332546 12.2044
v 8.09098 0.380766 12.875
v 8.2982 -1.62856 14.5647
f 1049 1050 1051 1052
f 1053 1054 1055 1056
f 1049 1050 1054 1053
f 1050 1051 1055 1054
f 1051 1052 1056 1055
f 1052 1049 1053 1056
o Box132
v 9.28754 -1.67178 13.7779
v 8.89075 0.0279461 12.3574
v 8.17855 0.295477 12.8764
v 8.57533 -1.40425 14.297
v 9.28758 -1.67174 13.7779
v 8.8908 0.0279853 12.3574
v 8.17859 0.295516 12.8765
v 8.57537 -1.40421 14.297
f 1057 1058 1059 1060
f 1061 1062 1063 1064
f 1057 1058 1062 1061
f 1058 1059 1063 1062
f 1059 1060 1064 1063
f 1060 1057 1061 1064
o Box133
v 8.20073 -1.75214 14.4297
v 7.907 0.182999 13.0724
v 8.74713 0.126139 12.8095
v 9.04085 -1.809 14.1668
v 8.20072 -1.75216 14.4297
v 7.907 0.182982 13.0723
v 8.74712 0.126122 12.8095
v 9.04084 -1.80902 14.1668
f 1065 1066 1067 1068
f 1069 1070 1071 1072
f 1065 1066 1070 1069
f 1066 1067 1071 1070
f 1067 1068 1072 1071
f 1068 1065 1069 1072
o Box134
v 9.6904 -1.79591 13.5592
v 9.33329 -0.121431 12.0812
v 8.61791 0.120131 12.5278
v 8.97501 -1.55435 14.0057
v 9.69041 -1.7959 13.5592
v 9.33331 -0.121417 12.0812
v 8.61792 0.120145 12.5278
v 8.97502 -1.55434 14.0057
f 1073 1074 1075 1076
f 1077 1078 1079 1080
f 1073 1074 1078 1077
f 1074 1075 1079 1078
f 1075 1076 1080 1079
f 1076 1073 1077 1080
o Box135
v 10.939 -3.03792 10.4555
v 12.0415 -4.25081 13.16
v 10.4256 -2.03449 14.8126
v 9.32316 -0.821591 12.1081
v 10.6178 -3.28654 10.4749
v 11.7203 -4.49944 13.1794
v 10.1045 -2.28311 14.832
v 9.002 -1.07021 12.1275
f 1081 1082 1083 1084
f 1085 1086 1087 1088
f 1081 1082 1086 1085
f 1082 1083 1087 1086
f 1083 1084 1088 1087
f 1084 1081 1085 1088
o Box136
v 10.8877 -3.99118 14.716
v 10.2205 -1.66211 12.9712
v 7.97659 -1.63767 13.8618
v 8.64372 -3.96673 15.6066
v 11.0315 -3.6848 15.07
v 10.3644 -1.35574 13.3252
v 8.12042 -1.3313 14.2158
v 8.78755 -3.66036 15.9606
f 1089 1090 1091 1092
f 1093 1094 1095 1096
f 1089 1090 1094 1093
f 1090 1091 1095 1094
f 1091 1092 1096 1095
f 1092 1089 1093 1096
o Box137
v 10.4548 -3.03615 10.505
v 11.758 -4.14 12.4369
v 11.2867 -2.94837 13.4356
v 9.98363 -1.84453 11.5038
v 10.287 -3.14518 10.5559
v 11.5901 -4.24903 12.4878
v 11.1189 -3.0574 13.4865
v 9.8158 -1.95356 11.5547
f 1097 1098 1099 1100
f 1101 1102 1103 1104
f 1097 1098 1102 1101
f 1098 1099 1103 1102
f 1099 1100 1104 1103
f 1100 1097 1101 1104
o Box138
v 11.2258 -3.25367 13.6117
v 10.2875 -1.86222 12.2829
v 9.52249 -1.4512 13.2535
v 10.4608 -2.84265 14.5823
v 11.2446 -3.23452 13.6184
v 10.3064 -1.84306 12.2896
v 9.54134 -1.43205 13.2602
v 10.4796 -2.8235 14.589
f 1105 1106 1107 1108
f 1109 1110 1111 1112
f 1105 1106 1110 1109
f 1106 1107 1111 1110
f 1107 1108 1112 1111
f 1108 1105 1109 1112
o Box139
v 10.184 -2.99126 10.6413
v 11.4392 -4.01501 12.0815
v 11.3138 -3.36042 12.6561
v 10.0586 -2.33667 11.2159
v 10.184 -2.99127 10.6413
v 11.4392 -4.01502 12.0815
v 11.3138 -3.36043 12.6561
v 10.0586 -2.33668 11.2159
f 1113 1114 1115 1116
f 1117 1118 1119 1120
f 1113 1114 1118 1117
f 1114 1115 1119 1118
f 1115 1116 1120 1119
f 1116 1113 1117 1120
o Box140
v 11.4778 -3.55479 12.863
v 10.4513 -2.4133 11.3615
v 10.0923 -1.91592 11.985
v 11.1189 -3.05741 13.4865
v 11.4778 -3.55479 12.863
v 10.4513 -2.41329 11.3615
v 10.0924 -1.91591 11.985
v 11.1189 -3.0574 13.4865
f 1121 1122 1123 1124
f 1125 1126 1127 1128
f 1121 1122 1126 1125
f 1122 1123 1127 1126
f 1123 1124 1128 1127
f 1124 1121 1125 1128
o Box141
v 11.262 -3.27426 13.6896
v 10.4174 -1.93296 12.1955
v 9.8526 -1.62805 12.7886
v 10.6972 -2.96935 14.2826
v 11.2621 -3.27421 13.6896
v 10.4174 -1.93291 12.1955
v 9.85264 -1.628 12.7886
v 10.6973 -2.9693 14.2826
f 1129 1130 1131 1132
f 1133 1134 1135 1136
f 1129 1130 1134 1133
f 1130 1131 1135 1134
f 1131 1132 1136 1135
f 1132 1129 1133 1136
o Box142
v 10.92 -3.11159 14.0165
v 10.0632 -1.74175 12.5674
v 9.52443 -1.39769 13.2112
v 10.3812 -2.76753 14.6603
v 10.92 -3.11157 14.0165
v 10.0632 -1.74173 12.5674
v 9.52445 -1.39767 13.2112
v 10.3812 -2.76751 14.6603
f 1137 1138 1139 1140
f 1141 1142 1143 1144
f 1137 1138 1142 1141
f 1138 1139 1143 1142
f 1139 1140 1144 1143
f 1140 1137 1141 1144
o Box143
v 10.2887 -3.70807 15.2064
v 9.59484 -1.4745 13.8123
v 7.98361 -1.73353 14.1992
v 8.67743 -3.9671 15.5932
v 10.3115 -3.59413 15.3776
v 9.61763 -1.36056 13.9835
v 8.0064 -1.61959 14.3704
v 8.70022 -3.85316 15.7645
f 1145 1146 1147 1148
f 1149 1150 1151 1152
f 1145 1146 1150 1149
f 1146 1147 1151 1150
f 1147 1148 1152 1151
f 1148 1145 1149 1152
o Box144
v 10.854 -3.33289 14.4142
v 9.84958 -1.56734 13.1512
v 8.12492 -1.71011 14.3232
v 9.12938 -3.47565 15.5862
v 10.9384 -3.18305 14.5565
v 9.93393 -1.4175 13.2936
v 8.20927 -1.56026 14.4656
v 9.21374 -3.32581 15.7286
f 1153 1154 1155 1156
f 1157 1158 1159 1160
f 1153 1154 1158 1157
f 1154 1155 1159 1158
f 1155 1156 1160 1159
f 1156 1153 1157 1160
o Box145
v 8.67743 -3.9671 15.5932
v 7.89006 -1.85427 14.4448
v 8.73089 -1.57626 14.3798
v 9.51826 -3.6891 15.5282
v 8.67743 -3.96713 15.5932
v 7.89007 -1.85429 14.4448
v 8.7309 -1.57628 14.3797
v 9.51826 -3.68912 15.5282
f 1161 1162 1163 1164
f 1165 1166 1167 1168
f 1161 1162 1166 1165
f 1162 1163 1167 1166
f 1163 1164 1168 1167
f 1164 1161 1165 1168
o Box146
v 9.39813 -3.4534 15.4036
v 8.67912 -1.59239 14.1042
v 9.50081 -1.48593 13.802
v 10.2198 -3.34695 15.1014
v 9.39812 -3.45344 15.4035
v 8.67911 -1.59243 14.1042
v 9.5008 -1.48598 13.802
v 10.2198 -3.34699 15.1013
f 1169 1170 1171 1172
f 1173 1174 1175 1176
f 1169 1170 1174 1173
f 1170 1171 1175 1174
f 1171 1172 1176 1175
f 1172 1169 1173 1176
o Box147
v 10.8245 -3.20293 14.4646
v 10.0869 -1.61012 13.0432
v 9.36196 -1.51408 13.527
v 10.0996 -3.10689 14.9484
v 10.8246 -3.20291 14.4646
v 10.0869 -1.6101 13.0432
v 9.36197 -1.51405 13.527
v 10.0996 -3.10687 14.9484
f 1177 1178 1179 1180
f 1181 1182 1183 1184
f 1177 1178 1182 1181
f 1178 1179 1183 1182
f 1179 1180 1184 1183
f 1180 1177 1181 1184
o Box148
v 10.398 -3.4919 14.8498
v 9.6381 -1.55064 13.3427
v 8.06365 -1.53185 14.1608
v 8.82359 -3.47311 15.6679
v 10.4733 -3.3524 14.9915
v 9.7134 -1.41114 13.4844
v 8.13896 -1.39235 14.3025
v 8.89889 -3.33361 15.8096
f 1185 1186 1187 1188
f 1189 1190 1191 1192
f 1185 1186 1190 1189
f 1186 1187 1191 1190
f 1187 1188 1192 1191
f 1188 1185 1189 1192
o Box149
v 8.94207 -3.50882 15.6079
v 8.15888 -1.65301 14.3632
v 9.00163 -1.55062 13.9856
v 9.78481 -3.40642 15.2303
v 8.94206 -3.50882 15.6079
v 8.15888 -1.65302 14.3632
v 9.00163 -1.55062 13.9856
v 9.78481 -3.40642 15.2303
f 1193 1194 1195 1196
f 1197 1198 1199 1200
f 1193 1194 1198 1197
f 1194 1195 1199 1198
f 1195 1196 1200 1199
f 1196 1193 1197 1200
o Box150
v 10.4176 -3.16007 14.7033
v 9.63808 -1.55066 13.3427
v 8.91462 -1.42967 13.9003
v 9.69414 -3.03908 15.2609
v 10.4176 -3.16005 14.7033
v 9.6381 -1.55064 13.3427
v 8.91464 -1.42964 13.9003
v 9.69416 -3.03905 15.2609
f 1201 1202 1203 1204
f 1205 1206 1207 1208
f 1201 1202 1206 1205
f 1202 1203 1207 1206
f 1203 1204 1208 1207
f 1204 1201 1205 1208
o Box151
v 10.2269 -11.5043 12.7698
v 15.944 -8.14025 12.8569
v 13.1053 -3.25785 10.6129
v 7.38817 -6.62195 10.5258
v 9.57078 -10.4692 15.852
v 15.2879 -7.10509 15.9392
v 12.4492 -2.22269 13.6952
v 6.73207 -5.58679 13.6081
f 1209 1210 1211 1212
f 1213 1214 1215 1216
f 1209 1210 1214 1213
f 1210 1211 1215 1214
f 1211 1212 1216 1215
f 1212 1209 1213 1216
o Box152
v 6.44235 -6.08328 15.8246
v 9.38305 -1.62094 14.952
v 14.0023 -4.2922 16.8589
v 11.0616 -8.75454 17.7315
v 7.08399 -7.08428 12.868
v 10.0247 -2.62195 11.9954
v 14.644 -5.2932 13.9023
v 11.7033 -9.75554 14.7749
f 1217 1218 1219 1220
f 1221 1222 1223 1224
f 1217 1218 1222 1221
f 1218 1219 1223 1222
f 1219 1220 1224 1223
f 1220 1217 1221 1224
o Box153
v 9.76796 -4.5698 10.7042
v 14.0784 -7.75944 12.5607
v 11.5163 -9.2543 15.9413
v 7.20582 -6.06465 14.0849
v 9.26496 -5.78387 9.78619
v 13.5754 -8.97351 11.6426
v 11.0133 -10.4684 15.0233
v 6.70283 -7.27873 13.1668
f 1225 1226 1227 1228
f 1229 1230 1231 1232
f 1225 1226 1230 1229
f 1226 1227 1231 1230
f 1227 1228 1232 1231
f 1228 1225 1229 1232
o Box154
v 13.2418 -9.02004 13.0515
v 9.16421 -7.14352 10.7438
v 9.89419 -2.98885 12.8324
v 13.9718 -4.86537 15.1401
v 14.1217 -8.57496 11.8586
v 10.0442 -6.69844 9.5509
v 10.7741 -2.54378 11.6395
v 14.8517 -4.42029 13.9472
f 1233 1234 1235 1236
f 1237 1238 1239 1240
f 1233 1234 1238 1237
f 1234 1235 1239 1238
f 1235 1236 1240 1239
f 1236 1233 1237 1240
o Box155
v 7.16721 -4.52984 11.9327
v 12.0407 -5.56116 10.9579
v 12.0368 -8.33181 13.8695
v 7.1633 -7.30048 14.8443
v 6.77649 -5.50159 11.0075
v 11.65 -6.53291 10.0326
v 11.6461 -9.30356 12.9442
v 6.77258 -8.27223 13.9191
f 1241 1242 1243 1244
f 1245 1246 1247 1248
f 1241 1242 1246 1245
f 1242 1243 1247 1246
f 1243 1244 1248 1247
f 1244 1241 1245 1248
o Box156
v 9.54978 -6.98588 11.8921
v 13.0667 -8.38913 11.7854
v 12.5942 -9.85012 15.4292
v 9.07732 -8.44687 15.5358
v 9.31404 -7.55698 11.6325
v 12.8309 -8.96023 11.5259
v 12.3585 -10.4212 15.1696
v 8.84158 -9.01798 15.2763
f 1249 1250 1251 1252
f 1253 1254 1255 1256
f 1249 1250 1254 1253
f 1250 1251 1255 1254
f 1251 1252 1256 1255
f 1252 1249 1253 1256
o Box157
v 7.77363 -5.83381 11.4464
v 10.5484 -7.85577 11.7678
v 9.93557 -8.32612 14.0993
v 7.16082 -6.30415 13.7779
v 7.51186 -6.21624 11.3004
v 10.2866 -8.23821 11.6218
v 9.67379 -8.70855 13.9533
v 6.89905 -6.68659 13.6319
f 1257 1258 1259 1260
f 1261 1262 1263 1264
f 1257 1258 1262 1261
f 1258 1259 1263 1262
f 1259 1260 1264 1263
f 1260 1257 1261 1264
o Box158
v 8.03891 -7.36812 11.5328
v 11.0258 -8.50831 12.2861
v 12.0608 -6.47499 11.2598
v 9.07395 -5.3348 10.5065
v 8.01783 -7.14398 11.9556
v 11.0047 -8.28417 12.709
v 12.0397 -6.25085 11.6826
v 9.05287 -5.11066 10.9293
f 1265 1266 1267 1268
f 1269 1270 1271 1272
f 1265 1266 1270 1269
f 1266 1267 1271 1270
f 1267 1268 1272 1271
f 1268 1265 1269 1272
o Box159
v 7.62344 -5.83108 11.4569
v 10.4958 -7.89092 11.6095
v 10.0327 -8.36451 13.933
v 7.16033 -6.30466 13.7804
v 7.38589 -6.17098 11.3403
v 10.2582 -8.23082 11.4929
v 9.79512 -8.7044 13.8164
v 6.92277 -6.64456 13.6637
f 1273 1274 1275 1276
f 1277 1278 1279 1280
f 1273 1274 1278 1277
f 1274 1275 1279 1278
f 1275 1276 1280 1279
f 1276 1273 1277 1280
o Box160
v 7.73626 -6.30101 11.8838
v 10.3059 -8.10511 12.2927
v 9.74928 -8.52981 13.9166
v 7.17966 -6.72572 13.5077
v 7.63266 -6.46644 11.805
v 10.2023 -8.27053 12.2139
v 9.64567 -8.69523 13.8378
v 7.07606 -6.89114 13.4289
f 1281 1282 1283 1284
f 1285 1286 1287 1288
f 1281 1282 1286 1285
f 1282 1283 1287 1286
f 1283 1284 1288 1287
f 1284 1281 1285 1288
o Box161
v 7.40672 -6.29392 12.0706
v 9.88633 -8.33117 12.4156
v 9.64044 -8.34141 14.1228
v 7.16082 -6.30416 13.7779
v 7.27746 -6.45456 12.0511
v 9.75707 -8.49181 12.396
v 9.51117 -8.50205 14.1032
v 7.03156 -6.4648 13.7583
f 1289 1290 1291 1292
f 1293 1294 1295 1296
f 1289 1290 1294 1293
f 1290 1291 1295 1294
f 1291 1292 1296 1295
f 1292 1289 1293 1296
o Box162
v 8.09849 -6.39594 11.4042
v 10.5058 -7.91872 11.8516
v 10.1683 -8.23341 12.5964
v 7.76101 -6.71064 12.1491
v 8.09848 -6.39597 11.4042
v 10.5057 -7.91874 11.8516
v 10.1683 -8.23344 12.5964
v 7.761 -6.71066 12.149
f 1297 1298 1299 1300
f 1301 1302 1303 1304
f 1297 1298 1302 1301
f 1298 1299 1303 1302
f 1299 1300 1304 1303
f 1300 1297 1301 1304
o Box163
v 7.18398 -6.46545 12.8852
v 9.40541 -8.46057 13.3033
v 9.38228 -8.29924 14.196
v 7.16085 -6.30412 13.7779
v 7.18396 -6.46548 12.8852
v 9.40538 -8.4606 13.3033
v 9.38225 -8.29927 14.196
v 7.16082 -6.30415 13.7779
f 1305 1306 1307 1308
f 1309 1310 1311 1312
f 1305 1306 1310 1309
f 1306 1307 1311 1310
f 1307 1308 1312 1311
f 1308 1305 1309 1312
o Box164
v 7.55361 -6.53809 12.083
v 9.89933 -8.31999 12.4864
v 9.69257 -8.3963 13.3516
v 7.34685 -6.61441 12.9481
v 7.55359 -6.53813 12.083
v 9.8993 -8.32002 12.4864
v 9.69254 -8.39634 13.3515
v 7.34683 -6.61444 12.9481
f 1313 1314 1315 1316
f 1317 1318 1319 1320
f 1313 1314 1318 1317
f 1314 1315 1319 1318
f 1315 1316 1320 1319
f 1316 1313 1317 1320
o Box165
v 7.46074 -6.5626 12.5527
v 9.78022 -8.36396 12.9847
v 9.52784 -8.47882 13.8608
v 7.20836 -6.67745 13.4288
v 7.46074 -6.5626 12.5527
v 9.78022 -8.36397 12.9847
v 9.52784 -8.47882 13.8608
v 7.20836 -6.67746 13.4288
f 1321 1322 1323 1324
f 1325 1326 1327 1328
f 1321 1322 1326 1325
f 1322 1323 1327 1326
f 1323 1324 1328 1327
f 1324 1321 1325 1328
o Box166
v 7.93709 -6.54725 11.8113
v 10.3059 -8.10511 12.2927
v 9.91515 -8.46769 13.0421
v 7.54636 -6.90983 12.5607
v 7.93707 -6.54729 11.8113
v 10.3059 -8.10515 12.2927
v 9.91513 -8.46772 13.042
v 7.54634 -6.90987 12.5607
f 1329 1330 1331 1332
f 1333 1334 1335 1336
f 1329 1330 1334 1333
f 1330 1331 1335 1334
f 1331 1332 1336 1335
f 1332 1329 1333 1336
o Box167
v 8.34913 -6.68886 11.2999
v 11.0805 -7.82712 11.9264
v 11.7691 -6.59599 11.1613
v 9.03764 -5.45773 10.5349
v 8.35338 -6.5812 11.477
v 11.0848 -7.71946 12.1034
v 11.7733 -6.48834 11.3384
v 9.04189 -5.35008 10.7119
f 1337 1338 1339 1340
f 1341 1342 1343 1344
f 1337 1338 1342 1341
f 1338 1339 1343 1342
f 1339 1340 1344 1343
f 1340 1337 1341 1344
o Box168
v 8.03804 -7.52111 11.5565
v 11.1873 -8.51671 12.2773
v 12.0667 -6.44069 11.3026
v 8.91746 -5.44509 10.5818
v 8.01108 -7.33127 11.9365
v 11.1603 -8.32687 12.6573
v 12.0397 -6.25084 11.6826
v 8.89049 -5.25525 10.9618
f 1345 1346 1347 1348
f 1349 1350 1351 1352
f 1345 1346 1350 1349
f 1346 1347 1351 1350
f 1347 1348 1352 1351
f 1348 1345 1349 1352
o Box169
v 8.35338 -6.58122 11.477
v 10.7497 -7.82985 12.0269
v 11.1497 -7.30485 11.4761
v 8.75334 -6.05623 10.9262
v 8.35338 -6.5812 11.477
v 10.7497 -7.82983 12.0269
v 11.1497 -7.30483 11.4762
v 8.75334 -6.0562 10.9262
f 1353 1354 1355 1356
f 1357 1358 1359 1360
f 1353 1354 1358 1357
f 1354 1355 1359 1358
f 1355 1356 1360 1359
f 1356 1353 1357 1360
o Box170
v 9.05252 -6.24168 11.013
v 11.3626 -7.23647 11.7161
v 11.7517 -6.55275 11.4053
v 9.44155 -5.55796 10.7022
v 9.05252 -6.24166 11.0131
v 11.3626 -7.23645 11.7161
v 11.7517 -6.55273 11.4053
v 9.44155 -5.55794 10.7022
f 1361 1362 1363 1364
f 1365 1366 1367 1368
f 1361 1362 1366 1365
f 1362 1363 1367 1366
f 1363 1364 1368 1367
f 1364 1361 1365 1368
o Box171
v 8.04726 -7.13957 11.6543
v 10.679 -8.37657 12.3025
v 11.4978 -7.0952 11.4234
v 8.86608 -5.8582 10.7752
v 8.0576 -7.02511 11.8308
v 10.6893 -8.26211 12.479
v 11.5081 -6.98074 11.5999
v 8.87642 -5.74374 10.9517
f 1369 1370 1371 1372
f 1373 1374 1375 1376
f 1369 1370 1374 1373
f 1370 1371 1375 1374
f 1371 1372 1376 1375
f 1372 1369 1373 1376
o Box172
v 9.57417 -6.216 10.8152
v 11.6926 -7.08918 11.6864
v 12.0397 -6.25084 11.6826
v 9.92125 -5.37766 10.8115
v 9.57415 -6.216 10.8153
v 11.6926 -7.08918 11.6864
v 12.0397 -6.25084 11.6827
v 9.92123 -5.37766 10.8115
f 1377 1378 1379 1380
f 1381 1382 1383 1384
f 1377 1378 1382 1381
f 1378 1379 1383 1382
f 1379 1380 1384 1383
f 1380 1377 1381 1384
o Box173
v 8.10026 -6.90451 11.777
v 10.449 -8.20843 12.3534
v 10.906 -7.62473 11.8117
v 8.55724 -6.32082 11.2353
v 8.10026 -6.9045 11.777
v 10.449 -8.20842 12.3534
v 10.906 -7.62472 11.8117
v 8.55724 -6.32081 11.2353
f 1385 1386 1387 1388
f 1389 1390 1391 1392
f 1385 1386 1390 1389
f 1386 1387 1391 1390
f 1387 1388 1392 1391
f 1388 1385 1389 1392
o Box174
v 8.80403 -6.66342 11.1713
v 11.0666 -7.73013 11.8811
v 11.5081 -6.98075 11.5999
v 9.24558 -5.91403 10.89
v 8.80403 -6.66342 11.1713
v 11.0666 -7.73013 11.8811
v 11.5081 -6.98074 11.5999
v 9.24558 -5.91403 10.8901
f 1393 1394 1395 1396
f 1397 1398 1399 1400
f 1393 1394 1398 1397
f 1394 1395 1399 1398
f 1395 1396 1400 1399
f 1396 1393 1397 1400
o Box175
v 9.78795 -7.73173 12.2205
v 12.5736 -9.22259 12.673
v 11.9245 -9.57537 15.5062
v 9.13893 -8.0845 15.0537
v 9.61026 -8.08962 12.1353
v 12.3959 -9.58048 12.5877
v 11.7468 -9.93326 15.4209
v 8.96124 -8.44239 14.9684
f 1401 1402 1403 1404
f 1405 1406 1407 1408
f 1401 1402 1406 1405
f 1402 1403 1407 1406
f 1403 1404 1408 1407
f 1404 1401 1405 1408
o Box176
v 10.2308 -7.20824 11.7677
v 13.106 -8.45731 12.2491
v 12.1141 -9.81012 14.6638
v 9.23884 -8.56105 14.1825
v 10.1269 -7.5343 11.5424
v 13.0021 -8.78336 12.0237
v 12.0102 -10.1362 14.4385
v 9.13492 -8.88711 13.9571
f 1409 1410 1411 1412
f 1413 1414 1415 1416
f 1409 1410 1414 1413
f 1410 1411 1415 1414
f 1411 1412 1416 1415
f 1412 1409 1413 1416
o Box177
v 9.3279 -8.01979 12.9653
v 12.1411 -9.5624 13.1172
v 11.9991 -9.65248 14.8331
v 9.18587 -8.10987 14.6812
v 9.22985 -8.20033 12.9477
v 12.0431 -9.74295 13.0996
v 11.901 -9.83302 14.8155
v 9.08782 -8.29041 14.6636
f 1417 1418 1419 1420
f 1421 1422 1423 1424
f 1417 1418 1422 1421
f 1418 1419 1423 1422
f 1419 1420 1424 1423
f 1420 1417 1421 1424
o Box178
v 10.5669 -8.04208 11.896
v 12.8366 -9.46976 13.1629
v 11.3306 -9.45431 15.8783
v 9.06095 -8.02663 14.6114
v 10.4106 -8.36598 11.8111
v 12.6802 -9.79366 13.078
v 11.1742 -9.77821 15.7934
v 8.90458 -8.35053 14.5265
f 1425 1426 1427 1428
f 1429 1430 1431 1432
f 1425 1426 1430 1429
f 1426 1427 1431 1430
f 1427 1428 1432 1431
f 1428 1425 1429 1432
o Box179
v 9.18836 -8.24631 13.7849
v 11.7441 -9.79614 14.0279
v 11.7416 -9.65967 14.9242
v 9.18588 -8.10985 14.6812
v 9.18834 -8.24634 13.7849
v 11.7441 -9.79616 14.0279
v 11.7416 -9.65969 14.9242
v 9.18587 -8.10987 14.6812
f 1433 1434 1435 1436
f 1437 1438 1439 1440
f 1433 1434 1438 1437
f 1434 1435 1439 1438
f 1435 1436 1440 1439
f 1436 1433 1437 1440
o Box180
v 9.52193 -8.23494 12.9626
v 12.1559 -9.55068 13.1879
v 12.0161 -9.68137 14.059
v 9.38213 -8.36563 13.8337
v 9.52192 -8.23496 12.9626
v 12.1559 -9.55071 13.1879
v 12.0161 -9.6814 14.059
v 9.38211 -8.36565 13.8337
f 1441 1442 1443 1444
f 1445 1446 1447 1448
f 1441 1442 1446 1445
f 1442 1443 1447 1446
f 1443 1444 1448 1447
f 1444 1441 1445 1448
o Box181
v 9.99439 -7.98159 12.2608
v 12.6405 -9.03074 12.5315
v 12.4104 -9.41762 13.2821
v 9.76422 -8.36847 13.0114
v 9.99438 -7.98161 12.2608
v 12.6405 -9.03076 12.5315
v 12.4104 -9.41763 13.2821
v 9.76422 -8.36848 13.0114
f 1449 1450 1451 1452
f 1453 1454 1455 1456
f 1449 1450 1454 1453
f 1450 1451 1455 1454
f 1451 1452 1456 1455
f 1452 1449 1453 1456
o Box182
v 9.20059 -8.15384 14.2722
v 11.7427 -9.71939 14.532
v 11.7099 -9.62143 15.4429
v 9.16782 -8.05589 15.1831
v 9.20058 -8.15386 14.2722
v 11.7427 -9.71941 14.532
v 11.7099 -9.62146 15.4429
v 9.16781 -8.05591 15.1831
f 1457 1458 1459 1460
f 1461 1462 1463 1464
f 1457 1458 1462 1461
f 1458 1459 1463 1462
f 1459 1460 1464 1463
f 1460 1457 1461 1464
o Box183
v 11.1879 -7.4292 11.519
v 13.3166 -8.90133 12.659
v 11.4666 -9.80037 14.9526
v 9.33786 -8.32823 13.8126
v 11.0872 -7.72872 11.3204
v 13.2159 -9.20086 12.4603
v 11.3658 -10.0999 14.754
v 9.23711 -8.62776 13.614
f 1465 1466 1467 1468
f 1469 1470 1471 1472
f 1465 1466 1470 1469
f 1466 1467 1471 1470
f 1467 1468 1472 1471
f 1468 1465 1469 1472
o Box184
v 10.1036 -7.65851 12.169
v 12.977 -8.66648 12.4771
v 12.4678 -9.71036 13.8104
v 9.59445 -8.70239 13.5022
v 10.0639 -7.81351 12.0325
v 12.9373 -8.82148 12.3406
v 12.4281 -9.86536 13.6738
v 9.55472 -8.85739 13.3657
f 1473 1474 1475 1476
f 1477 1478 1479 1480
f 1473 1474 1478 1477
f 1474 1475 1479 1478
f 1475 1476 1480 1479
f 1476 1473 1477 1480
o Box185
v 10.2861 -8.11802 12.3134
v 12.8748 -8.90028 12.6926
v 13.1376 -8.29913 12.1386
v 10.5489 -7.51688 11.7594
v 10.2861 -8.11797 12.3135
v 12.8748 -8.90023 12.6927
v 13.1376 -8.29908 12.1386
v 10.5489 -7.51683 11.7594
f 1481 1482 1483 1484
f 1485 1486 1487 1488
f 1481 1482 1486 1485
f 1482 1483 1487 1486
f 1483 1484 1488 1487
f 1484 1481 1485 1488
o Box186
v 9.46198 -8.28636 13.4343
v 12.0752 -9.62615 13.6908
v 11.8983 -9.80178 14.5757
v 9.28507 -8.46199 14.3191
v 9.46196 -8.28638 13.4343
v 12.0752 -9.62617 13.6908
v 11.8983 -9.8018 14.5757
v 9.28506 -8.46201 14.3191
f 1489 1490 1491 1492
f 1493 1494 1495 1496
f 1489 1490 1494 1493
f 1490 1491 1495 1494
f 1491 1492 1496 1495
f 1492 1489 1493 1496
o Box187
v 9.88758 -8.16899 12.6698
v 12.5039 -9.26042 12.9772
v 12.2301 -9.70313 13.7356
v 9.61378 -8.6117 13.4282
v 9.88757 -8.16904 12.6697
v 12.5039 -9.26047 12.9772
v 12.2301 -9.70318 13.7356
v 9.61376 -8.61175 13.4281
f 1497 1498 1499 1500
f 1501 1502 1503 1504
f 1497 1498 1502 1501
f 1498 1499 1503 1502
f 1499 1500 1504 1503
f 1500 1497 1501 1504
o Box188
v 10.1147 -8.48858 12.6174
v 12.6677 -9.33499 13.0254
v 12.977 -8.6665 12.4771
v 10.4239 -7.82009 12.0691
v 10.1147 -8.48855 12.6174
v 12.6678 -9.33496 13.0254
v 12.977 -8.66647 12.4771
v 10.4239 -7.82006 12.0691
f 1505 1506 1507 1508
f 1509 1510 1511 1512
f 1505 1506 1510 1509
f 1506 1507 1511 1510
f 1507 1508 1512 1511
f 1508 1505 1509 1512
o Box189
v 10.0782 -7.07128 12.0093
v 12.9615 -3.91173 14.7887
v 15.1347 -6.21658 15.1544
v 12.2514 -9.37612 12.375
v 10.7939 -6.59944 10.7305
v 13.6771 -3.43989 13.5099
v 15.8503 -5.74474 13.8756
v 12.967 -8.90429 11.0962
f 1513 1514 1515 1516
f 1517 1518 1519 1520
f 1513 1514 1518 1517
f 1514 1515 1519 1518
f 1515 1516 1520 1519
f 1516 1513 1517 1520
o Box190
v 10.913 -6.51632 9.98424
v 13.9314 -5.66613 13.3282
v 12.6736 -2.91426 13.7639
v 9.65518 -3.76446 10.4199
v 10.2966 -6.90162 10.6385
v 13.3151 -6.05142 13.9825
v 12.0573 -3.29956 14.4182
v 9.03885 -4.14976 11.0742
f 1521 1522 1523 1524
f 1525 1526 1527 1528
f 1521 1522 1526 1525
f 1522 1523 1527 1526
f 1523 1524 1528 1527
f 1524 1521 1525 1528
o Box191
v 10.916 -8.57866 11.5317
v 14.0159 -8.77366 12.4858
v 14.2684 -5.6566 12.3025
v 11.1685 -5.46161 11.3484
v 10.8101 -8.54948 11.8819
v 13.91 -8.74448 12.836
v 14.1625 -5.62743 12.6526
v 11.0626 -5.43243 11.6986
f 1529 1530 1531 1532
f 1533 1534 1535 1536
f 1529 1530 1534 1533
f 1530 1531 1535 1534
f 1531 1532 1536 1535
f 1532 1529 1533 1536
o Box192
v 12.9857 -6.005 11.3788
v 15.2184 -6.30676 13.5008
v 14.1948 -4.56904 14.8248
v 11.9622 -4.26728 12.7028
v 12.7237 -6.33367 11.6077
v 14.9564 -6.63543 13.7297
v 13.9329 -4.8977 15.0537
v 11.7002 -4.59594 12.9316
f 1537 1538 1539 1540
f 1541 1542 1543 1544
f 1537 1538 1542 1541
f 1538 1539 1543 1542
f 1539 1540 1544 1543
f 1540 1537 1541 1544
o Box193
v 10.7769 -8.1037 11.7477
v 13.3171 -8.81589 12.4413
v 13.9809 -6.82619 12.0532
v 11.4407 -6.114 11.3596
v 10.7352 -8.04904 11.9566
v 13.2754 -8.76123 12.6501
v 13.9392 -6.77153 12.2621
v 11.399 -6.05935 11.5685
f 1545 1546 1547 1548
f 1549 1550 1551 1552
f 1545 1546 1550 1549
f 1546 1547 1551 1550
f 1547 1548 1552 1551
f 1548 1545 1549 1552
o Box194
v 11.4888 -7.44817 11.3276
v 13.8687 -8.01908 12.2547
v 14.2341 -5.92974 12.6033
v 11.8542 -5.35883 11.6761
v 11.4073 -7.4669 11.5253
v 13.7872 -8.03781 12.4524
v 14.1526 -5.94846 12.801
v 11.7727 -5.37755 11.8738
f 1553 1554 1555 1556
f 1557 1558 1559 1560
f 1553 1554 1558 1557
f 1554 1555 1559 1558
f 1555 1556 1560 1559
f 1556 1553 1557 1560
o Box195
v 10.9292 -7.68838 11.6274
v 13.7138 -8.0308 12.332
v 13.9719 -6.51083 12.0506
v 11.1873 -6.1684 11.346
v 10.8848 -7.64443 11.8241
v 13.6694 -7.98685 12.5287
v 13.9275 -6.46688 12.2474
v 11.1429 -6.12445 11.5428
f 1561 1562 1563 1564
f 1565 1566 1567 1568
f 1561 1562 1566 1565
f 1562 1563 1567 1566
f 1563 1564 1568 1567
f 1564 1561 1565 1568
o Box196
v 10.7283 -8.10868 11.9835
v 13.1599 -8.73944 12.5338
v 13.4375 -7.91581 12.2509
v 11.006 -7.28506 11.7007
v 10.7283 -8.10867 11.9835
v 13.1599 -8.73943 12.5338
v 13.4375 -7.9158 12.251
v 11.006 -7.28505 11.7007
f 1569 1570 1571 1572
f 1573 1574 1575 1576
f 1569 1570 1574 1573
f 1570 1571 1575 1574
f 1571 1572 1576 1575
f 1572 1569 1573 1576
o Box197
v 10.8848 -7.64443 11.8241
v 13.3499 -8.19489 12.3661
v 13.5855 -7.44464 12.0565
v 11.1204 -6.89418 11.5146
v 10.8848 -7.64441 11.8242
v 13.3499 -8.19487 12.3661
v 13.5855 -7.44462 12.0566
v 11.1204 -6.89416 11.5146
f 1577 1578 1579 1580
f 1581 1582 1583 1584
f 1577 1578 1582 1581
f 1578 1579 1583 1582
f 1579 1580 1584 1583
f 1580 1577 1581 1584
o Box198
v 11.4881 -7.00489 11.6023
v 13.7745 -7.39265 12.3432
v 13.9295 -6.57134 12.2949
v 11.643 -6.18357 11.5541
v 11.4881 -7.00488 11.6024
v 13.7745 -7.39264 12.3432
v 13.9295 -6.57133 12.295
v 11.643 -6.18357 11.5541
f 1585 1586 1587 1588
f 1589 1590 1591 1592
f 1585 1586 1590 1589
f 1586 1587 1591 1590
f 1587 1588 1592 1591
f 1588 1585 1589 1592
o Box199
v 12.0233 -6.27652 11.6749
v 14.095 -6.5979 12.6228
v 14.1289 -5.78556 12.8243
v 12.0571 -5.46418 11.8764
v 12.0233 -6.27653 11.6749
v 14.095 -6.59791 12.6228
v 14.1288 -5.78557 12.8243
v 12.0571 -5.46419 11.8764
f 1593 1594 1595 1596
f 1597 1598 1599 1600
f 1593 1594 1598 1597
f 1594 1595 1599 1598
f 1595 1596 1600 1599
f 1596 1593 1597 1600
o Box200
v 11.4868 -7.69676 11.3861
v 14.0355 -8.00173 12.3465
v 14.1805 -6.3034 12.5012
v 11.6317 -5.99843 11.5408
v 11.4132 -7.70796 11.578
v 13.9619 -8.01293 12.5384
v 14.1068 -6.31459 12.6931
v 11.5581 -6.00962 11.7327
f 1601 1602 1603 1604
f 1605 1606 1607 1608
f 1601 1602 1606 1605
f 1602 1603 1607 1606
f 1603 1604 1608 1607
f 1604 1601 1605 1608
o Box201
v 11.382 -7.51781 11.6015
v 13.6462 -7.98719 12.3246
v 13.8299 -7.09901 12.3259
v 11.5657 -6.62963 11.6029
v 11.382 -7.51781 11.6016
v 13.6462 -7.98719 12.3246
v 13.8299 -7.099 12.326
v 11.5657 -6.62963 11.6029
f 1609 1610 1611 1612
f 1613 1614 1615 1616
f 1609 1610 1614 1613
f 1610 1611 1615 1614
f 1611 1612 1616 1615
f 1612 1609 1613 1616
o Box202
v 11.9981 -6.78558 11.5167
v 14.0645 -7.17058 12.4271
v 14.1068 -6.31459 12.6931
v 12.0404 -5.92959 11.7827
v 11.9981 -6.78558 11.5167
v 14.0645 -7.17059 12.4271
v 14.1068 -6.3146 12.6931
v 12.0404 -5.92959 11.7827
f 1617 1618 1619 1620
f 1621 1622 1623 1624
f 1617 1618 1622 1621
f 1618 1619 1623 1622
f 1619 1620 1624 1623
f 1620 1617 1621 1624
o Box203
v 12.6054 -5.82302 11.6219
v 14.635 -6.3749 12.879
v 14.2276 -4.72159 14.2625
v 12.198 -4.16972 13.0054
v 12.4902 -5.95761 11.7488
v 14.5198 -6.50949 13.0059
v 14.1124 -4.85618 14.3894
v 12.0828 -4.30431 13.1323
f 1625 1626 1627 1628
f 1629 1630 1631 1632
f 1625 1626 1630 1629
f 1626 1627 1631 1630
f 1627 1628 1632 1631
f 1628 1625 1629 1632
o Box204
v 13.089 -5.19266 12.0812
v 14.8794 -5.76132 13.8106
v 14.1116 -4.85212 14.9045
v 12.3211 -4.28346 13.1752
v 12.9798 -5.3562 12.1405
v 14.7702 -5.92486 13.8699
v 14.0024 -5.01566 14.9638
v 12.2119 -4.447 13.2345
f 1633 1634 1635 1636
f 1637 1638 1639 1640
f 1633 1634 1638 1637
f 1634 1635 1639 1638
f 1635 1636 1640 1639
f 1636 1633 1637 1640
o Box205
v 12.4258 -5.54714 12.033
v 14.274 -5.91169 13.1617
v 14.162 -5.18318 13.5805
v 12.3137 -4.81863 12.4518
v 12.4257 -5.54717 12.033
v 14.274 -5.91172 13.1617
v 14.1619 -5.1832 13.5805
v 12.3137 -4.81865 12.4518
f 1641 1642 1643 1644
f 1645 1646 1647 1648
f 1641 1642 1646 1645
f 1642 1643 1647 1646
f 1643 1644 1648 1647
f 1644 1641 1645 1648
o Box206
v 12.5509 -5.63406 11.7351
v 14.4733 -6.36132 12.7545
v 14.2717 -4.90948 14.1704
v 12.3493 -4.18223 13.151
v 12.4525 -5.74878 11.8387
v 14.3749 -6.47604 12.8581
v 14.1733 -5.0242 14.274
v 12.2509 -4.29694 13.2546
f 1649 1650 1651 1652
f 1653 1654 1655 1656
f 1649 1650 1654 1653
f 1650 1651 1655 1654
f 1651 1652 1656 1655
f 1652 1649 1653 1656
o Box207
v 12.647 -4.90478 12.6335
v 14.2956 -5.41479 13.8836
v 14.0278 -4.83823 14.472
v 12.3792 -4.32822 13.222
v 12.647 -4.90481 12.6336
v 14.2955 -5.41482 13.8836
v 14.0277 -4.83826 14.472
v 12.3791 -4.32825 13.222
f 1657 1658 1659 1660
f 1661 1662 1663 1664
f 1657 1658 1662 1661
f 1658 1659 1663 1662
f 1659 1660 1664 1663
f 1660 1657 1661 1664
o Box208
v 12.5019 -5.99778 11.7398
v 14.3591 -6.39302 12.8292
v 14.2349 -5.65718 13.308
v 12.3776 -5.26194 12.2185
v 12.5018 -5.99781 11.7398
v 14.3591 -6.39306 12.8293
v 14.2348 -5.65722 13.3081
v 12.3776 -5.26197 12.2186
f 1665 1666 1667 1668
f 1669 1670 1671 1672
f 1665 1666 1670 1669
f 1666 1667 1671 1670
f 1667 1668 1672 1671
f 1668 1665 1669 1672
o Box209
v 12.8303 -5.2478 12.2453
v 14.4913 -5.75375 13.4767
v 14.1986 -5.20607 14.0966
v 12.5375 -4.70011 12.8652
v 12.8303 -5.24781 12.2453
v 14.4913 -5.75376 13.4767
v 14.1986 -5.20608 14.0966
v 12.5375 -4.70013 12.8652
f 1673 1674 1675 1676
f 1677 1678 1679 1680
f 1673 1674 1678 1677
f 1674 1675 1679 1678
f 1675 1676 1680 1679
f 1676 1673 1677 1680
o Box210
v 12.9416 -4.62654 12.9732
v 14.4471 -5.33112 14.2829
v 14.0024 -5.01561 14.9638
v 12.4969 -4.31103 13.6541
v 12.9416 -4.62659 12.9732
v 14.447 -5.33117 14.283
v 14.0024 -5.01566 14.9638
v 12.4969 -4.31108 13.6541
f 1681 1682 1683 1684
f 1685 1686 1687 1688
f 1681 1682 1686 1685
f 1682 1683 1687 1686
f 1683 1684 1688 1687
f 1684 1681 1685 1688
o Box211
v 9.99401 -5.78697 10.4047
v 12.7106 -6.40191 11.9489
v 12.8901 -4.13765 12.5348
v 10.1735 -3.52271 10.9906
v 9.7636 -5.86549 10.7788
v 12.4802 -6.48043 12.323
v 12.6597 -4.21618 12.9088
v 9.94313 -3.60124 11.3647
f 1689 1690 1691 1692
f 1693 1694 1695 1696
f 1689 1690 1694 1693
f 1690 1691 1695 1694
f 1691 1692 1696 1695
f 1692 1689 1693 1696
o Box212
v 11.4461 -4.95366 10.6413
v 13.4372 -5.72814 12.8406
v 12.743 -3.84584 14.132
v 10.7518 -3.07136 11.9327
v 11.1311 -5.20484 10.8381
v 13.1222 -5.97931 13.0373
v 12.428 -4.09702 14.3288
v 10.4368 -3.32254 12.1295
f 1697 1698 1699 1700
f 1701 1702 1703 1704
f 1697 1698 1702 1701
f 1698 1699 1703 1702
f 1699 1700 1704 1703
f 1700 1697 1701 1704
o Box213
v 9.86322 -5.73339 10.6277
v 12.3263 -6.37906 11.8131
v 12.648 -4.8729 11.965
v 10.1849 -4.22724 10.7796
v 9.7741 -5.73305 10.8131
v 12.2371 -6.37871 11.9985
v 12.5589 -4.87256 12.1504
v 10.0958 -4.2269 10.965
f 1705 1706 1707 1708
f 1709 1710 1711 1712
f 1705 1706 1710 1709
f 1706 1707 1711 1710
f 1707 1708 1712 1711
f 1708 1705 1709 1712
o Box214
v 10.4716 -5.32049 10.6298
v 12.3546 -6.37945 11.7057
v 12.8117 -4.63378 12.624
v 10.9287 -3.57482 11.5481
v 10.3645 -5.36697 10.7714
v 12.2476 -6.42593 11.8473
v 12.7046 -4.68026 12.7656
v 10.8216 -3.6213 11.6897
f 1713 1714 1715 1716
f 1717 1718 1719 1720
f 1713 1714 1718 1717
f 1714 1715 1719 1718
f 1715 1716 1720 1719
f 1716 1713 1717 1720
o Box215
v 9.7741 -5.73305 10.8131
v 11.9282 -6.53004 11.7025
v 12.2383 -5.75381 11.6472
v 10.0841 -4.95682 10.7578
v 9.77409 -5.73305 10.8131
v 11.9282 -6.53004 11.7025
v 12.2382 -5.75381 11.6472
v 10.0841 -4.95682 10.7578
f 1721 1722 1723 1724
f 1725 1726 1727 1728
f 1721 1722 1726 1725
f 1722 1723 1727 1726
f 1723 1724 1728 1727
f 1724 1721 1725 1728
o Box216
v 10.4311 -5.11666 10.9013
v 12.3746 -5.80273 11.9841
v 12.5513 -5.00561 12.1721
v 10.6077 -4.31954 11.0893
v 10.4311 -5.11666 10.9014
v 12.3746 -5.80274 11.9841
v 12.5513 -5.00562 12.1721
v 10.6077 -4.31954 11.0894
f 1729 1730 1731 1732
f 1733 1734 1735 1736
f 1729 1730 1734 1733
f 1730 1731 1735 1734
f 1731 1732 1736 1735
f 1732 1729 1733 1736
o Box217
v 10.9442 -4.46684 11.2671
v 12.6487 -5.14781 12.5178
v 12.6551 -4.39984 12.9165
v 10.9506 -3.71887 11.6657
v 10.9442 -4.46686 11.2671
v 12.6487 -5.14783 12.5179
v 12.655 -4.39986 12.9165
v 10.9505 -3.71889 11.6657
f 1737 1738 1739 1740
f 1741 1742 1743 1744
f 1737 1738 1742 1741
f 1738 1739 1743 1742
f 1739 1740 1744 1743
f 1740 1737 1741 1744
o Box218
v 10.3191 -5.61481 10.7511
v 12.2477 -6.36364 11.7965
v 12.4366 -5.52306 12.0501
v 10.5081 -4.77423 11.0046
v 10.3191 -5.61481 10.7511
v 12.2477 -6.36364 11.7965
v 12.4366 -5.52306 12.0501
v 10.508 -4.77423 11.0046
f 1745 1746 1747 1748
f 1749 1750 1751 1752
f 1745 1746 1750 1749
f 1746 1747 1751 1750
f 1747 1748 1752 1751
f 1748 1745 1749 1752
o Box219
v 11.0665 -4.58117 10.98
v 12.7793 -5.63568 12.1293
v 12.7809 -4.13691 13.5021
v 11.0681 -3.08239 12.3529
v 10.9427 -4.67294 11.0803
v 12.6555 -5.72745 12.2296
v 12.6571 -4.22867 13.6025
v 10.9442 -3.17416 12.4532
f 1753 1754 1755 1756
f 1757 1758 1759 1760
f 1753 1754 1758 1757
f 1754 1755 1759 1758
f 1755 1756 1760 1759
f 1756 1753 1757 1760
o Box220
v 10.8784 -3.31003 12.4437
v 12.4537 -4.16674 14.2809
v 13.09 -5.2321 13.2385
v 11.5147 -4.37539 11.4013
v 11.0196 -3.17074 12.3875
v 12.5949 -4.02745 14.2248
v 13.2312 -5.09281 13.1824
v 11.656 -4.2361 11.3452
f 1761 1762 1763 1764
f 1765 1766 1767 1768
f 1761 1762 1766 1765
f 1762 1763 1767 1766
f 1763 1764 1768 1767
f 1764 1761 1765 1768
o Box221
v 11.2516 -3.86201 11.8663
v 12.7237 -4.64373 13.2286
v 12.5396 -4.01133 13.7905
v 11.0675 -3.22962 12.4282
v 11.2516 -3.86201 11.8663
v 12.7237 -4.64373 13.2286
v 12.5396 -4.01134 13.7905
v 11.0675 -3.22962 12.4282
f 1769 1770 1771 1772
f 1773 1774 1775 1776
f 1769 1770 1774 1773
f 1770 1771 1775 1774
f 1771 1772 1776 1775
f 1772 1769 1773 1776
o Box222
v 10.9491 -4.93001 10.9869
v 12.659 -5.64467 12.1983
v 12.651 -4.88518 12.6578
v 10.9411 -4.17051 11.4464
v 10.9491 -4.93001 10.9869
v 12.659 -5.64468 12.1983
v 12.6509 -4.88518 12.6578
v 10.9411 -4.17051 11.4464
f 1777 1778 1779 1780
f 1781 1782 1783 1784
f 1777 1778 1782 1781
f 1778 1779 1783 1782
f 1779 1780 1784 1783
f 1780 1777 1781 1784
o Box223
v 11.3866 -4.24219 11.4955
v 12.8733 -5.0238 12.8379
v 12.6569 -4.41411 13.4326
v 11.1702 -3.63251 12.0901
v 11.3865 -4.24221 11.4955
v 12.8733 -5.02382 12.8379
v 12.6569 -4.41413 13.4326
v 11.1701 -3.63253 12.0901
f 1785 1786 1787 1788
f 1789 1790 1791 1792
f 1785 1786 1790 1789
f 1786 1787 1791 1790
f 1787 1788 1792 1791
f 1788 1785 1789 1792
o Box224
v 11.5763 -3.63409 12.2163
v 12.8664 -4.57771 13.6299
v 12.4537 -4.16674 14.2809
v 11.1636 -3.22312 12.8673
v 11.5763 -3.6341 12.2163
v 12.8664 -4.57772 13.6299
v 12.4537 -4.16675 14.2809
v 11.1636 -3.22313 12.8673
f 1793 1794 1795 1796
f 1797 1798 1799 1800
f 1793 1794 1798 1797
f 1794 1795 1799 1798
f 1795 1796 1800 1799
f 1796 1793 1797 1800
o Box225
v 7.21902 -6.55087 12.9648
v 11.4143 -10.0624 14.5852
v 12.9641 -7.0337 17.1363
v 8.76883 -3.52213 15.5159
v 6.53271 -6.95631 13.8631
v 10.728 -10.4679 15.4835
v 12.2778 -7.43913 18.0346
v 8.08252 -3.92756 16.4142
f 1801 1802 1803 1804
f 1805 1806 1807 1808
f 1801 1802 1806 1805
f 1802 1803 1807 1806
f 1803 1804 1808 1807
f 1804 1801 1805 1808
o Box226
v 11.8986 -2.36972 13.1397
v 14.9275 -5.49853 15.8321
v 11.6762 -6.36115 18.4874
v 8.64729 -3.23233 15.795
v 11.5637 -3.30941 12.4244
v 14.5927 -6.43822 15.1168
v 11.3414 -7.30083 17.7721
v 8.31243 -4.17202 15.0797
f 1809 1810 1811 1812
f 1813 1814 1815 1816
f 1809 1810 1814 1813
f 1810 1811 1815 1814
f 1811 1812 1816 1815
f 1812 1809 1813 1816
o Box227
v 8.29914 -8.97873 14.1948
v 6.25798 -5.40661 14.0482
v 8.79462 -3.83857 16.9366
v 10.8358 -7.41069 17.0832
v 9.00982 -8.60656 13.3686
v 6.96865 -5.03444 13.222
v 9.50529 -3.4664 16.1104
v 11.5464 -7.03852 16.257
f 1817 1818 1819 1820
f 1821 1822 1823 1824
f 1817 1818 1822 1821
f 1818 1819 1823 1822
f 1819 1820 1824 1823
f 1820 1817 1821 1824
o Box228
v 10.8502 -10.2325 15.475
v 8.38424 -7.84041 15.0255
v 10.3476 -5.37119 17.395
v 12.8136 -7.76329 17.8444
v 11.1807 -9.99066 14.9491
v 8.71467 -7.59856 14.4997
v 10.6781 -5.12934 16.8691
v 13.1441 -7.52144 17.3186
f 1825 1826 1827 1828
f 1829 1830 1831 1832
f 1825 1826 1830 1829
f 1826 1827 1831 1830
f 1827 1828 1832 1831
f 1828 1825 1829 1832
o Box229
v 8.89591 -8.71717 14.2391
v 6.64934 -6.1718 13.7058
v 7.82006 -4.59466 16.3016
v 10.0666 -7.14003 16.8349
v 9.39241 -8.37006 13.8043
v 7.14584 -5.82468 13.271
v 8.31656 -4.24754 15.8668
v 10.5631 -6.79291 16.4
f 1833 1834 1835 1836
f 1837 1838 1839 1840
f 1833 1834 1838 1837
f 1834 1835 1839 1838
f 1835 1836 1840 1839
f 1836 1833 1837 1840
o Box230
v 8.86773 -7.8382 15.6841
v 7.01876 -5.83377 14.7827
v 8.62381 -3.83046 15.9451
v 10.4728 -5.83489 16.8465
v 9.07368 -7.80322 15.3394
v 7.22471 -5.79879 14.4381
v 8.82976 -3.79548 15.6005
v 10.6787 -5.79991 16.5019
f 1841 1842 1843 1844
f 1845 1846 1847 1848
f 1841 1842 1846 1845
f 1842 1843 1847 1846
f 1843 1844 1848 1847
f 1844 1841 1845 1848
o Box231
v 9.09049 -8.61312 13.9887
v 6.81445 -6.03648 13.6585
v 7.48292 -5.1572 15.9119
v 9.75896 -7.73384 16.2421
v 9.39241 -8.37006 13.8043
v 7.11637 -5.79341 13.4741
v 7.78484 -4.91413 15.7275
v 10.0609 -7.49077 16.0577
f 1849 1850 1851 1852
f 1853 1854 1855 1856
f 1849 1850 1854 1853
f 1850 1851 1855 1854
f 1851 1852 1856 1855
f 1852 1849 1853 1856
o Box232
v 9.29749 -8.46792 15.1127
v 6.87916 -6.97871 13.5581
v 7.28782 -4.37895 15.4128
v 9.70616 -5.86816 16.9674
v 9.5372 -8.33228 14.8698
v 7.11886 -6.84308 13.3152
v 7.52753 -4.24332 15.1698
v 9.94586 -5.73252 16.7245
f 1857 1858 1859 1860
f 1861 1862 1863 1864
f 1857 1858 1862 1861
f 1858 1859 1863 1862
f 1859 1860 1864 1863
f 1860 1857 1861 1864
o Box233
v 7.18836 -6.36152 13.3714
v 9.39243 -8.37003 13.8043
v 9.3311 -8.24222 14.7097
v 7.12703 -6.2337 14.2769
v 7.18834 -6.36154 13.3714
v 9.39241 -8.37005 13.8043
v 9.33108 -8.24223 14.7097
v 7.12702 -6.23372 14.2769
f 1865 1866 1867 1868
f 1869 1870 1871 1872
f 1865 1866 1870 1869
f 1866 1867 1871 1870
f 1867 1868 1872 1871
f 1868 1865 1869 1872
o Box234
v 9.04848 -8.21886 14.7659
v 7.01642 -5.83694 14.264
v 7.61315 -5.02659 15.6939
v 9.6452 -7.40851 16.1957
v 9.18922 -8.12266 14.6526
v 7.15716 -5.74074 14.1508
v 7.75389 -4.93038 15.5806
v 9.78594 -7.3123 16.0825
f 1873 1874 1875 1876
f 1877 1878 1879 1880
f 1873 1874 1878 1877
f 1874 1875 1879 1878
f 1875 1876 1880 1879
f 1876 1873 1877 1880
o Box235
v 9.18922 -8.12266 14.6526
v 7.15589 -5.96594 14.168
v 7.3125 -5.6309 15.002
v 9.34583 -7.78762 15.4866
v 9.18925 -8.12263 14.6526
v 7.15592 -5.96591 14.168
v 7.31253 -5.63087 15.002
v 9.34586 -7.78759 15.4866
f 1881 1882 1883 1884
f 1885 1886 1887 1888
f 1881 1882 1886 1885
f 1882 1883 1887 1886
f 1883 1884 1888 1887
f 1884 1881 1885 1888
o Box236
v 9.1951 -7.65163 15.4275
v 7.36986 -5.42263 14.8439
v 7.74298 -4.94118 15.5159
v 9.56823 -7.17018 16.0994
v 9.19515 -7.6516 15.4274
v 7.3699 -5.42261 14.8439
v 7.74302 -4.94115 15.5159
v 9.56827 -7.17015 16.0994
f 1889 1890 1891 1892
f 1893 1894 1895 1896
f 1889 1890 1894 1893
f 1890 1891 1895 1894
f 1891 1892 1896 1895
f 1892 1889 1893 1896
o Box237
v 9.4095 -7.01372 16.0351
v 7.80609 -4.79752 15.3143
v 8.36701 -4.24808 15.7559
v 9.97042 -6.46428 16.4767
v 9.4095 -7.01372 16.0351
v 7.8061 -4.79752 15.3143
v 8.36702 -4.24808 15.7558
v 9.97043 -6.46428 16.4767
f 1897 1898 1899 1900
f 1901 1902 1903 1904
f 1897 1898 1902 1901
f 1898 1899 1903 1902
f 1899 1900 1904 1903
f 1900 1897 1901 1904
o Box238
v 9.08496 -8.32447 14.203
v 7.03529 -6.18528 13.7181
v 7.22538 -5.81725 14.5382
v 9.27506 -7.95644 15.0231
v 9.085 -8.32444 14.2029
v 7.03533 -6.18525 13.7181
v 7.22542 -5.81722 14.5382
v 9.27509 -7.95642 15.0231
f 1905 1906 1907 1908
f 1909 1910 1911 1912
f 1905 1906 1910 1909
f 1906 1907 1911 1910
f 1907 1908 1912 1911
f 1908 1905 1909 1912
o Box239
v 9.80638 -6.28593 16.4026
v 8.41193 -4.16782 15.5193
v 9.10993 -3.63615 15.6923
v 10.5044 -5.75426 16.5756
v 9.8064 -6.28594 16.4026
v 8.41195 -4.16783 15.5192
v 9.10995 -3.63616 15.6922
v 10.5044 -5.75427 16.5756
f 1913 1914 1915 1916
f 1917 1918 1919 1920
f 1913 1914 1918 1917
f 1914 1915 1919 1918
f 1915 1916 1920 1919
f 1916 1913 1917 1920
o Box240
v 8.56941 -8.09576 15.3411
v 6.81202 -5.48097 14.6261
v 8.47397 -4.00355 15.9443
v 10.2314 -6.61834 16.6593
v 8.79838 -8.03839 14.9881
v 7.04099 -5.4236 14.2731
v 8.70294 -3.94618 15.5914
v 10.4603 -6.56097 16.3063
f 1921 1922 1923 1924
f 1925 1926 1927 1928
f 1921 1922 1926 1925
f 1922 1923 1927 1926
f 1923 1924 1928 1927
f 1924 1921 1925 1928
o Box241
v 8.9771 -7.92948 15.0758
v 7.12748 -5.72895 14.4837
v 7.53282 -5.21237 15.1374
v 9.38245 -7.41291 15.7295
v 8.97715 -7.92946 15.0758
v 7.12752 -5.72892 14.4837
v 7.53287 -5.21235 15.1373
v 9.38249 -7.41288 15.7294
f 1929 1930 1931 1932
f 1933 1934 1935 1936
f 1929 1930 1934 1933
f 1930 1931 1935 1934
f 1931 1932 1936 1935
f 1932 1929 1933 1936
o Box242
v 8.93642 -7.35748 15.9925
v 7.33313 -5.04885 15.1677
v 8.6114 -3.94317 15.7777
v 10.2147 -6.2518 16.6026
v 9.02795 -7.36049 15.8062
v 7.42466 -5.05186 14.9813
v 8.70294 -3.94618 15.5914
v 10.3062 -6.25481 16.4162
f 1937 1938 1939 1940
f 1941 1942 1943 1944
f 1937 1938 1942 1941
f 1938 1939 1943 1942
f 1939 1940 1944 1943
f 1940 1937 1941 1944
o Box243
v 9.09431 -7.32465 15.8161
v 7.452 -5.1485 15.0903
v 8.04596 -4.56257 15.5031
v 9.68827 -6.73871 16.2289
v 9.09432 -7.32464 15.816
v 7.45202 -5.1485 15.0903
v 8.04597 -4.56256 15.5031
v 9.68828 -6.73871 16.2289
f 1945 1946 1947 1948
f 1949 1950 1951 1952
f 1945 1946 1950 1949
f 1946 1947 1951 1950
f 1947 1948 1952 1951
f 1948 1945 1949 1952
o Box244
v 9.42066 -6.58399 16.3349
v 7.97193 -4.51104 15.463
v 8.70294 -3.94618 15.5914
v 10.1517 -6.01912 16.4632
v 9.42068 -6.584 16.3348
v 7.97194 -4.51105 15.463
v 8.70295 -3.94619 15.5913
v 10.1517 -6.01913 16.4631
f 1953 1954 1955 1956
f 1957 1958 1959 1960
f 1953 1954 1958 1957
f 1954 1955 1959 1958
f 1955 1956 1960 1959
f 1956 1953 1957 1960
o Box245
v 10.9052 -10.0101 15.7334
v 8.55215 -6.98446 15.5732
v 10.7112 -5.20017 17.5605
v 13.0642 -8.22577 17.7207
v 11.2575 -9.76783 15.1331
v 8.90447 -6.74224 14.973
v 11.0635 -4.95795 16.9603
v 13.4165 -7.98354 17.1205
f 1961 1962 1963 1964
f 1965 1966 1967 1968
f 1961 1962 1966 1965
f 1962 1963 1967 1966
f 1963 1964 1968 1967
f 1964 1961 1965 1968
o Box246
v 10.6986 -10.3032 15.1965
v 8.2346 -7.5485 14.9812
v 10.069 -5.73847 17.1476
v 12.533 -8.4932 17.3628
v 11.0744 -10.011 14.6341
v 8.61038 -7.25631 14.4189
v 10.4448 -5.44629 16.5853
v 12.9087 -8.20101 16.8005
f 1969 1970 1971 1972
f 1973 1974 1975 1976
f 1969 1970 1974 1973
f 1970 1971 1975 1974
f 1971 1972 1976 1975
f 1972 1969 1973 1976
o Box247
v 9.09362 -7.56075 15.0705
v 11.5465 -9.52899 15.3991
v 12.0636 -8.64705 16.8211
v 9.61077 -6.6788 16.4925
v 8.9797 -7.68313 15.1878
v 11.4326 -9.65137 15.5165
v 11.9497 -8.76943 16.9385
v 9.49685 -6.80119 16.6098
f 1977 1978 1979 1980
f 1981 1982 1983 1984
f 1977 1978 1982 1981
f 1978 1979 1983 1982
f 1979 1980 1984 1983
f 1980 1977 1981 1984
o Box248
v 11.5632 -8.4299 16.9932
v 9.56644 -6.34784 16.3097
v 10.6713 -5.12547 16.8057
v 12.668 -7.20753 17.4892
v 11.6382 -8.42045 16.8027
v 9.64149 -6.33839 16.1193
v 10.7463 -5.11602 16.6152
v 12.7431 -7.19808 17.2987
f 1985 1986 1987 1988
f 1989 1990 1991 1992
f 1985 1986 1990 1989
f 1986 1987 1991 1990
f 1987 1988 1992 1991
f 1988 1985 1989 1992
o Box249
v 9.28287 -7.22128 15.7616
v 11.5102 -9.07783 16.1877
v 11.8251 -8.54738 16.8529
v 9.59774 -6.69083 16.4268
v 9.28283 -7.22131 15.7616
v 11.5102 -9.07787 16.1878
v 11.8251 -8.54742 16.853
v 9.5977 -6.69086 16.4268
f 1993 1994 1995 1996
f 1997 1998 1999 2000
f 1993 1994 1998 1997
f 1994 1995 1999 1998
f 1995 1996 2000 1999
f 1996 1993 1997 2000
o Box250
v 9.13761 -7.78444 15.0813
v 11.5465 -9.52894 15.3991
v 11.6852 -9.18548 16.2332
v 9.27629 -7.44098 15.9154
v 9.13757 -7.78449 15.0813
v 11.5465 -9.52899 15.3991
v 11.6852 -9.18553 16.2332
v 9.27625 -7.44103 15.9154
f 2001 2002 2003 2004
f 2005 2006 2007 2008
f 2001 2002 2006 2005
f 2002 2003 2007 2006
f 2003 2004 2008 2007
f 2004 2001 2005 2008
o Box251
v 9.62029 -6.53234 16.2277
v 11.6382 -8.42045 16.8027
v 12.112 -7.78413 17.2297
v 10.094 -5.89601 16.6547
v 9.62026 -6.53235 16.2278
v 11.6382 -8.42047 16.8028
v 12.1119 -7.78414 17.2298
v 10.094 -5.89603 16.6548
f 2009 2010 2011 2012
f 2013 2014 2015 2016
f 2009 2010 2014 2013
f 2010 2011 2015 2014
f 2011 2012 2016 2015
f 2012 2009 2013 2016
o Box252
v 11.9151 -7.63604 17.1698
v 10.1095 -5.80233 16.4198
v 10.7058 -5.1533 16.5712
v 12.5114 -6.98701 17.3212
v 11.9152 -7.63604 17.1698
v 10.1096 -5.80233 16.4198
v 10.7058 -5.1533 16.5712
v 12.5114 -6.98701 17.3212
f 2017 2018 2019 2020
f 2021 2022 2023 2024
f 2017 2018 2022 2021
f 2018 2019 2023 2022
f 2019 2020 2024 2023
f 2020 2017 2021 2024
o Box253
v 8.95018 -7.84951 14.57
v 11.4196 -9.77743 14.9051
v 11.8897 -8.91753 16.3873
v 9.42037 -6.98961 16.0522
v 8.83467 -7.97812 14.6813
v 11.3041 -9.90604 15.0164
v 11.7742 -9.04614 16.4986
v 9.30486 -7.11822 16.1634
f 2025 2026 2027 2028
f 2029 2030 2031 2032
f 2025 2026 2030 2029
f 2026 2027 2031 2030
f 2027 2028 2032 2031
f 2028 2025 2029 2032
o Box254
v 11.235 -8.84562 16.7731
v 9.1935 -6.86227 16.0966
v 10.2781 -5.54931 16.6729
v 12.3196 -7.53267 17.3493
v 11.3149 -8.82821 16.5831
v 9.27337 -6.84486 15.9066
v 10.358 -5.5319 16.4829
v 12.3995 -7.51526 17.1593
f 2033 2034 2035 2036
f 2037 2038 2039 2040
f 2033 2034 2038 2037
f 2034 2035 2039 2038
f 2035 2036 2040 2039
f 2036 2033 2037 2040
o Box255
v 9.08207 -7.55958 15.4055
v 11.328 -9.38491 15.8393
v 11.6663 -8.81495 16.486
v 9.42037 -6.98962 16.0522
v 9.082 -7.55964 15.4056
v 11.3279 -9.38498 15.8394
v 11.6662 -8.81502 16.4861
v 9.4203 -6.98968 16.0523
f 2041 2042 2043 2044
f 2045 2046 2047 2048
f 2041 2042 2046 2045
f 2042 2043 2047 2046
f 2043 2044 2048 2047
f 2044 2041 2045 2048
o Box256
v 9.03497 -8.01272 14.6325
v 11.4563 -9.73816 14.9491
v 11.6205 -9.35742 15.7683
v 9.19916 -7.63198 15.4516
v 9.03496 -8.01273 14.6325
v 11.4563 -9.73817 14.9491
v 11.6205 -9.35743 15.7683
v 9.19915 -7.63199 15.4517
f 2049 2050 2051 2052
f 2053 2054 2055 2056
f 2049 2050 2054 2053
f 2050 2051 2055 2054
f 2051 2052 2056 2055
f 2052 2049 2053 2056
o Box257
v 9.32575 -6.93838 16.0114
v 11.3741 -8.78073 16.5908
v 11.8712 -8.10262 16.9897
v 9.82283 -6.26027 16.4103
v 9.32574 -6.93839 16.0114
v 11.3741 -8.78074 16.5908
v 11.8712 -8.10262 16.9897
v 9.82282 -6.26027 16.4103
f 2057 2058 2059 2060
f 2061 2062 2063 2064
f 2057 2058 2062 2061
f 2058 2059 2063 2062
f 2059 2060 2064 2063
f 2060 2057 2061 2064
o Box258
v 9.73842 -6.22054 16.3754
v 11.588 -7.9997 17.1131
v 12.2075 -7.31106 17.2205
v 10.358 -5.5319 16.4829
v 9.7384 -6.22053 16.3754
v 11.5879 -7.9997 17.1131
v 12.2075 -7.31106 17.2206
v 10.358 -5.53189 16.4829
f 2065 2066 2067 2068
f 2069 2070 2071 2072
f 2065 2066 2070 2069
f 2066 2067 2071 2070
f 2067 2068 2072 2071
f 2068 2065 2069 2072
o Box259
v 9.10725 -2.50622 12.7386
v 8.30848 -5.01114 16.4156
v 11.7086 -6.34852 16.2432
v 12.5073 -3.84359 12.5662
v 9.48102 -1.64233 13.4084
v 8.68225 -4.14726 17.0853
v 12.0823 -5.48463 16.9129
v 12.8811 -2.97971 13.2359
f 2073 2074 2075 2076
f 2077 2078 2079 2080
f 2073 2074 2078 2077
f 2074 2075 2079 2078
f 2075 2076 2080 2079
f 2076 2073 2077 2080
o Box260
v 10.3799 -3.97315 13.6214
v 10.1973 -6.63925 17.2707
v 13.7382 -7.34387 16.9331
v 13.9209 -4.67778 13.2838
v 10.6244 -3.06761 14.2952
v 10.4418 -5.7337 17.9445
v 13.9827 -6.43832 17.6069
v 14.1653 -3.77223 13.9576
f 2081 2082 2083 2084
f 2085 2086 2087 2088
f 2081 2082 2086 2085
f 2082 2083 2087 2086
f 2083 2084 2088 2087
f 2084 2081 2085 2088
o Box261
v 9.53006 -2.76579 14.1376
v 10.8087 -4.3499 16.2878
v 12.6192 -4.96752 14.7561
v 11.3406 -3.3834 12.606
v 9.78038 -2.37564 14.2762
v 11.059 -3.95976 16.4264
v 12.8695 -4.57738 14.8947
v 11.5909 -2.99326 12.7445
f 2089 2090 2091 2092
f 2093 2094 2095 2096
f 2089 2090 2094 2093
f 2090 2091 2095 2094
f 2091 2092 2096 2095
f 2092 2089 2093 2096
o Box262
v 9.95789 -5.65056 16.7832
v 8.59601 -3.77111 15.642
v 10.4649 -2.82676 14.967
v 11.8268 -4.70621 16.1082
v 9.9515 -5.75263 16.6228
v 8.58963 -3.87318 15.4815
v 10.4585 -2.92884 14.8065
v 11.8204 -4.80829 15.9478
f 2097 2098 2099 2100
f 2101 2102 2103 2104
f 2097 2098 2102 2101
f 2098 2099 2103 2102
f 2099 2100 2104 2103
f 2100 2097 2101 2104
o Box263
v 10.3027 -2.72077 13.8054
v 11.6116 -3.92433 15.5988
v 12.6251 -4.57864 14.42
v 11.3162 -3.37508 12.6266
v 10.4297 -2.55606 13.8232
v 11.7386 -3.75963 15.6167
v 12.7522 -4.41394 14.4379
v 11.4432 -3.21037 12.6444
f 2105 2106 2107 2108
f 2109 2110 2111 2112
f 2105 2106 2110 2109
f 2106 2107 2111 2110
f 2107 2108 2112 2111
f 2108 2105 2109 2112
o Box264
v 11.4728 -2.89611 13.2903
v 12.8081 -4.34271 14.5757
v 11.3531 -4.28761 16.149
v 10.0179 -2.841 14.8635
v 11.3678 -3.07379 13.1994
v 12.7031 -4.5204 14.4849
v 11.2481 -4.46529 16.0581
v 9.91288 -3.01869 14.7726
f 2113 2114 2115 2116
f 2117 2118 2119 2120
f 2113 2114 2118 2117
f 2114 2115 2119 2118
f 2115 2116 2120 2119
f 2116 2113 2117 2120
o Box265
v 11.3162 -3.37508 12.6266
v 12.5999 -4.34208 14.0256
v 12.2209 -3.88754 14.6875
v 10.9372 -2.92054 13.2885
v 11.3162 -3.37509 12.6266
v 12.5999 -4.34209 14.0256
v 12.2209 -3.88755 14.6875
v 10.9372 -2.92055 13.2885
f 2121 2122 2123 2124
f 2125 2126 2127 2128
f 2121 2122 2126 2125
f 2122 2123 2127 2126
f 2123 2124 2128 2127
f 2124 2121 2125 2128
o Box266
v 11.1302 -3.06479 13.4563
v 12.2975 -4.26634 14.8198
v 11.7378 -4.04042 15.4981
v 10.5705 -2.83886 14.1346
v 11.1302 -3.06481 13.4563
v 12.2975 -4.26637 14.8198
v 11.7378 -4.04045 15.4981
v 10.5705 -2.83889 14.1346
f 2129 2130 2131 2132
f 2133 2134 2135 2136
f 2129 2130 2134 2133
f 2130 2131 2135 2134
f 2131 2132 2136 2135
f 2132 2129 2133 2136
o Box267
v 11.8498 -4.41992 15.5307
v 10.716 -2.96859 14.2554
v 10.0125 -2.99536 14.8504
v 11.1463 -4.44668 16.1257
v 11.8498 -4.4199 15.5307
v 10.716 -2.96858 14.2554
v 10.0125 -2.99535 14.8504
v 11.1463 -4.44667 16.1257
f 2137 2138 2139 2140
f 2141 2142 2143 2144
f 2137 2138 2142 2141
f 2138 2139 2143 2142
f 2139 2140 2144 2143
f 2140 2137 2141 2144
o Box268
v 11.734 -3.04345 13.0825
v 12.8734 -4.53703 14.8373
v 11.6397 -4.26671 15.8683
v 10.5004 -2.77313 14.1135
v 11.6345 -3.20843 13.0067
v 12.7738 -4.70201 14.7614
v 11.5402 -4.43169 15.7925
v 10.4008 -2.93811 14.0377
f 2145 2146 2147 2148
f 2149 2150 2151 2152
f 2145 2146 2150 2149
f 2146 2147 2151 2150
f 2147 2148 2152 2151
f 2148 2145 2149 2152
o Box269
v 11.4946 -3.18044 13.0628
v 12.6457 -4.35685 14.4744
v 12.0659 -4.17283 15.1005
v 10.9148 -2.99641 13.6889
v 11.4946 -3.18046 13.0628
v 12.6457 -4.35688 14.4744
v 12.0659 -4.17285 15.1005
v 10.9148 -2.99644 13.6889
f 2153 2154 2155 2156
f 2157 2158 2159 2160
f 2153 2154 2158 2157
f 2154 2155 2159 2158
f 2155 2156 2160 2159
f 2156 2153 2157 2160
o Box270
v 12.2437 -4.38245 15.2724
v 11.1522 -2.93805 13.9329
v 10.4487 -2.98735 14.453
v 11.5402 -4.43176 15.7925
v 12.2437 -4.38238 15.2724
v 11.1522 -2.93798 13.933
v 10.4487 -2.98729 14.453
v 11.5402 -4.43169 15.7925
f 2161 2162 2163 2164
f 2165 2166 2167 2168
f 2161 2162 2166 2165
f 2162 2163 2167 2166
f 2163 2164 2168 2167
f 2164 2161 2165 2168
o Box271
v 11.8511 -4.99366 16.0283
v 10.6835 -2.90922 14.7275
v 9.17039 -3.4716 15.1845
v 10.338 -5.55604 16.4853
v 11.8611 -4.8803 16.201
v 10.6935 -2.79586 14.9002
v 9.18041 -3.35824 15.3572
v 10.348 -5.44268 16.658
f 2169 2170 2171 2172
f 2173 2174 2175 2176
f 2169 2170 2174 2173
f 2170 2171 2175 2174
f 2171 2172 2176 2175
f 2172 2169 2173 2176
o Box272
v 9.81874 -5.70254 16.7871
v 8.55235 -3.69686 15.5821
v 10.1279 -2.98729 15.1073
v 11.3943 -4.99296 16.3124
v 9.81444 -5.8133 16.6073
v 8.54805 -3.80762 15.4022
v 10.1236 -3.09805 14.9275
v 11.39 -5.10372 16.1326
f 2177 2178 2179 2180
f 2181 2182 2183 2184
f 2177 2178 2182 2181
f 2178 2179 2183 2182
f 2179 2180 2184 2183
f 2180 2177 2181 2184
o Box273
v 10.338 -5.55602 16.4853
v 9.11301 -3.61225 15.4313
v 9.88258 -3.18064 15.3329
v 11.1076 -5.12441 16.3869
v 10.338 -5.55604 16.4853
v 9.11301 -3.61227 15.4313
v 9.88258 -3.18066 15.3328
v 11.1076 -5.12443 16.3869
f 2185 2186 2187 2188
f 2189 2190 2191 2192
f 2185 2186 2190 2189
f 2186 2187 2191 2190
f 2187 2188 2192 2191
f 2188 2185 2189 2192
o Box274
v 10.9401 -4.91209 16.2734
v 9.82177 -3.20124 15.0602
v 10.592 -2.93792 14.7216
v 11.7103 -4.64876 15.9348
v 10.9401 -4.91209 16.2734
v 9.82177 -3.20125 15.0602
v 10.592 -2.93793 14.7216
v 11.7103 -4.64877 15.9348
f 2193 2194 2195 2196
f 2197 2198 2199 2200
f 2193 2194 2198 2197
f 2194 2195 2199 2198
f 2195 2196 2200 2199
f 2196 2193 2197 2200
o Box275
v 9.91445 -5.79669 16.5709
v 8.62611 -3.89121 15.5527
v 9.42451 -3.43755 15.3914
v 10.7129 -5.34303 16.4096
v 9.91446 -5.79669 16.5708
v 8.62611 -3.89121 15.5527
v 9.42451 -3.43756 15.3914
v 10.7129 -5.34304 16.4096
f 2201 2202 2203 2204
f 2205 2206 2207 2208
f 2201 2202 2206 2205
f 2202 2203 2207 2206
f 2203 2204 2208 2207
f 2204 2201 2205 2208
o Box276
v 11.3019 -4.79019 16.0831
v 10.1236 -3.09804 14.9275
v 9.33557 -3.36357 15.3422
v 10.5138 -5.05572 16.4978
v 11.3019 -4.79017 16.0831
v 10.1236 -3.09803 14.9275
v 9.33557 -3.36356 15.3422
v 10.5138 -5.0557 16.4978
f 2209 2210 2211 2212
f 2213 2214 2215 2216
f 2209 2210 2214 2213
f 2210 2211 2215 2214
f 2211 2212 2216 2215
f 2212 2209 2213 2216
o Box277
v 12.8684 -4.00405 13.5157
v 14.5234 -5.3575 15.5564
v 12.7089 -5.11062 17.1917
v 11.0538 -3.75717 15.151
v 12.6876 -4.43064 13.3794
v 14.3426 -5.78409 15.4201
v 12.528 -5.53721 17.0555
v 10.873 -4.18376 15.0148
f 2217 2218 2219 2220
f 2221 2222 2223 2224
f 2217 2218 2222 2221
f 2218 2219 2223 2222
f 2219 2220 2224 2223
f 2220 2217 2221 2224
o Box278
v 10.2279 -5.477 16.382
v 11.9718 -7.08732 17.3965
v 13.5951 -5.79777 16.6528
v 11.8512 -4.18745 15.6383
v 10.2242 -5.37886 16.5441
v 11.9681 -6.98918 17.5586
v 13.5915 -5.69963 16.8149
v 11.8475 -4.08932 15.8004
f 2225 2226 2227 2228
f 2229 2230 2231 2232
f 2225 2226 2230 2229
f 2226 2227 2231 2230
f 2227 2228 2232 2231
f 2228 2225 2229 2232
o Box279
v 12.7551 -4.24224 13.4199
v 14.3506 -5.20656 15.104
v 13.2974 -4.77304 16.3502
v 11.7018 -3.80871 14.6661
v 12.6602 -4.42692 13.404
v 14.2558 -5.39125 15.0881
v 13.2025 -4.95772 16.3343
v 11.6069 -3.99339 14.6502
f 2233 2234 2235 2236
f 2237 2238 2239 2240
f 2233 2234 2238 2237
f 2234 2235 2239 2238
f 2235 2236 2240 2239
f 2236 2233 2237 2240
o Box280
v 12.7602 -3.93935 14.0715
v 14.4016 -5.12964 15.2399
v 13.0495 -5.375 16.8894
v 11.4081 -4.18471 15.721
v 12.6853 -4.13098 13.9815
v 14.3267 -5.32127 15.1499
v 12.9745 -5.56663 16.7994
v 11.3332 -4.37634 15.631
f 2241 2242 2243 2244
f 2245 2246 2247 2248
f 2241 2242 2246 2245
f 2242 2243 2247 2246
f 2243 2244 2248 2247
f 2244 2241 2245 2248
o Box281
v 12.6602 -4.42692 13.404
v 14.1642 -5.15579 14.6964
v 13.7444 -4.79224 15.39
v 12.2404 -4.06336 14.0976
v 12.6602 -4.42695 13.404
v 14.1642 -5.15582 14.6964
v 13.7444 -4.79227 15.39
v 12.2404 -4.06339 14.0977
f 2249 2250 2251 2252
f 2253 2254 2255 2256
f 2249 2250 2254 2253
f 2250 2251 2255 2254
f 2251 2252 2256 2255
f 2252 2249 2253 2256
o Box282
v 12.464 -4.17113 14.2515
v 13.8991 -5.15218 15.5097
v 13.3456 -5.04769 16.2225
v 11.9105 -4.06664 14.9643
v 12.464 -4.17114 14.2515
v 13.8991 -5.1522 15.5097
v 13.3456 -5.0477 16.2225
v 11.9105 -4.06665 14.9643
f 2257 2258 2259 2260
f 2261 2262 2263 2264
f 2257 2258 2262 2261
f 2258 2259 2263 2262
f 2259 2260 2264 2263
f 2260 2257 2261 2264
o Box283
v 12.0819 -4.16831 15.0738
v 13.5284 -5.40005 16.2413
v 12.8762 -5.56932 16.8708
v 11.4297 -4.33758 15.7033
v 12.0819 -4.16833 15.0738
v 13.5284 -5.40006 16.2413
v 12.8762 -5.56933 16.8708
v 11.4297 -4.33759 15.7033
f 2265 2266 2267 2268
f 2269 2270 2271 2272
f 2265 2266 2270 2269
f 2266 2267 2271 2270
f 2267 2268 2272 2271
f 2268 2265 2269 2272
o Box284
v 13.0349 -4.03272 13.8466
v 14.5166 -5.31578 15.497
v 13.3125 -5.29566 16.5936
v 11.8308 -4.01259 14.9432
v 12.9635 -4.21166 13.7715
v 14.4452 -5.49473 15.422
v 13.2412 -5.4746 16.5186
v 11.7595 -4.19154 14.8682
f 2273 2274 2275 2276
f 2277 2278 2279 2280
f 2273 2274 2278 2277
f 2274 2275 2279 2278
f 2275 2276 2280 2279
f 2276 2273 2277 2280
o Box285
v 12.8219 -4.21039 13.836
v 14.2374 -5.17118 15.1459
v 13.6699 -5.10885 15.805
v 12.2543 -4.14807 14.495
v 12.8218 -4.21045 13.836
v 14.2374 -5.17124 15.1459
v 13.6699 -5.10891 15.8049
v 12.2543 -4.14813 14.495
f 2281 2282 2283 2284
f 2285 2286 2287 2288
f 2281 2282 2286 2285
f 2282 2283 2287 2286
f 2283 2284 2288 2287
f 2284 2281 2285 2288
o Box286
v 12.4868 -4.05151 14.7297
v 13.8927 -5.28663 15.9649
v 13.2412 -5.4746 16.5186
v 11.8352 -4.23948 15.2834
v 12.4868 -4.05157 14.7297
v 13.8927 -5.28669 15.9648
v 13.2412 -5.47466 16.5185
v 11.8352 -4.23954 15.2834
f 2289 2290 2291 2292
f 2293 2294 2295 2296
f 2289 2290 2294 2293
f 2290 2291 2295 2294
f 2291 2292 2296 2295
f 2292 2289 2293 2296
o Box287
v 10.1706 -5.41935 16.3058
v 11.8479 -7.1723 17.3856
v 13.2374 -6.17176 16.8515
v 11.56 -4.41881 15.7717
v 10.1642 -5.31348 16.4876
v 11.8416 -7.06643 17.5674
v 13.231 -6.06589 17.0333
v 11.5536 -4.31294 15.9535
f 2297 2298 2299 2300
f 2301 2302 2303 2304
f 2297 2298 2302 2301
f 2298 2299 2303 2302
f 2299 2300 2304 2303
f 2300 2297 2301 2304
o Box288
v 12.3061 -6.70933 17.4195
v 10.7068 -4.85686 16.241
v 12.0635 -4.01527 15.7227
v 13.6628 -5.86774 16.9013
v 12.3075 -6.81924 17.2448
v 10.7083 -4.96677 16.0662
v 12.065 -4.12518 15.548
v 13.6643 -5.97765 16.7266
f 2305 2306 2307 2308
f 2309 2310 2311 2312
f 2305 2306 2310 2309
f 2306 2307 2311 2310
f 2307 2308 2312 2311
f 2308 2305 2309 2312
o Box289
v 10.8592 -4.83495 16.2183
v 12.3891 -6.29367 17.26
v 13.0899 -5.87753 16.8135
v 11.56 -4.41881 15.7717
v 10.8592 -4.8349 16.2183
v 12.3891 -6.29362 17.2601
v 13.0899 -5.87748 16.8136
v 11.56 -4.41876 15.7718
f 2313 2314 2315 2316
f 2317 2318 2319 2320
f 2313 2314 2318 2317
f 2314 2315 2319 2318
f 2315 2316 2320 2319
f 2316 2313 2317 2320
o Box290
v 10.2711 -5.49011 16.4495
v 11.9413 -7.13645 17.3448
v 12.6315 -6.53875 17.1563
v 10.9613 -4.89242 16.261
v 10.2711 -5.49005 16.4496
v 11.9412 -7.13639 17.3449
v 12.6315 -6.5387 17.1564
v 10.9613 -4.89236 16.2611
f 2321 2322 2323 2324
f 2325 2326 2327 2328
f 2321 2322 2326 2325
f 2322 2323 2327 2326
f 2323 2324 2328 2327
f 2324 2321 2325 2328
o Box291
v 12.3075 -6.8192 17.2449
v 10.6906 -5.1222 16.3122
v 11.3602 -4.55356 16.186
v 12.9771 -6.25056 17.1187
v 12.3075 -6.81924 17.2448
v 10.6906 -5.12224 16.3121
v 11.3602 -4.5536 16.1859
v 12.9772 -6.2506 17.1186
f 2329 2330 2331 2332
f 2333 2334 2335 2336
f 2329 2330 2334 2333
f 2330 2331 2335 2334
f 2331 2332 2336 2335
f 2332 2329 2333 2336
o Box292
v 11.2911 -4.57817 15.9166
v 12.7681 -6.0686 17.0186
v 13.4557 -5.66113 16.6481
v 11.9788 -4.17069 15.546
v 11.2911 -4.57811 15.9167
v 12.7681 -6.06855 17.0187
v 13.4557 -5.66108 16.6481
v 11.9788 -4.17064 15.5461
f 2337 2338 2339 2340
f 2341 2342 2343 2344
f 2337 2338 2342 2341
f 2338 2339 2343 2342
f 2339 2340 2344 2343
f 2340 2337 2341 2344
o Box293
v 3.41348 2.69099 6.63593
v 9.65718 0.916932 6.32028
v 10.595 3.37646 11.0483
v 4.35135 5.15053 11.364
v 2.12057 -2.37372 9.52707
v 8.36427 -4.14778 9.21143
v 9.30213 -1.68825 13.9395
v 3.05843 0.0858124 14.2551
f 2345 2346 2347 2348
f 2349 2350 2351 2352
f 2345 2346 2350 2349
f 2346 2347 2351 2350
f 2347 2348 2352 2351
f 2348 2345 2349 2352
o Box294
v 2.67913 2.03385 5.6761
v 1.89434 5.39257 10.1143
v 7.22951 3.06112 12.8221
v 8.01431 -0.297607 8.3839
v 5.85618 6.25041 3.04689
v 5.07138 9.60914 7.48507
v 10.4066 7.27768 10.1929
v 11.1914 3.91896 5.75468
f 2353 2354 2355 2356
f 2357 2358 2359 2360
f 2353 2354 2358 2357
f 2354 2355 2359 2358
f 2355 2356 2360 2359
f 2356 2353 2357 2360
o Box295
v 3.31433 -2.21013 6.45619
v 3.35602 4.74154 7.36263
v 4.2753 3.8296 14.3141
v 4.2336 -3.12206 13.4076
v 6.48047 -2.17512 6.04209
v 6.52216 4.77654 6.94853
v 7.44144 3.86461 13.9
v 7.39974 -3.08705 12.9935
f 2361 2362 2363 2364
f 2365 2366 2367 2368
f 2361 2362 2366 2365
f 2362 2363 2367 2366
f 2363 2364 2368 2367
f 2364 2361 2365 2368
o Box296
v 9.03534 -2.85889 8.02875
v 9.77303 -0.773702 13.3973
v 9.60472 4.28888 11.454
v 8.86703 2.20369 6.08552
v 5.77075 -2.8035 8.45582
v 6.50843 -0.718307 13.8243
v 6.34012 4.34427 11.8811
v 5.60244 2.25908 6.51259
f 2369 2370 2371 2372
f 2373 2374 2375 2376
f 2369 2370 2374 2373
f 2370 2371 2375 2374
f 2371 2372 2376 2375
f 2372 2369 2373 2376
o Box297
v 7.78132 -0.83136 5.66124
v 7.49592 -3.54478 12.1166
v 6.15735 1.35522 14.1171
v 6.44275 4.06864 7.66169
v 4.85057 -1.46956 5.26341
v 4.56516 -4.18298 11.7188
v 3.22659 0.717022 13.7193
v 3.51199 3.43044 7.26386
f 2377 2378 2379 2380
f 2381 2382 2383 2384
f 2377 2378 2382 2381
f 2378 2379 2383 2382
f 2379 2380 2384 2383
f 2380 2377 2381 2384
o Box298
v 4.19849 0.152838 6.68289
v 7.10782 -1.67436 12.7373
v 8.82256 3.16535 13.3739
v 5.91324 4.99255 7.31951
v 2.05807 0.752121 7.89229
v 4.96739 -1.07508 13.9467
v 6.68214 3.76463 14.5833
v 3.77282 5.59183 8.52892
f 2385 2386 2387 2388
f 2389 2390 2391 2392
f 2385 2386 2390 2389
f 2386 2387 2391 2390
f 2387 2388 2392 2391
f 2388 2385 2389 2392
o Box299
v 6.91508 -2.93806 8.26591
v 5.97146 2.16784 5.84741
v 3.06205 2.60974 7.91551
v 4.00568 -2.49616 10.334
v 7.35234 -2.60009 8.80882
v 6.40871 2.5058 6.39032
v 3.4993 2.94771 8.45842
v 4.44293 -2.15819 10.8769
f 2393 2394 2395 2396
f 2397 2398 2399 2400
f 2393 2394 2398 2397
f 2394 2395 2399 2398
f 2395 2396 2400 2399
f 2396 2393 2397 2400
o Box300
v 3.11967 -2.21274 8.52755
v 3.26987 2.87194 10.3677
v 5.20743 1.27615 14.6191
v 5.05723 -3.80853 12.779
v 4.90265 -2.00021 7.79474
v 5.05285 3.08447 9.63485
v 6.9904 1.48868 13.8863
v 6.8402 -3.596 12.0461
f 2401 2402 2403 2404
f 2405 2406 2407 2408
f 2401 2402 2406 2405
f 2402 2403 2407 2406
f 2403 2404 2408 2407
f 2404 2401 2405 2408
o Box301
v 6.73888 -2.59666 8.24342
v 5.06098 0.45044 7.46962
v 3.53666 0.0837461 9.33094
v 5.21456 -2.96335 10.1047
v 7.02807 -2.36572 8.52575
v 5.35017 0.681378 7.75194
v 3.82585 0.314685 9.61327
v 5.50374 -2.73241 10.3871
f 2409 2410 2411 2412
f 2413 2414 2415 2416
f 2409 2410 2414 2413
f 2410 2411 2415 2414
f 2411 2412 2416 2415
f 2412 2409 2413 2416
o Box302
v 6.63949 -0.693341 7.09822
v 5.88896 2.41241 5.82015
v 2.91475 2.61781 8.06584
v 3.66528 -0.487938 9.34391
v 7.06026 -0.374336 7.62632
v 6.30973 2.73142 6.34824
v 3.33553 2.93682 8.59394
v 4.08605 -0.168934 9.87201
f 2417 2418 2419 2420
f 2421 2422 2423 2424
f 2417 2418 2422 2421
f 2418 2419 2423 2422
f 2419 2420 2424 2423
f 2420 2417 2421 2424
o Box303
v 6.73381 -2.52034 8.80624
v 5.6482 -0.179061 7.75921
v 4.57552 -0.380234 8.42156
v 5.66113 -2.72151 9.4686
v 6.74386 -2.50652 8.82672
v 5.65826 -0.165245 7.77968
v 4.58557 -0.366418 8.44203
v 5.67118 -2.7077 9.48907
f 2425 2426 2427 2428
f 2429 2430 2431 2432
f 2425 2426 2430 2429
f 2426 2427 2431 2430
f 2427 2428 2432 2431
f 2428 2425 2429 2432
o Box304
v 5.80969 -2.69032 8.8214
v 4.61208 0.197838 8.00858
v 3.71868 0.23433 9.45458
v 4.9163 -2.65382 10.2674
v 5.96842 -2.59756 8.91713
v 4.77081 0.290597 8.10431
v 3.87741 0.327089 9.55031
v 5.07502 -2.56107 10.3631
f 2433 2434 2435 2436
f 2437 2438 2439 2440
f 2433 2434 2438 2437
f 2434 2435 2439 2438
f 2435 2436 2440 2439
f 2436 2433 2437 2440
o Box305
v 6.44946 -2.56174 9.0085
v 5.25632 -0.218884 8.02789
v 4.49098 -0.411246 8.49951
v 5.68412 -2.7541 9.48012
v 6.44946 -2.56174 9.00851
v 5.25632 -0.218882 8.02789
v 4.49098 -0.411244 8.49951
v 5.68412 -2.7541 9.48013
f 2441 2442 2443 2444
f 2445 2446 2447 2448
f 2441 2442 2446 2445
f 2442 2443 2447 2446
f 2443 2444 2448 2447
f 2444 2441 2445 2448
o Box306
v 6.86615 -2.45816 8.71224
v 5.60325 -0.133593 7.74868
v 4.91271 -0.305254 8.23962
v 6.17561 -2.62982 9.20318
v 6.86616 -2.45815 8.71226
v 5.60325 -0.133584 7.74869
v 4.91271 -0.305245 8.23963
v 6.17562 -2.62981 9.2032
f 2449 2450 2451 2452
f 2453 2454 2455 2456
f 2449 2450 2454 2453
f 2450 2451 2455 2454
f 2451 2452 2456 2455
f 2452 2449 2453 2456
o Box307
v 5.95364 -2.59548 8.99165
v 4.81384 -0.0311913 8.12872
v 4.26731 -0.0416809 8.81944
v 5.40711 -2.60597 9.68236
v 5.95364 -2.59548 8.99165
v 4.81384 -0.0311891 8.12872
v 4.26731 -0.0416787 8.81944
v 5.40711 -2.60597 9.68237
f 2457 2458 2459 2460
f 2461 2462 2463 2464
f 2457 2458 2462 2461
f 2458 2459 2463 2462
f 2459 2460 2464 2463
f 2460 2457 2461 2464
o Box308
v 5.15536 -2.5496 9.52969
v 4.19894 0.19622 8.72332
v 3.87741 0.327088 9.55031
v 4.83383 -2.41873 10.3567
v 5.15539 -2.54959 9.5297
v 4.19897 0.196232 8.72333
v 3.87743 0.327099 9.55031
v 4.83386 -2.41872 10.3567
f 2465 2466 2467 2468
f 2469 2470 2471 2472
f 2465 2466 2470 2469
f 2466 2467 2471 2470
f 2467 2468 2472 2471
f 2468 2465 2469 2472
o Box309
v 4.58629 -0.648029 9.18759
v 3.48299 2.42455 8.08529
v 5.5651 2.67007 6.68567
v 6.6684 -0.402506 7.78798
v 4.38756 -0.837364 8.85874
v 3.28426 2.23522 7.75644
v 5.36637 2.48074 6.35682
v 6.46967 -0.591841 7.45913
f 2473 2474 2475 2476
f 2477 2478 2479 2480
f 2473 2474 2478 2477
f 2474 2475 2479 2478
f 2475 2476 2480 2479
f 2476 2473 2477 2480
o Box310
v 7.35762 0.876142 6.38718
v 6.10085 -1.47535 8.997
v 2.9299 1.34019 10.0069
v 4.18668 3.69168 7.39704
v 6.97714 0.601955 5.95691
v 5.72036 -1.74953 8.56672
v 2.54942 1.06601 9.57658
v 3.80619 3.41749 6.96676
f 2481 2482 2483 2484
f 2485 2486 2487 2488
f 2481 2482 2486 2485
f 2482 2483 2487 2486
f 2483 2484 2488 2487
f 2484 2481 2485 2488
o Box311
v 5.79041 -0.598242 7.96689
v 5.04236 1.68012 6.78857
v 5.92035 1.87587 6.60967
v 6.6684 -0.402499 7.78799
v 5.79041 -0.598249 7.96688
v 5.04236 1.68012 6.78856
v 5.92035 1.87586 6.60965
v 6.6684 -0.402506 7.78798
f 2489 2490 2491 2492
f 2493 2494 2495 2496
f 2489 2490 2494 2493
f 2490 2491 2495 2494
f 2491 2492 2496 2495
f 2492 2489 2493 2496
o Box312
v 5.64028 -0.518321 7.72698
v 4.91257 2.34987 6.68835
v 3.55389 2.41558 7.82176
v 4.2816 -0.452608 8.86039
v 5.76619 -0.433502 7.873
v 5.03848 2.43469 6.83436
v 3.6798 2.5004 7.96777
v 4.40751 -0.367788 9.00641
f 2497 2498 2499 2500
f 2501 2502 2503 2504
f 2497 2498 2502 2501
f 2498 2499 2503 2502
f 2499 2500 2504 2503
f 2500 2497 2501 2504
o Box313
v 5.76618 -0.433502 7.87299
v 5.09357 2.08863 6.81172
v 4.28317 2.05538 7.24631
v 4.95578 -0.466754 8.30759
v 5.76618 -0.433501 7.873
v 5.09357 2.08863 6.81172
v 4.28317 2.05538 7.24632
v 4.95578 -0.466753 8.30759
f 2505 2506 2507 2508
f 2509 2510 2511 2512
f 2505 2506 2510 2509
f 2506 2507 2511 2510
f 2507 2508 2512 2511
f 2508 2505 2509 2512
o Box314
v 4.93868 -0.312035 8.22323
v 4.40588 2.41363 7.25917
v 3.76654 2.52004 7.91334
v 4.29935 -0.205625 8.87741
v 4.93869 -0.312029 8.22324
v 4.40589 2.41364 7.25917
v 3.76656 2.52005 7.91335
v 4.29936 -0.20562 8.87742
f 2513 2514 2515 2516
f 2517 2518 2519 2520
f 2513 2514 2518 2517
f 2514 2515 2519 2518
f 2515 2516 2520 2519
f 2516 2513 2517 2520
o Box315
v 7.18121 -0.370234 7.41907
v 6.15865 2.27626 6.22914
v 4.67738 1.97536 6.83284
v 5.69994 -0.671134 8.02277
v 7.23241 -0.271937 7.59369
v 6.20985 2.37456 6.40376
v 4.72858 2.07366 7.00746
v 5.75114 -0.572836 8.19739
f 2521 2522 2523 2524
f 2525 2526 2527 2528
f 2521 2522 2526 2525
f 2522 2523 2527 2526
f 2523 2524 2528 2527
f 2524 2521 2525 2528
o Box316
v 4.28569 -0.0527533 8.79645
v 3.94285 2.81372 7.90178
v 3.55537 3.01961 8.70993
v 3.89821 0.153137 9.6046
v 4.2857 -0.052753 8.79645
v 3.94285 2.81372 7.90178
v 3.55537 3.01961 8.70993
v 3.89821 0.153138 9.6046
f 2529 2530 2531 2532
f 2533 2534 2535 2536
f 2529 2530 2534 2533
f 2530 2531 2535 2534
f 2531 2532 2536 2535
f 2532 2529 2533 2536
o Box317
v 6.36106 -0.471409 7.87189
v 5.53129 1.78914 6.68897
v 6.33519 1.96939 6.46952
v 7.16495 -0.291163 7.65244
v 6.36105 -0.471428 7.87186
v 5.53128 1.78912 6.68894
v 6.33518 1.96937 6.46949
v 7.16495 -0.291182 7.65241
f 2537 2538 2539 2540
f 2541 2542 2543 2544
f 2537 2538 2542 2541
f 2538 2539 2543 2542
f 2539 2540 2544 2543
f 2540 2537 2541 2544
o Box318
v 6.20875 -0.417042 7.59818
v 5.46451 2.10103 6.55047
v 4.72858 2.07366 7.00746
v 5.47282 -0.444415 8.05516
v 6.20876 -0.417037 7.59819
v 5.46452 2.10103 6.55048
v 4.72858 2.07366 7.00747
v 5.47282 -0.444409 8.05517
f 2545 2546 2547 2548
f 2549 2550 2551 2552
f 2545 2546 2550 2549
f 2546 2547 2551 2550
f 2547 2548 2552 2551
f 2548 2545 2549 2552
o Box319
v 4.93197 -2.84123 9.28656
v 3.82291 0.695259 8.65301
v 3.31191 1.1025 11.8207
v 4.42096 -2.43399 12.4543
v 5.63725 -2.60511 9.36998
v 4.52819 0.931381 8.73643
v 4.01719 1.33862 11.9042
v 5.12624 -2.19787 12.5377
f 2553 2554 2555 2556
f 2557 2558 2559 2560
f 2553 2554 2558 2557
f 2554 2555 2559 2558
f 2555 2556 2560 2559
f 2556 2553 2557 2560
o Box320
v 3.93907 -1.71092 12.0173
v 3.22568 0.733988 10.584
v 5.55244 2.57573 12.5675
v 6.26583 0.130825 14.0008
v 4.41564 -1.83309 11.5717
v 3.70226 0.61182 10.1384
v 6.02902 2.45356 12.1219
v 6.74241 0.00865686 13.5552
f 2561 2562 2563 2564
f 2565 2566 2567 2568
f 2561 2562 2566 2565
f 2562 2563 2567 2566
f 2563 2564 2568 2567
f 2564 2561 2565 2568
o Box321
v 5.25295 -2.76429 9.27732
v 4.09575 0.468377 8.55773
v 3.25017 0.694612 10.9339
v 4.40738 -2.53805 11.6535
v 5.63288 -2.60163 9.39703
v 4.47568 0.63103 8.67744
v 3.6301 0.857265 11.0536
v 4.78731 -2.3754 11.7732
f 2569 2570 2571 2572
f 2573 2574 2575 2576
f 2569 2570 2574 2573
f 2570 2571 2575 2574
f 2571 2572 2576 2575
f 2572 2569 2573 2576
o Box322
v 4.36123 -2.2543 10.7219
v 3.72802 0.382743 9.5005
v 3.83857 1.18948 11.1849
v 4.47178 -1.44756 12.4063
v 4.54202 -2.22326 10.6952
v 3.90881 0.413777 9.47377
v 4.01936 1.22051 11.1582
v 4.65257 -1.41653 12.3796
f 2577 2578 2579 2580
f 2581 2582 2583 2584
f 2577 2578 2582 2581
f 2578 2579 2583 2582
f 2579 2580 2584 2583
f 2580 2577 2581 2584
o Box323
v 5.63288 -2.60164 9.39703
v 4.54528 -0.0310392 8.5096
v 3.93092 -0.0545641 9.19438
v 5.01853 -2.62516 10.0818
v 5.63288 -2.60163 9.39703
v 4.54528 -0.0310367 8.5096
v 3.93093 -0.0545616 9.19438
v 5.01853 -2.62516 10.0818
f 2585 2586 2587 2588
f 2589 2590 2591 2592
f 2585 2586 2590 2589
f 2586 2587 2591 2590
f 2587 2588 2592 2591
f 2588 2585 2589 2592
o Box324
v 4.77655 -2.54046 9.97197
v 3.88475 0.476842 9.17663
v 3.51071 0.812277 10.8686
v 4.4025 -2.20503 11.6639
v 4.9717 -2.47484 10.0021
v 4.07991 0.542465 9.20676
v 3.70586 0.8779 10.8987
v 4.59766 -2.13941 11.6941
f 2593 2594 2595 2596
f 2597 2598 2599 2600
f 2593 2594 2598 2597
f 2594 2595 2599 2598
f 2595 2596 2600 2599
f 2596 2593 2597 2600
o Box325
v 4.97169 -2.47485 10.0021
v 4.0491 0.272012 9.17561
v 3.66956 0.393749 10.0039
v 4.59215 -2.35311 10.8304
v 4.9717 -2.47484 10.0021
v 4.04911 0.272017 9.17561
v 3.66957 0.393754 10.0039
v 4.59216 -2.3531 10.8304
f 2601 2602 2603 2604
f 2605 2606 2607 2608
f 2601 2602 2606 2605
f 2602 2603 2607 2606
f 2603 2604 2608 2607
f 2604 2601 2605 2608
o Box326
v 4.54567 -2.19665 10.7507
v 3.83147 0.655117 9.94717
v 3.73926 0.88091 10.8304
v 4.45346 -1.97086 11.634
v 4.54568 -2.19665 10.7507
v 3.83148 0.65512 9.94717
v 3.73927 0.880913 10.8304
v 4.45347 -1.97085 11.634
f 2609 2610 2611 2612
f 2613 2614 2615 2616
f 2609 2610 2614 2613
f 2610 2611 2615 2614
f 2611 2612 2616 2615
f 2612 2609 2613 2616
o Box327
v 4.40616 -1.80062 11.5526
v 3.92239 1.07219 10.7307
v 4.13263 1.34883 11.5739
v 4.6164 -1.52397 12.3958
v 4.40617 -1.80061 11.5526
v 3.92239 1.07219 10.7307
v 4.13264 1.34883 11.5739
v 4.61641 -1.52397 12.3958
f 2617 2618 2619 2620
f 2621 2622 2623 2624
f 2617 2618 2622 2621
f 2618 2619 2623 2622
f 2619 2620 2624 2623
f 2620 2617 2621 2624
o Box328
v 4.56903 -2.32738 10.2611
v 3.83197 0.521902 9.46516
v 3.79003 0.756582 10.3441
v 4.52709 -2.0927 11.14
v 4.56904 -2.32738 10.2611
v 3.83198 0.521903 9.46516
v 3.79003 0.756583 10.3441
v 4.52709 -2.0927 11.14
f 2625 2626 2627 2628
f 2629 2630 2631 2632
f 2625 2626 2630 2629
f 2626 2627 2631 2630
f 2627 2628 2632 2631
f 2628 2625 2629 2632
o Box329
v 4.32894 -1.21694 12.6467
v 4.50908 1.94649 11.6681
v 6.53025 2.24785 13.0142
v 6.35011 -0.915586 13.9929
v 4.57002 -1.3345 12.3111
v 4.75016 1.82893 11.3324
v 6.77133 2.13028 12.6786
v 6.59119 -1.03315 13.6572
f 2633 2634 2635 2636
f 2637 2638 2639 2640
f 2633 2634 2638 2637
f 2634 2635 2639 2638
f 2635 2636 2640 2639
f 2636 2633 2637 2640
o Box330
v 4.03196 -1.96843 11.1328
v 3.63202 1.05889 10.2792
v 4.33985 1.58891 11.8272
v 4.73978 -1.4384 12.6809
v 4.21938 -1.96789 11.0469
v 3.81944 1.05943 10.1933
v 4.52726 1.58946 11.7414
v 4.9272 -1.43786 12.595
f 2641 2642 2643 2644
f 2645 2646 2647 2648
f 2641 2642 2646 2645
f 2642 2643 2647 2646
f 2643 2644 2648 2647
f 2644 2641 2645 2648
o Box331
v 4.57002 -1.3345 12.3111
v 4.31369 1.47204 11.4296
v 4.80293 1.74103 12.1438
v 5.05926 -1.06551 13.0253
v 4.57005 -1.33451 12.3111
v 4.31372 1.47204 11.4296
v 4.80295 1.74103 12.1438
v 5.05929 -1.06552 13.0252
f 2649 2650 2651 2652
f 2653 2654 2655 2656
f 2649 2650 2654 2653
f 2650 2651 2655 2654
f 2651 2652 2656 2655
f 2652 2649 2653 2656
o Box332
v 4.92927 -0.784249 13.1062
v 5.0358 1.98131 12.0284
v 6.58466 2.19737 12.7359
v 6.47814 -0.568183 13.8137
v 5.01748 -0.854538 12.9346
v 5.124 1.91102 11.8568
v 6.67287 2.12708 12.5643
v 6.56634 -0.638472 13.6421
f 2657 2658 2659 2660
f 2661 2662 2663 2664
f 2657 2658 2662 2661
f 2658 2659 2663 2662
f 2659 2660 2664 2663
f 2660 2657 2661 2664
o Box333
v 5.01748 -0.854537 12.9346
v 4.95936 1.80497 11.9566
v 5.66972 2.00952 12.4707
v 5.72784 -0.649981 13.4487
v 5.0175 -0.854547 12.9346
v 4.95938 1.80496 11.9566
v 5.66974 2.00951 12.4707
v 5.72786 -0.649991 13.4486
f 2665 2666 2667 2668
f 2669 2670 2671 2672
f 2665 2666 2670 2669
f 2666 2667 2671 2670
f 2667 2668 2672 2671
f 2668 2665 2669 2672
o Box334
v 5.69455 -0.418603 13.348
v 5.78091 2.02905 12.2451
v 6.62837 2.1207 12.5148
v 6.54201 -0.326951 13.6177
v 5.69455 -0.418608 13.3479
v 5.78091 2.02904 12.2451
v 6.62838 2.12069 12.5148
v 6.54202 -0.326956 13.6177
f 2673 2674 2675 2676
f 2677 2678 2679 2680
f 2673 2674 2678 2677
f 2674 2675 2679 2678
f 2675 2676 2680 2679
f 2676 2673 2677 2680
o Box335
v 4.26592 -1.95722 11.0969
v 3.75832 0.907555 10.2686
v 4.01573 1.195 11.105
v 4.52333 -1.66978 11.9333
v 4.26593 -1.95722 11.0969
v 3.75833 0.907556 10.2686
v 4.01574 1.195 11.105
v 4.52334 -1.66978 11.9333
f 2681 2682 2683 2684
f 2685 2686 2687 2688
f 2681 2682 2686 2685
f 2682 2683 2687 2686
f 2683 2684 2688 2687
f 2684 2681 2685 2688
o Box336
v 4.28231 -1.48516 11.9355
v 3.98954 1.30789 11.0394
v 4.52724 1.58946 11.7414
v 4.82001 -1.20359 12.6375
v 4.28234 -1.48516 11.9355
v 3.98957 1.30789 11.0394
v 4.52726 1.58946 11.7414
v 4.82003 -1.20359 12.6374
f 2689 2690 2691 2692
f 2693 2694 2695 2696
f 2689 2690 2694 2693
f 2690 2691 2695 2694
f 2691 2692 2696 2695
f 2692 2689 2693 2696
o Box337
v 3.58124 -0.216383 6.91441
v 3.70742 4.43085 7.12317
v 3.80655 4.2155 11.857
v 3.68037 -0.431731 11.6483
v 5.09332 -0.255934 6.88094
v 5.21949 4.3913 7.08971
v 5.31863 4.17595 11.8236
v 5.19245 -0.471282 11.6148
f 2697 2698 2699 2700
f 2701 2702 2703 2704
f 2697 2698 2702 2701
f 2698 2699 2703 2702
f 2699 2700 2704 2703
f 2700 2697 2701 2704
o Box338
v 3.39589 -0.695794 12.7378
v 4.14852 4.24918 10.5244
v 7.19509 4.32164 11.7221
v 6.44245 -0.623334 13.9356
v 3.66575 -1.03494 12.0719
v 4.41838 3.91004 9.85846
v 7.46495 3.9825 11.0562
v 6.71232 -0.962478 13.2697
f 2705 2706 2707 2708
f 2709 2710 2711 2712
f 2705 2706 2710 2709
f 2706 2707 2711 2710
f 2707 2708 2712 2711
f 2708 2705 2709 2712
o Box339
v 4.30092 -0.427711 8.09774
v 4.19695 2.13946 6.73366
v 3.33889 3.6714 9.68213
v 3.44286 1.10422 11.0462
v 4.95449 -0.327768 8.23601
v 4.85052 2.23941 6.87193
v 3.99246 3.77134 9.82041
v 4.09643 1.20416 11.1845
f 2713 2714 2715 2716
f 2717 2718 2719 2720
f 2713 2714 2718 2717
f 2714 2715 2719 2718
f 2715 2716 2720 2719
f 2716 2713 2717 2720
o Box340
v 3.14668 0.711722 9.90355
v 3.56563 3.90929 9.02444
v 4.94661 4.31863 11.1715
v 4.52766 1.12107 12.0506
v 3.50068 0.608167 9.6956
v 3.91964 3.80573 8.81649
v 5.30062 4.21508 10.9635
v 4.88166 1.01751 11.8426
f 2721 2722 2723 2724
f 2725 2726 2727 2728
f 2721 2722 2726 2725
f 2722 2723 2727 2726
f 2723 2724 2728 2727
f 2724 2721 2725 2728
o Box341
v 3.68295 0.319661 9.54716
v 3.68626 3.44935 8.70359
v 3.8976 3.9037 10.3901
v 3.89429 0.774016 11.2337
v 3.88599 0.313067 9.52349
v 3.8893 3.44275 8.67992
v 4.10064 3.89711 10.3664
v 4.09733 0.767423 11.21
f 2729 2730 2731 2732
f 2733 2734 2735 2736
f 2729 2730 2734 2733
f 2730 2731 2735 2734
f 2731 2732 2736 2735
f 2732 2729 2733 2736
o Box342
v 4.93567 -0.484659 7.44167
v 4.35899 2.9401 6.68746
v 3.34057 3.25475 8.89496
v 3.91724 -0.170003 9.64917
v 5.31977 -0.384114 7.60454
v 4.7431 3.04064 6.85033
v 3.72467 3.3553 9.05784
v 4.30135 -0.0694582 9.81205
f 2737 2738 2739 2740
f 2741 2742 2743 2744
f 2737 2738 2742 2741
f 2738 2739 2743 2742
f 2739 2740 2744 2743
f 2740 2737 2741 2744
o Box343
v 3.88599 0.313068 9.5235
v 3.76428 3.24122 8.66371
v 3.67621 3.49488 9.54005
v 3.79792 0.566725 10.3998
v 3.886 0.313068 9.5235
v 3.76429 3.24122 8.66371
v 3.67621 3.49488 9.54005
v 3.79793 0.566726 10.3998
f 2745 2746 2747 2748
f 2749 2750 2751 2752
f 2745 2746 2750 2749
f 2746 2747 2751 2750
f 2747 2748 2752 2751
f 2748 2745 2749 2752
o Box344
v 3.78779 0.741306 10.3167
v 3.89543 3.64392 9.45263
v 4.11563 3.88892 10.3031
v 4.00799 0.986308 11.1672
v 3.78779 0.741306 10.3167
v 3.89543 3.64392 9.45263
v 4.11563 3.88892 10.3031
v 4.00799 0.986308 11.1672
f 2753 2754 2755 2756
f 2757 2758 2759 2760
f 2753 2754 2758 2757
f 2754 2755 2759 2758
f 2755 2756 2760 2759
f 2756 2753 2757 2760
o Box345
v 5.27376 -0.374232 7.83519
v 4.68877 2.35557 6.89249
v 4.11595 2.46189 7.55583
v 4.70095 -0.267909 8.49853
v 5.27377 -0.374226 7.8352
v 4.68878 2.35557 6.8925
v 4.11596 2.4619 7.55584
v 4.70096 -0.267903 8.49854
f 2761 2762 2763 2764
f 2765 2766 2767 2768
f 2761 2762 2766 2765
f 2762 2763 2767 2766
f 2763 2764 2768 2767
f 2764 2761 2765 2768
o Box346
v 4.26909 -0.209823 8.21852
v 3.9657 2.92593 7.375
v 3.52604 3.32379 9.01215
v 3.82943 0.188038 9.85568
v 4.46772 -0.178314 8.26421
v 4.16434 2.95744 7.42069
v 3.72467 3.3553 9.05784
v 4.02806 0.219547 9.90137
f 2769 2770 2771 2772
f 2773 2774 2775 2776
f 2769 2770 2774 2773
f 2770 2771 2775 2774
f 2771 2772 2776 2775
f 2772 2769 2773 2776
o Box347
v 4.47418 -0.169004 8.3351
v 4.09827 2.70288 7.45786
v 3.7673 2.907 8.26792
v 4.14321 0.0351137 9.14516
v 4.4742 -0.168998 8.33511
v 4.09829 2.70289 7.45787
v 3.76733 2.90701 8.26793
v 4.14324 0.0351198 9.14517
f 2777 2778 2779 2780
f 2781 2782 2783 2784
f 2777 2778 2782 2781
f 2778 2779 2783 2782
f 2779 2780 2784 2783
f 2780 2777 2781 2784
o Box348
v 3.90753 0.172291 9.03728
v 3.76345 3.10191 8.18267
v 3.72467 3.3553 9.05784
v 3.86875 0.425683 9.91245
v 3.90755 0.172292 9.03728
v 3.76347 3.10191 8.18267
v 3.72469 3.3553 9.05784
v 3.86877 0.425684 9.91245
f 2785 2786 2787 2788
f 2789 2790 2791 2792
f 2785 2786 2790 2789
f 2786 2787 2791 2790
f 2787 2788 2792 2791
f 2788 2785 2789 2792
o Box349
v 3.64247 0.606825 9.85629
v 3.7259 3.50532 8.98332
v 3.99321 3.75272 9.8303
v 3.90978 0.854224 10.7033
v 3.64248 0.606824 9.85628
v 3.72591 3.50532 8.98332
v 3.99322 3.75272 9.8303
v 3.90979 0.854223 10.7033
f 2793 2794 2795 2796
f 2797 2798 2799 2800
f 2793 2794 2798 2797
f 2794 2795 2799 2798
f 2795 2796 2800 2799
f 2796 2793 2797 2800
o Box350
v 3.50337 1.15178 10.7812
v 3.92506 4.02198 9.80342
v 5.1531 4.28022 11.0911
v 4.73141 1.41003 12.0689
v 3.65089 1.08664 10.6536
v 4.07258 3.95683 9.67581
v 5.30062 4.21508 10.9635
v 4.87893 1.34488 11.9413
f 2801 2802 2803 2804
f 2805 2806 2807 2808
f 2801 2802 2806 2805
f 2802 2803 2807 2806
f 2803 2804 2808 2807
f 2804 2801 2805 2808
o Box351
v 3.71034 1.08091 10.6925
v 3.99275 3.8652 9.76592
v 4.54051 4.05132 10.4922
v 4.25811 1.26702 11.4187
v 3.71036 1.0809 10.6925
v 3.99277 3.86519 9.7659
v 4.54053 4.05131 10.4921
v 4.25813 1.26702 11.4187
f 2809 2810 2811 2812
f 2813 2814 2815 2816
f 2809 2810 2814 2813
f 2810 2811 2815 2814
f 2811 2812 2816 2815
f 2812 2809 2813 2816
o Box352
v 4.10146 1.53687 11.4444
v 4.53539 4.13882 10.437
v 5.30062 4.21508 10.9635
v 4.86669 1.61313 11.971
v 4.10147 1.53687 11.4444
v 4.5354 4.13881 10.437
v 5.30063 4.21507 10.9635
v 4.8667 1.61312 11.971
f 2817 2818 2819 2820
f 2821 2822 2823 2824
f 2817 2818 2822 2821
f 2818 2819 2823 2822
f 2819 2820 2824 2823
f 2820 2817 2821 2824
o Box353
v 4.22951 -0.775412 12.9787
v 4.45017 2.09043 11.7808
v 6.89668 2.2572 12.6304
v 6.67602 -0.608641 13.8283
v 4.36831 -0.93969 12.6113
v 4.58897 1.92615 11.4133
v 7.03548 2.09292 12.2629
v 6.81481 -0.77292 13.4609
f 2825 2826 2827 2828
f 2829 2830 2831 2832
f 2825 2826 2830 2829
f 2826 2827 2831 2830
f 2827 2828 2832 2831
f 2828 2825 2829 2832
o Box354
v 3.35878 1.61621 11.53
v 4.77557 4.84598 10.4287
v 7.67925 4.11401 12.0175
v 6.26246 0.884237 13.1188
v 3.63022 1.27426 10.8764
v 5.04701 4.50403 9.77509
v 7.95069 3.77206 11.3639
v 6.5339 0.542288 12.4652
f 2833 2834 2835 2836
f 2837 2838 2839 2840
f 2833 2834 2838 2837
f 2834 2835 2839 2838
f 2835 2836 2840 2839
f 2836 2833 2837 2840
o Box355
v 4.61482 -0.968926 12.6751
v 4.50116 1.67596 11.6854
v 5.26295 1.89238 12.1763
v 5.3766 -0.752504 13.166
v 4.61484 -0.968938 12.6751
v 4.50119 1.67595 11.6854
v 5.26297 1.89237 12.1763
v 5.37663 -0.752515 13.166
f 2841 2842 2843 2844
f 2845 2846 2847 2848
f 2841 2842 2846 2845
f 2842 2843 2847 2846
f 2843 2844 2848 2847
f 2844 2841 2845 2848
o Box356
v 5.10388 -0.358835 13.4108
v 5.22592 2.14104 12.1812
v 7.00534 2.18555 12.4483
v 6.8833 -0.314319 13.6779
v 5.13402 -0.451472 13.2255
v 5.25606 2.0484 11.9958
v 7.03547 2.09292 12.2629
v 6.91343 -0.406955 13.4926
f 2849 2850 2851 2852
f 2853 2854 2855 2856
f 2849 2850 2854 2853
f 2850 2851 2855 2854
f 2851 2852 2856 2855
f 2852 2849 2853 2856
o Box357
v 5.22131 -0.470549 13.2267
v 5.2352 1.96856 12.1272
v 6.13404 2.06723 12.3575
v 6.12015 -0.371874 13.457
v 5.22133 -0.470572 13.2267
v 5.23521 1.96853 12.1272
v 6.13405 2.06721 12.3574
v 6.12017 -0.371897 13.4569
f 2857 2858 2859 2860
f 2861 2862 2863 2864
f 2857 2858 2862 2861
f 2858 2859 2863 2862
f 2859 2860 2864 2863
f 2860 2857 2861 2864
o Box358
v 6.02658 -0.0484397 13.5249
v 6.106 2.15108 12.3074
v 7.03548 2.09294 12.263
v 6.95605 -0.106572 13.4805
v 6.02657 -0.0484668 13.5248
v 6.106 2.15105 12.3073
v 7.03547 2.09292 12.2629
v 6.95605 -0.106599 13.4805
f 2865 2866 2867 2868
f 2869 2870 2871 2872
f 2865 2866 2870 2869
f 2866 2867 2871 2870
f 2867 2868 2872 2871
f 2868 2865 2869 2872
o Box359
v 3.77361 1.34575 11.4031
v 4.59639 4.40403 10.42
v 6.57481 4.33498 11.861
v 5.75203 1.2767 12.8441
v 4.00291 1.18031 11.0803
v 4.82569 4.23859 10.0972
v 6.80411 4.16954 11.5382
v 5.98133 1.11126 12.5213
f 2873 2874 2875 2876
f 2877 2878 2879 2880
f 2873 2874 2878 2877
f 2874 2875 2879 2878
f 2875 2876 2880 2879
f 2876 2873 2877 2880
o Box360
v 4.95148 2.0099 12.326
v 5.26634 4.29892 11.0857
v 7.30008 4.13996 11.3086
v 6.98522 1.85094 12.5489
v 4.96415 1.90504 12.1357
v 5.27901 4.19406 10.8954
v 7.31274 4.0351 11.1183
v 6.99788 1.74608 12.3586
f 2881 2882 2883 2884
f 2885 2886 2887 2888
f 2881 2882 2886 2885
f 2882 2883 2887 2886
f 2883 2884 2888 2887
f 2884 2881 2885 2888
o Box361
v 4.0029 1.18031 11.0804
v 4.32304 3.97182 10.1714
v 4.82137 4.15397 10.9063
v 4.50123 1.36246 11.8153
v 4.00291 1.18031 11.0803
v 4.32306 3.97182 10.1714
v 4.82139 4.15397 10.9063
v 4.50125 1.36246 11.8153
f 2889 2890 2891 2892
f 2893 2894 2895 2896
f 2889 2890 2894 2893
f 2890 2891 2895 2894
f 2891 2892 2896 2895
f 2892 2889 2893 2896
o Box362
v 4.42448 1.66505 11.8891
v 5.10294 4.3433 10.8061
v 6.63125 4.2715 11.586
v 5.95279 1.59326 12.669
v 4.50543 1.57712 11.7224
v 5.18389 4.25536 10.6394
v 6.71221 4.18357 11.4193
v 6.03375 1.50533 12.5023
f 2897 2898 2899 2900
f 2901 2902 2903 2904
f 2897 2898 2902 2901
f 2898 2899 2903 2902
f 2899 2900 2904 2903
f 2900 2897 2901 2904
o Box363
v 4.50544 1.57712 11.7224
v 4.99654 4.18363 10.7304
v 5.70851 4.25726 11.2763
v 5.21741 1.65075 12.2683
v 4.50544 1.57712 11.7224
v 4.99654 4.18363 10.7304
v 5.70852 4.25725 11.2763
v 5.21742 1.65074 12.2683
f 2905 2906 2907 2908
f 2909 2910 2911 2912
f 2905 2906 2910 2909
f 2906 2907 2911 2910
f 2907 2908 2912 2911
f 2908 2905 2909 2912
o Box364
v 5.23473 1.88389 12.1653
v 5.83379 4.25217 11.0589
v 6.66976 4.18512 11.368
v 6.0707 1.81684 12.4744
v 5.23473 1.88389 12.1653
v 5.83379 4.25217 11.0589
v 6.66976 4.18512 11.368
v 6.0707 1.81684 12.4744
f 2913 2914 2915 2916
f 2917 2918 2919 2920
f 2913 2914 2918 2917
f 2914 2915 2919 2918
f 2915 2916 2920 2919
f 2916 2913 2917 2920
o Box365
v 6.10285 2.06364 12.3558
v 6.73111 4.16793 11.1148
v 7.58842 3.94493 11.1707
v 6.96015 1.84064 12.4117
v 6.10284 2.06361 12.3558
v 6.7311 4.1679 11.1147
v 7.58841 3.9449 11.1706
v 6.96015 1.84061 12.4117
f 2921 2922 2923 2924
f 2925 2926 2927 2928
f 2921 2922 2926 2925
f 2922 2923 2927 2926
f 2923 2924 2928 2927
f 2924 2921 2925 2928
o Box366
v 4.6629 2.05483 12.1979
v 5.3136 4.46632 10.9661
v 7.05714 4.17654 11.3199
v 6.40644 1.76506 12.5517
v 4.68351 1.95603 12.0154
v 5.33421 4.36752 10.7836
v 7.07775 4.07774 11.1374
v 6.42705 1.66626 12.3691
f 2929 2930 2931 2932
f 2933 2934 2935 2936
f 2929 2930 2934 2933
f 2930 2931 2935 2934
f 2931 2932 2936 2935
f 2932 2929 2933 2936
o Box367
v 4.76665 1.92043 12.0215
v 5.29224 4.29369 10.9142
v 6.18178 4.22426 11.1876
v 5.6562 1.851 12.2949
v 4.76666 1.92042 12.0214
v 5.29224 4.29368 10.9142
v 6.18179 4.22425 11.1876
v 5.65621 1.85099 12.2949
f 2937 2938 2939 2940
f 2941 2942 2943 2944
f 2937 2938 2942 2941
f 2938 2939 2943 2942
f 2939 2940 2944 2943
f 2940 2937 2941 2944
o Box368
v 5.62394 2.18748 12.355
v 6.17513 4.31122 11.136
v 7.07775 4.07774 11.1374
v 6.52656 1.95401 12.3564
v 5.62394 2.18748 12.355
v 6.17513 4.31122 11.136
v 7.07775 4.07774 11.1374
v 6.52656 1.95401 12.3564
f 2945 2946 2947 2948
f 2949 2950 2951 2952
f 2945 2946 2950 2949
f 2946 2947 2951 2950
f 2947 2948 2952 2951
f 2948 2945 2949 2952
o Box369
v 6.2534 -2.5697 9.30134
v 5.19592 1.29561 6.62407
v 8.39885 3.48209 8.51567
v 9.45634 -0.383217 11.1929
v 7.02398 -2.95452 8.44139
v 5.96649 0.910787 5.76412
v 9.16943 3.09727 7.65572
v 10.2269 -0.768039 10.333
f 2953 2954 2955 2956
f 2957 2958 2959 2960
f 2953 2954 2958 2957
f 2954 2955 2959 2958
f 2955 2956 2960 2959
f 2956 2953 2957 2960
o Box370
v 10.3139 2.1573 8.62766
v 9.72854 -1.68423 12.3495
v 6.94374 0.951199 14.6317
v 7.52914 4.79273 10.9098
v 9.3143 1.67143 7.96893
v 8.72891 -2.1701 11.6908
v 5.9441 0.46533 13.9729
v 6.5295 4.30686 10.2511
f 2961 2962 2963 2964
f 2965 2966 2967 2968
f 2961 2962 2966 2965
f 2962 2963 2967 2966
f 2963 2964 2968 2967
f 2964 2961 2965 2968
o Box371
v 5.97927 -2.79093 7.57177
v 9.7251 -2.78317 10.4639
v 10.2629 0.708755 9.7579
v 6.51709 0.700994 6.86582
v 5.39747 -2.54911 8.32467
v 9.1433 -2.54135 11.2168
v 9.68111 0.950576 10.5108
v 5.93529 0.942815 7.61872
f 2969 2970 2971 2972
f 2973 2974 2975 2976
f 2969 2970 2974 2973
f 2970 2971 2975 2974
f 2971 2972 2976 2975
f 2972 2969 2973 2976
o Box372
v 6.14053 -0.0192657 6.10516
v 8.36372 -1.4076 9.23487
v 10.0512 1.8722 9.49106
v 7.82803 3.26053 6.36135
v 5.67014 0.189426 6.53188
v 7.89333 -1.1989 9.66159
v 9.58084 2.08089 9.91777
v 7.35764 3.46922 6.78807
f 2977 2978 2979 2980
f 2981 2982 2983 2984
f 2977 2978 2982 2981
f 2978 2979 2983 2982
f 2979 2980 2984 2983
f 2980 2977 2981 2984
o Box373
v 6.73242 -3.02462 9.44401
v 5.18085 -0.763374 7.95558
v 7.67114 0.950164 7.96287
v 9.22272 -1.31108 9.4513
v 6.84524 -3.18702 9.07968
v 5.29366 -0.925781 7.59125
v 7.78396 0.787757 7.59854
v 9.33553 -1.47348 9.08697
f 2985 2986 2987 2988
f 2989 2990 2991 2992
f 2985 2986 2990 2989
f 2986 2987 2991 2990
f 2987 2988 2992 2991
f 2988 2985 2989 2992
o Box374
v 7.55015 -0.929564 7.39931
v 8.82172 -2.65507 9.61385
v 9.95953 -0.102518 10.9494
v 8.68795 1.62299 8.73487
v 7.21257 -0.894715 7.6203
v 8.48415 -2.62022 9.83484
v 9.62195 -0.0676691 11.1704
v 8.35038 1.65784 8.95586
f 2993 2994 2995 2996
f 2997 2998 2999 3000
f 2993 2994 2998 2997
f 2994 2995 2999 2998
f 2995 2996 3000 2999
f 2996 2993 2997 3000
o Box375
v 6.54447 -2.83387 9.22013
v 5.44709 -0.581133 7.86636
v 7.91926 0.772965 8.11568
v 9.01663 -1.47977 9.46946
v 6.66053 -2.98281 8.87821
v 5.56316 -0.730072 7.52443
v 8.03532 0.624026 7.77376
v 9.1327 -1.62871 9.12753
f 3001 3002 3003 3004
f 3005 3006 3007 3008
f 3001 3002 3006 3005
f 3002 3003 3007 3006
f 3003 3004 3008 3007
f 3004 3001 3005 3008
o Box376
v 7.35772 -2.52807 9.20183
v 5.73577 -0.431818 7.88082
v 7.04066 0.440024 7.66214
v 8.66261 -1.65622 8.98316
v 7.38829 -2.61972 9.01886
v 5.76634 -0.52347 7.69784
v 7.07124 0.348372 7.47917
v 8.69319 -1.74788 8.80018
f 3009 3010 3011 3012
f 3013 3014 3015 3016
f 3009 3010 3014 3013
f 3010 3011 3015 3014
f 3011 3012 3016 3015
f 3012 3009 3013 3016
o Box377
v 6.65878 -2.89037 9.30385
v 5.17206 -0.739729 8.01756
v 6.66125 0.129999 7.75047
v 8.14798 -2.02064 9.03676
v 6.68122 -2.98569 9.11855
v 5.19449 -0.83505 7.83225
v 6.68369 0.0346783 7.56516
v 8.17041 -2.11596 8.85146
f 3017 3018 3019 3020
f 3021 3022 3023 3024
f 3017 3018 3022 3021
f 3018 3019 3023 3022
f 3019 3020 3024 3023
f 3020 3017 3021 3024
o Box378
v 8.62476 -1.7944 9.3762
v 7.5083 -0.231274 7.96743
v 8.07053 0.357381 8.17501
v 9.18698 -1.20574 9.58379
v 8.62477 -1.79441 9.37618
v 7.50831 -0.231281 7.96741
v 8.07054 0.357374 8.17499
v 9.187 -1.20575 9.58377
f 3025 3026 3027 3028
f 3029 3030 3031 3032
f 3025 3026 3030 3029
f 3026 3027 3031 3030
f 3027 3028 3032 3031
f 3028 3025 3029 3032
o Box379
v 7.39838 -2.535 8.99389
v 6.20945 -0.69964 7.76183
v 6.95905 -0.185281 7.8047
v 8.14798 -2.02064 9.03676
v 7.39838 -2.535 8.99388
v 6.20946 -0.699644 7.76182
v 6.95906 -0.185285 7.80469
v 8.14798 -2.02064 9.03675
f 3033 3034 3035 3036
f 3037 3038 3039 3040
f 3033 3034 3038 3037
f 3034 3035 3039 3038
f 3035 3036 3040 3039
f 3036 3033 3037 3040
o Box380
v 6.5107 -2.72339 9.10093
v 5.28197 -0.634862 8.00237
v 6.09421 -0.271427 7.78483
v 7.32294 -2.35995 8.8834
v 6.5107 -2.72339 9.10092
v 5.28197 -0.634868 8.00236
v 6.09421 -0.271433 7.78482
v 7.32294 -2.35996 8.88338
f 3041 3042 3043 3044
f 3045 3046 3047 3048
f 3041 3042 3046 3045
f 3042 3043 3047 3046
f 3043 3044 3048 3047
f 3044 3041 3045 3048
o Box381
v 7.89449 -2.19517 9.04191
v 6.63719 -0.406108 7.78632
v 7.33007 0.0709637 7.77227
v 8.58737 -1.7181 9.02786
v 7.8945 -2.19519 9.04188
v 6.63721 -0.406126 7.78628
v 7.33009 0.0709451 7.77223
v 8.58738 -1.71812 9.02783
f 3049 3050 3051 3052
f 3053 3054 3055 3056
f 3049 3050 3054 3053
f 3050 3051 3055 3054
f 3051 3052 3056 3055
f 3052 3049 3053 3056
o Box382
v 7.04179 -2.48666 8.98054
v 5.73577 -0.431818 7.88082
v 6.47523 -0.0985702 7.62532
v 7.78125 -2.15341 8.72504
v 7.04179 -2.48667 8.98053
v 5.73577 -0.431821 7.88082
v 6.47523 -0.0985729 7.62532
v 7.78125 -2.15342 8.72503
f 3057 3058 3059 3060
f 3061 3062 3063 3064
f 3057 3058 3062 3061
f 3058 3059 3063 3062
f 3059 3060 3064 3063
f 3060 3057 3061 3064
o Box383
v 8.19038 -2.24425 9.21571
v 7.34322 -0.40325 7.83903
v 8.55849 0.876471 8.80254
v 9.40565 -0.964526 10.1792
v 8.32247 -2.27626 9.09162
v 7.47531 -0.435261 7.71494
v 8.69059 0.84446 8.67845
v 9.53774 -0.996537 10.0551
f 3065 3066 3067 3068
f 3069 3070 3071 3072
f 3065 3066 3070 3069
f 3066 3067 3071 3070
f 3067 3068 3072 3071
f 3068 3065 3069 3072
o Box384
v 8.91722 -1.9418 9.80131
v 8.11386 -0.286482 8.11315
v 8.70566 1.34243 9.42876
v 9.50901 -0.312888 11.1169
v 9.11361 -1.9395 9.71011
v 8.31026 -0.284176 8.02195
v 8.90205 1.34474 9.33756
v 9.7054 -0.310582 11.0257
f 3073 3074 3075 3076
f 3077 3078 3079 3080
f 3073 3074 3078 3077
f 3074 3075 3079 3078
f 3075 3076 3080 3079
f 3076 3073 3077 3080
o Box385
v 8.23656 -2.20999 9.17506
v 7.16337 -0.597769 7.8062
v 7.75186 0.0275184 8.08128
v 8.82505 -1.58471 9.45014
v 8.23656 -2.20999 9.17506
v 7.16337 -0.59777 7.8062
v 7.75186 0.0275176 8.08128
v 8.82505 -1.58471 9.45013
f 3081 3082 3083 3084
f 3085 3086 3087 3088
f 3081 3082 3086 3085
f 3082 3083 3087 3086
f 3083 3084 3088 3087
f 3084 3081 3085 3088
o Box386
v 9.14267 -1.3382 9.93502
v 8.24396 0.0716512 8.40241
v 8.60978 0.729505 8.79306
v 9.50849 -0.680349 10.3257
v 9.14268 -1.3382 9.93501
v 8.24398 0.0716496 8.4024
v 8.60979 0.729503 8.79305
v 9.5085 -0.680351 10.3257
f 3089 3090 3091 3092
f 3093 3094 3095 3096
f 3089 3090 3094 3093
f 3090 3091 3095 3094
f 3091 3092 3096 3095
f 3092 3089 3093 3096
o Box387
v 8.70532 0.0457335 8.69618
v 9.35501 -1.31994 10.2769
v 9.43635 -0.638629 10.8321
v 8.78667 0.727045 9.25137
v 8.70532 0.045733 8.69618
v 9.35501 -1.31994 10.2769
v 9.43635 -0.63863 10.8321
v 8.78666 0.727044 9.25137
f 3097 3098 3099 3100
f 3101 3102 3103 3104
f 3097 3098 3102 3101
f 3098 3099 3103 3102
f 3099 3100 3104 3103
f 3100 3097 3101 3104
o Box388
v 8.86361 -1.8416 9.64559
v 8.15732 -0.106622 8.22745
v 8.80615 1.25619 9.5716
v 9.51244 -0.47879 10.9897
v 9.02885 -1.84047 9.56468
v 8.32256 -0.10549 8.14654
v 8.97139 1.25732 9.4907
v 9.67768 -0.477658 10.9088
f 3105 3106 3107 3108
f 3109 3110 3111 3112
f 3105 3106 3110 3109
f 3106 3107 3111 3110
f 3107 3108 3112 3111
f 3108 3105 3109 3112
o Box389
v 8.91789 -1.7873 9.62241
v 8.03022 -0.339779 8.13041
v 8.38483 0.342781 8.58165
v 9.2725 -1.10474 10.0737
v 8.9179 -1.7873 9.62241
v 8.03023 -0.33978 8.13041
v 8.38484 0.342781 8.58165
v 9.27251 -1.10474 10.0736
f 3113 3114 3115 3116
f 3117 3118 3119 3120
f 3113 3114 3118 3117
f 3114 3115 3119 3118
f 3115 3116 3120 3119
f 3116 3113 3117 3120
o Box390
v 8.75551 0.46611 9.03873
v 9.39168 -0.885642 10.6415
v 9.51423 -0.208029 11.1643
v 8.87806 1.14372 9.56158
v 8.7555 0.466109 9.03874
v 9.39167 -0.885642 10.6415
v 9.51423 -0.208029 11.1643
v 8.87806 1.14372 9.56158
f 3121 3122 3123 3124
f 3125 3126 3127 3128
f 3121 3122 3126 3125
f 3122 3123 3127 3126
f 3123 3124 3128 3127
f 3124 3121 3125 3128
o Box391
v 6.75764 -0.745706 8.0769
v 5.94308 1.37738 6.52965
v 7.84707 2.42483 6.96455
v 8.66164 0.301747 8.5118
v 6.83539 -0.824917 7.92728
v 6.02083 1.29817 6.38002
v 7.92483 2.34562 6.81492
v 8.73939 0.222536 8.36218
f 3129 3130 3131 3132
f 3133 3134 3135 3136
f 3129 3130 3134 3133
f 3130 3131 3135 3134
f 3131 3132 3136 3135
f 3132 3129 3133 3136
o Box392
v 8.00728 1.36088 6.92832
v 8.48692 -0.352668 8.7757
v 9.35731 1.27551 10.0599
v 8.87767 2.98906 8.21257
v 7.84053 1.39264 7.00107
v 8.32018 -0.320912 8.84845
v 9.19057 1.30727 10.1327
v 8.71093 3.02082 8.28532
f 3137 3138 3139 3140
f 3141 3142 3143 3144
f 3137 3138 3142 3141
f 3138 3139 3143 3142
f 3139 3140 3144 3143
f 3140 3137 3141 3144
o Box393
v 6.79617 -0.78641 8.16262
v 5.83055 1.31728 6.57072
v 7.30019 2.18768 6.82949
v 8.26581 0.0839851 8.42139
v 6.8785 -0.875554 7.99487
v 5.91288 1.22814 6.40297
v 7.38252 2.09853 6.66174
v 8.34814 -0.00515854 8.25364
f 3145 3146 3147 3148
f 3149 3150 3151 3152
f 3145 3146 3150 3149
f 3146 3147 3151 3150
f 3147 3148 3152 3151
f 3148 3145 3149 3152
o Box394
v 7.50667 -0.407248 8.30912
v 6.42726 1.64261 6.63869
v 7.70561 2.51645 6.88496
v 8.78502 0.46659 8.55539
v 7.59693 -0.493147 8.14538
v 6.51752 1.55672 6.47496
v 7.79587 2.43055 6.72123
v 8.87528 0.380692 8.39165
f 3153 3154 3155 3156
f 3157 3158 3159 3160
f 3153 3154 3158 3157
f 3154 3155 3159 3158
f 3155 3156 3160 3159
f 3156 3153 3157 3160
o Box395
v 7.57932 -0.419232 8.11896
v 6.90768 1.35804 6.68624
v 7.59417 1.86126 6.98867
v 8.2658 0.0839856 8.42139
v 7.57933 -0.419237 8.11895
v 6.90769 1.35804 6.68623
v 7.59418 1.86126 6.98866
v 8.26581 0.0839802 8.42138
f 3161 3162 3163 3164
f 3165 3166 3167 3168
f 3161 3162 3166 3165
f 3162 3163 3167 3166
f 3163 3164 3168 3167
f 3164 3161 3165 3168
o Box396
v 6.70264 -0.582543 7.90031
v 5.95322 1.4381 6.59428
v 6.7871 1.79786 6.6724
v 7.53651 -0.222782 7.97843
v 6.70264 -0.582545 7.90031
v 5.95322 1.4381 6.59428
v 6.7871 1.79786 6.6724
v 7.53651 -0.222784 7.97843
f 3169 3170 3171 3172
f 3173 3174 3175 3176
f 3169 3170 3174 3173
f 3170 3171 3175 3174
f 3171 3172 3176 3175
f 3172 3169 3173 3176
o Box397
v 8.03109 -0.084914 8.3375
v 7.30842 1.65179 6.86278
v 7.96435 2.1238 7.09721
v 8.68702 0.387094 8.57193
v 8.03109 -0.0849156 8.3375
v 7.30842 1.65179 6.86278
v 7.96435 2.1238 7.09721
v 8.68702 0.387092 8.57193
f 3177 3178 3179 3180
f 3181 3182 3183 3184
f 3177 3178 3182 3181
f 3178 3179 3183 3182
f 3179 3180 3184 3183
f 3180 3177 3181 3184
o Box398
v 7.25181 -0.345678 7.97123
v 6.42725 1.64262 6.6387
v 7.20127 1.97673 6.65828
v 8.02583 -0.0115626 7.99081
v 7.25182 -0.345682 7.97122
v 6.42725 1.64261 6.63869
v 7.20127 1.97673 6.65827
v 8.02584 -0.0115662 7.9908
f 3185 3186 3187 3188
f 3189 3190 3191 3192
f 3185 3186 3190 3189
f 3186 3187 3191 3190
f 3187 3188 3192 3191
f 3188 3185 3189 3192
o Box399
v 8.25426 1.78308 7.25744
v 8.83442 0.208779 9.3283
v 9.38251 1.45949 10.1256
v 8.80235 3.03379 8.05469
v 8.0685 1.81557 7.33418
v 8.64866 0.241267 9.40504
v 9.19675 1.49198 10.2023
v 8.61659 3.06628 8.13143
f 3193 3194 3195 3196
f 3197 3198 3199 3200
f 3193 3194 3198 3197
f 3194 3195 3199 3198
f 3195 3196 3200 3199
f 3196 3193 3197 3200
o Box400
v 7.92983 1.22713 6.89767
v 8.51683 -0.39493 8.8978
v 9.16638 0.882386 9.74305
v 8.57938 2.50445 7.74291
v 7.7469 1.26455 6.9817
v 8.3339 -0.357512 8.98184
v 8.98344 0.919804 9.82708
v 8.39644 2.54187 7.82695
f 3201 3202 3203 3204
f 3205 3206 3207 3208
f 3201 3202 3206 3205
f 3202 3203 3207 3206
f 3203 3204 3208 3207
f 3204 3201 3205 3208
o Box401
v 8.60226 0.274371 8.91855
v 8.06849 1.81557 7.33418
v 8.53521 2.39576 7.74133
v 9.06898 0.854567 9.3257
v 8.60227 0.27437 8.91855
v 8.06849 1.81557 7.33417
v 8.53521 2.39576 7.74132
v 9.06898 0.854566 9.3257
f 3209 3210 3211 3212
f 3213 3214 3215 3216
f 3209 3210 3214 3213
f 3210 3211 3215 3214
f 3211 3212 3216 3215
f 3212 3209 3213 3216
o Box402
v 8.61582 2.11417 7.99602
v 8.90149 0.683537 9.63515
v 9.12622 1.33145 10.1615
v 8.84055 2.76208 8.52235
v 8.61581 2.11417 7.99602
v 8.90149 0.683538 9.63515
v 9.12621 1.33146 10.1615
v 8.84054 2.76209 8.52235
f 3217 3218 3219 3220
f 3221 3222 3223 3224
f 3217 3218 3222 3221
f 3218 3219 3223 3222
f 3219 3220 3224 3223
f 3220 3217 3221 3224
o Box403
v 8.30884 -0.126514 8.5962
v 7.79256 1.45085 7.05359
v 8.25204 2.05816 7.52081
v 8.76832 0.480801 9.06342
v 8.30884 -0.126514 8.5962
v 7.79256 1.45085 7.05359
v 8.25204 2.05816 7.52081
v 8.76832 0.480801 9.06342
f 3225 3226 3227 3228
f 3229 3230 3231 3232
f 3225 3226 3230 3229
f 3226 3227 3231 3230
f 3227 3228 3232 3231
f 3228 3225 3229 3232
o Box404
v 8.50158 1.70789 7.6529
v 8.79777 0.259439 9.26938
v 8.98345 0.919802 9.82708
v 8.68726 2.36825 8.21061
v 8.50157 1.70789 7.65291
v 8.79776 0.25944 9.26938
v 8.98344 0.919803 9.82708
v 8.68725 2.36826 8.21061
f 3233 3234 3235 3236
f 3237 3238 3239 3240
f 3233 3234 3238 3237
f 3234 3235 3239 3238
f 3235 3236 3240 3239
f 3236 3233 3237 3240
o Box405
v 9.97708 1.3518 9.00157
v 8.28722 0.457329 12.473
v 6.90647 3.92809 12.6952
v 8.59632 4.82256 9.22373
v 9.42497 1.15265 8.6815
v 7.73512 0.258173 12.153
v 6.35436 3.72893 12.3751
v 8.04421 4.62341 8.90366
f 3241 3242 3243 3244
f 3245 3246 3247 3248
f 3241 3242 3246 3245
f 3242 3243 3247 3246
f 3243 3244 3248 3247
f 3244 3241 3245 3248
o Box406
v 10.4341 -0.108952 10.359
v 8.25225 -1.1086 14.2149
v 6.50508 1.92291 14.0122
v 8.6869 2.92255 10.1563
v 9.59639 -0.632513 9.74931
v 7.41457 -1.63216 13.6052
v 5.66739 1.39935 13.4024
v 7.84921 2.39899 9.5466
f 3249 3250 3251 3252
f 3253 3254 3255 3256
f 3249 3250 3254 3253
f 3250 3251 3255 3254
f 3251 3252 3256 3255
f 3252 3249 3253 3256
o Box407
v 9.1946 2.16181 8.46839
v 9.08917 0.508626 10.2863
v 8.52899 2.1451 11.742
v 8.63442 3.79829 9.92411
v 9.01347 2.1327 8.43142
v 8.90805 0.479517 10.2493
v 8.34787 2.11599 11.705
v 8.45329 3.76918 9.88713
f 3257 3258 3259 3260
f 3261 3262 3263 3264
f 3257 3258 3262 3261
f 3258 3259 3263 3262
f 3259 3260 3264 3263
f 3260 3257 3261 3264
o Box408
v 8.37483 1.2621 11.6133
v 8.83062 3.20015 10.1089
v 7.07016 4.26847 10.9517
v 6.61438 2.33042 12.4562
v 8.48575 1.33959 11.7467
v 8.94153 3.27764 10.2423
v 7.18108 4.34597 11.0852
v 6.7253 2.40792 12.5896
f 3265 3266 3267 3268
f 3269 3270 3271 3272
f 3265 3266 3270 3269
f 3266 3267 3271 3270
f 3267 3268 3272 3271
f 3268 3265 3269 3272
o Box409
v 9.08353 2.54559 8.81287
v 8.89979 0.991519 10.828
v 8.46105 2.2983 11.7958
v 8.6448 3.85237 9.78064
v 8.88435 2.51158 8.76848
v 8.70061 0.957515 10.7836
v 8.26187 2.2643 11.7514
v 8.44561 3.81837 9.73625
f 3273 3274 3275 3276
f 3277 3278 3279 3280
f 3273 3274 3278 3277
f 3274 3275 3279 3278
f 3275 3276 3280 3279
f 3276 3273 3277 3280
o Box410
v 9.20705 1.9671 8.39428
v 9.05064 0.450928 10.4655
v 8.68566 1.74396 11.3845
v 8.84207 3.26013 9.31324
v 9.00691 1.93701 8.35714
v 8.8505 0.420833 10.4284
v 8.48552 1.71386 11.3473
v 8.64193 3.23004 9.2761
f 3281 3282 3283 3284
f 3285 3286 3287 3288
f 3281 3282 3286 3285
f 3282 3283 3287 3286
f 3283 3284 3288 3287
f 3284 3281 3285 3288
o Box411
v 8.88435 2.51158 8.76848
v 8.90526 1.09208 10.3969
v 8.85318 1.75792 10.978
v 8.83226 3.17742 9.34957
v 8.88434 2.51158 8.76848
v 8.90525 1.09208 10.3969
v 8.85316 1.75792 10.978
v 8.83225 3.17742 9.34957
f 3289 3290 3291 3292
f 3293 3294 3295 3296
f 3289 3290 3294 3293
f 3290 3291 3295 3294
f 3291 3292 3296 3295
f 3292 3289 3293 3296
o Box412
v 8.84172 2.95988 9.5584
v 8.62524 1.45616 11.1183
v 8.28523 2.08334 11.6757
v 8.50171 3.58706 10.1158
v 8.8417 2.95988 9.55839
v 8.62522 1.45616 11.1183
v 8.28521 2.08333 11.6757
v 8.50169 3.58705 10.1158
f 3297 3298 3299 3300
f 3301 3302 3303 3304
f 3297 3298 3302 3301
f 3298 3299 3303 3302
f 3299 3300 3304 3303
f 3300 3297 3301 3304
o Box413
v 8.94796 2.10033 8.41246
v 8.98719 0.688993 10.0497
v 8.88525 1.34804 10.6203
v 8.84603 2.75939 8.98301
v 8.94794 2.10033 8.41245
v 8.98716 0.68899 10.0497
v 8.88523 1.34804 10.6203
v 8.846 2.75938 8.98301
f 3305 3306 3307 3308
f 3309 3310 3311 3312
f 3305 3306 3310 3309
f 3306 3307 3311 3310
f 3307 3308 3312 3311
f 3308 3305 3309 3312
o Box414
v 9.07614 2.58111 9.24079
v 8.86072 1.10765 10.839
v 8.48552 1.71386 11.3473
v 8.70094 3.18732 9.74911
v 9.07613 2.58111 9.24078
v 8.86071 1.10765 10.839
v 8.48551 1.71386 11.3473
v 8.70094 3.18732 9.74911
f 3313 3314 3315 3316
f 3317 3318 3319 3320
f 3313 3314 3318 3317
f 3314 3315 3319 3318
f 3315 3316 3320 3319
f 3316 3313 3317 3320
o Box415
v 8.251 1.14064 11.7448
v 8.96363 3.01299 10.0371
v 7.71766 3.96695 10.563
v 7.00502 2.0946 12.2708
v 8.37514 1.2239 11.8879
v 9.08778 3.09624 10.1801
v 7.84181 4.0502 10.7061
v 7.12917 2.17786 12.4138
f 3321 3322 3323 3324
f 3325 3326 3327 3328
f 3321 3322 3326 3325
f 3322 3323 3327 3326
f 3323 3324 3328 3327
f 3324 3321 3325 3328
o Box416
v 7.87906 1.48259 11.8709
v 8.49306 3.40499 10.2705
v 7.09392 4.33363 10.8492
v 6.47992 2.41123 12.4496
v 7.99887 1.56944 12.0212
v 8.61287 3.49185 10.4208
v 7.21373 4.42049 10.9995
v 6.59973 2.49808 12.5999
f 3329 3330 3331 3332
f 3333 3334 3335 3336
f 3329 3330 3334 3333
f 3330 3331 3335 3334
f 3331 3332 3336 3335
f 3332 3329 3333 3336
o Box417
v 7.00504 2.09462 12.2708
v 7.57577 3.94065 10.89
v 8.35267 3.56474 10.7086
v 7.78194 1.71872 12.0894
v 7.00502 2.0946 12.2708
v 7.57575 3.94063 10.89
v 8.35265 3.56473 10.7086
v 7.78192 1.7187 12.0893
f 3337 3338 3339 3340
f 3341 3342 3343 3344
f 3337 3338 3342 3341
f 3338 3339 3343 3342
f 3339 3340 3344 3343
f 3340 3337 3341 3344
o Box418
v 8.44118 1.46472 11.545
v 8.86951 3.09054 10.0382
v 8.26085 3.59895 10.4138
v 7.83252 1.97313 11.9205
v 8.44119 1.46473 11.545
v 8.86952 3.09055 10.0382
v 8.26086 3.59896 10.4138
v 7.83253 1.97314 11.9205
f 3345 3346 3347 3348
f 3349 3350 3351 3352
f 3345 3346 3350 3349
f 3346 3347 3351 3350
f 3347 3348 3352 3351
f 3348 3345 3349 3352
o Box419
v 6.56981 2.30906 12.4066
v 7.07836 4.18847 11.0693
v 7.88044 3.79324 10.8189
v 7.3719 1.91383 12.1562
v 6.5698 2.30905 12.4066
v 7.07834 4.18846 11.0693
v 7.88043 3.79322 10.8188
v 7.37188 1.91382 12.1562
f 3353 3354 3355 3356
f 3357 3358 3359 3360
f 3353 3354 3358 3357
f 3354 3355 3359 3358
f 3355 3356 3360 3359
f 3356 3353 3357 3360
o Box420
v 8.09634 1.74015 11.7259
v 8.493 3.40496 10.2704
v 7.88941 3.93798 10.7156
v 7.49275 2.27316 12.1711
v 8.0964 1.74017 11.726
v 8.49306 3.40499 10.2705
v 7.88947 3.938 10.7157
v 7.49281 2.27319 12.1711
f 3361 3362 3363 3364
f 3365 3366 3367 3368
f 3361 3362 3366 3365
f 3362 3363 3367 3366
f 3363 3364 3368 3367
f 3364 3361 3365 3368
o Box421
v 9.33778 0.623298 9.48169
v 9.64082 -1.02557 11.2797
v 8.85145 0.465651 12.7803
v 8.54841 2.11452 10.9822
v 9.1631 0.559799 9.4529
v 9.46614 -1.08907 11.2509
v 8.67677 0.402152 12.7515
v 8.37372 2.05102 10.9534
f 3369 3370 3371 3372
f 3373 3374 3375 3376
f 3369 3370 3374 3373
f 3370 3371 3375 3374
f 3371 3372 3376 3375
f 3372 3369 3373 3376
o Box422
v 8.62746 -0.962807 12.8468
v 9.0337 1.36493 11.0129
v 6.89149 2.26284 11.678
v 6.48525 -0.0648969 13.512
v 8.84372 -0.715173 13.2091
v 9.24996 1.61256 11.3751
v 7.10775 2.51047 12.0402
v 6.7015 0.182737 13.8742
f 3377 3378 3379 3380
f 3381 3382 3383 3384
f 3377 3378 3382 3381
f 3378 3379 3383 3382
f 3379 3380 3384 3383
f 3380 3377 3381 3384
o Box423
v 9.17318 0.976191 9.83504
v 9.39079 -0.592417 11.8329
v 8.75978 0.601636 12.8391
v 8.54217 2.17024 10.8413
v 8.9812 0.904527 9.79968
v 9.1988 -0.664082 11.7976
v 8.56779 0.529972 12.8038
v 8.35018 2.09858 10.8059
f 3385 3386 3387 3388
f 3389 3390 3391 3392
f 3385 3386 3390 3389
f 3386 3387 3391 3390
f 3387 3388 3392 3391
f 3388 3385 3389 3392
o Box424
v 9.38477 0.434522 9.4044
v 9.62398 -1.08972 11.461
v 9.06395 0.103844 12.4107
v 8.82474 1.62809 10.3542
v 9.19162 0.366269 9.37628
v 9.43083 -1.15798 11.4329
v 8.8708 0.035591 12.3826
v 8.63159 1.55984 10.326
f 3393 3394 3395 3396
f 3397 3398 3399 3400
f 3393 3394 3398 3397
f 3394 3395 3399 3398
f 3395 3396 3400 3399
f 3396 3393 3397 3400
o Box425
v 8.98122 0.904532 9.79968
v 9.35426 -0.48982 11.4061
v 9.20516 0.152192 11.998
v 8.83212 1.54654 10.3916
v 8.98119 0.904526 9.79969
v 9.35424 -0.489826 11.4061
v 9.20513 0.152186 11.998
v 8.83209 1.54654 10.3916
f 3401 3402 3403 3404
f 3405 3406 3407 3408
f 3401 3402 3406 3405
f 3402 3403 3407 3406
f 3403 3404 3408 3407
f 3404 3401 3405 3408
o Box426
v 8.89381 1.33402 10.5935
v 9.04594 -0.190532 12.1429
v 8.62078 0.358487 12.7249
v 8.46866 1.88304 11.1754
v 8.89379 1.33401 10.5935
v 9.04592 -0.190541 12.1429
v 8.62076 0.358478 12.7249
v 8.46864 1.88303 11.1754
f 3409 3410 3411 3412
f 3413 3414 3415 3416
f 3409 3410 3414 3413
f 3410 3411 3415 3414
f 3411 3412 3416 3415
f 3412 3409 3413 3416
o Box427
v 9.10553 0.514029 9.43589
v 9.49577 -0.867308 11.052
v 9.2969 -0.242577 11.634
v 8.90666 1.13876 10.0179
v 9.10546 0.51401 9.43589
v 9.49571 -0.867327 11.052
v 9.29684 -0.242596 11.634
v 8.9066 1.13874 10.0179
f 3417 3418 3419 3420
f 3421 3422 3423 3424
f 3417 3418 3422 3421
f 3418 3419 3423 3422
f 3419 3420 3424 3423
f 3420 3417 3421 3424
o Box428
v 9.18099 1.00842 10.2606
v 9.33014 -0.485252 11.8501
v 8.8708 0.0355915 12.3826
v 8.72165 1.52926 10.7931
v 9.18096 1.0084 10.2605
v 9.33011 -0.485268 11.8501
v 8.87077 0.0355749 12.3826
v 8.72162 1.52925 10.7931
f 3425 3426 3427 3428
f 3429 3430 3431 3432
f 3425 3426 3430 3429
f 3426 3427 3431 3430
f 3427 3428 3432 3431
f 3428 3425 3429 3432
o Box429
v 6.56838 0.0261207 13.6725
v 6.88013 2.28871 12.1905
v 8.49843 1.91452 11.9596
v 8.18668 -0.348071 13.4417
v 6.51959 -0.0792883 13.5013
v 6.83134 2.1833 12.0193
v 8.44964 1.80911 11.7884
v 8.13789 -0.45348 13.2705
f 3433 3434 3435 3436
f 3437 3438 3439 3440
f 3433 3434 3438 3437
f 3434 3435 3439 3438
f 3435 3436 3440 3439
f 3436 3433 3437 3440
o Box430
v 8.86888 -0.353341 12.5346
v 8.71114 1.59918 11.1541
v 6.96 2.16375 12.1527
v 7.11773 0.211236 13.5332
v 8.99003 -0.239033 12.6824
v 8.8323 1.71348 11.3019
v 7.08116 2.27806 12.3005
v 7.23889 0.325543 13.681
f 3441 3442 3443 3444
f 3445 3446 3447 3448
f 3441 3442 3446 3445
f 3442 3443 3447 3446
f 3443 3444 3448 3447
f 3444 3441 3445 3448
o Box431
v 6.51959 -0.0792798 13.5013
v 6.67679 2.11549 12.2574
v 7.56281 2.05974 12.271
v 7.4056 -0.135031 13.5149
v 6.51959 -0.0792896 13.5013
v 6.67679 2.11548 12.2574
v 7.56281 2.05973 12.271
v 7.4056 -0.13504 13.5149
f 3449 3450 3451 3452
f 3453 3454 3455 3456
f 3449 3450 3454 3453
f 3450 3451 3455 3454
f 3451 3452 3456 3455
f 3452 3449 3453 3456
o Box432
v 7.39304 0.122479 13.3762
v 7.53464 2.05264 11.9913
v 8.35959 1.83287 11.7693
v 8.21799 -0.097297 13.1542
v 7.39303 0.122463 13.3762
v 7.53463 2.05263 11.9913
v 8.35958 1.83285 11.7693
v 8.21798 -0.097313 13.1542
f 3457 3458 3459 3460
f 3461 3462 3463 3464
f 3457 3458 3462 3461
f 3458 3459 3463 3462
f 3459 3460 3464 3463
f 3460 3457 3461 3464
o Box433
v 8.88548 -0.21856 12.5778
v 8.92182 1.46724 11.0709
v 8.24595 1.84818 11.4808
v 8.20961 0.162376 12.9877
v 8.88549 -0.218555 12.5778
v 8.92182 1.46725 11.0709
v 8.24595 1.84818 11.4808
v 8.20962 0.162381 12.9877
f 3465 3466 3467 3468
f 3469 3470 3471 3472
f 3465 3466 3470 3469
f 3466 3467 3471 3470
f 3467 3468 3472 3471
f 3468 3465 3469 3472
o Box434
v 8.34811 -0.309698 12.9261
v 8.5039 1.70279 11.3243
v 6.98506 2.34369 11.9818
v 6.82927 0.331206 13.5836
v 8.45699 -0.201726 13.0723
v 8.61278 1.81076 11.4706
v 7.09393 2.45166 12.1281
v 6.93814 0.439178 13.7299
f 3473 3474 3475 3476
f 3477 3478 3479 3480
f 3473 3474 3478 3477
f 3474 3475 3479 3478
f 3475 3476 3480 3479
f 3476 3473 3477 3480
o Box435
v 6.93269 0.249656 13.5354
v 7.00919 2.20098 12.1978
v 7.8585 1.96635 11.9041
v 7.78199 0.015029 13.2417
v 6.93268 0.249654 13.5354
v 7.00919 2.20098 12.1978
v 7.8585 1.96635 11.9041
v 7.78199 0.015027 13.2417
f 3481 3482 3483 3484
f 3485 3486 3487 3488
f 3481 3482 3486 3485
f 3482 3483 3487 3486
f 3483 3484 3488 3487
f 3484 3481 3485 3488
o Box436
v 8.50367 -0.015777 12.777
v 8.50387 1.70277 11.3243
v 7.83255 2.10944 11.8053
v 7.83235 0.390896 13.258
v 8.5037 -0.0157536 12.777
v 8.5039 1.70279 11.3243
v 7.83258 2.10946 11.8053
v 7.83238 0.390919 13.258
f 3489 3490 3491 3492
f 3493 3494 3495 3496
f 3489 3490 3494 3493
f 3490 3491 3495 3494
f 3491 3492 3496 3495
f 3492 3489 3493 3496
o Box437
v 2.42895 2.68365 5.03065
v 7.58618 -0.488846 8.10347
v 11.5014 4.00751 6.17462
v 6.34416 7.18 3.1018
v 1.92226 4.13042 7.37475
v 7.07949 0.957928 10.4476
v 10.9947 5.45429 8.51872
v 5.83747 8.62678 5.4459
f 3497 3498 3499 3500
f 3501 3502 3503 3504
f 3497 3498 3502 3501
f 3498 3499 3503 3502
f 3499 3500 3504 3503
f 3500 3497 3501 3504
o Box438
v 3.77081 2.72262 8.27104
v 9.48248 2.81074 9.43721
v 10.0073 7.82061 6.48839
v 4.2956 7.73249 5.32221
v 3.26908 4.15776 10.62
v 8.98075 4.24588 11.7861
v 9.50554 9.25574 8.8373
v 3.79387 9.16763 7.67113
f 3505 3506 3507 3508
f 3509 3510 3511 3512
f 3505 3506 3510 3509
f 3506 3507 3511 3510
f 3507 3508 3512 3511
f 3508 3505 3509 3512
o Box439
v 3.72421 3.00683 8.44436
v 4.97508 8.02559 5.91012
v 8.47601 6.29491 4.21075
v 7.22514 1.27616 6.745
v 3.16388 2.71412 7.58811
v 4.41475 7.73287 5.05387
v 7.91568 6.0022 3.3545
v 6.66481 0.983449 5.88874
f 3513 3514 3515 3516
f 3517 3518 3519 3520
f 3513 3514 3518 3517
f 3514 3515 3519 3518
f 3515 3516 3520 3519
f 3516 3513 3517 3520
o Box440
v 6.13058 1.64208 6.89156
v 7.01917 5.28644 4.1943
v 9.62657 6.91741 7.25695
v 8.73798 3.27305 9.95421
v 7.10464 1.03148 6.38745
v 7.99323 4.67583 3.69019
v 10.6006 6.30681 6.75284
v 9.71204 2.66245 9.4501
f 3521 3522 3523 3524
f 3525 3526 3527 3528
f 3521 3522 3526 3525
f 3522 3523 3527 3526
f 3523 3524 3528 3527
f 3524 3521 3525 3528
o Box441
v 3.95856 1.89075 8.63512
v 3.47318 5.5285 7.57034
v 6.56157 5.21899 5.10506
v 7.04695 1.58124 6.16985
v 3.54619 1.69183 8.14349
v 3.06081 5.32957 7.07871
v 6.1492 5.02006 4.61344
v 6.63458 1.38232 5.67822
f 3529 3530 3531 3532
f 3533 3534 3535 3536
f 3529 3530 3534 3533
f 3530 3531 3535 3534
f 3531 3532 3536 3535
f 3532 3529 3533 3536
o Box442
v 4.82971 3.17534 7.47111
v 3.72291 7.66316 6.64308
v 7.57126 8.16587 4.22379
v 8.67805 3.67805 5.05181
v 4.35312 2.90767 6.65739
v 3.24633 7.39549 5.82937
v 7.09468 7.8982 3.41007
v 8.20147 3.41038 4.2381
f 3537 3538 3539 3540
f 3541 3542 3543 3544
f 3537 3538 3542 3541
f 3538 3539 3543 3542
f 3539 3540 3544 3543
f 3540 3537 3541 3544
o Box443
v 4.15431 2.13962 7.77965
v 4.12306 5.02029 6.45296
v 6.75554 4.48823 5.23567
v 6.78679 1.60756 6.56236
v 3.97058 1.98563 7.44962
v 3.93933 4.86631 6.12293
v 6.57181 4.33424 4.90564
v 6.60306 1.45357 6.23234
f 3545 3546 3547 3548
f 3549 3550 3551 3552
f 3545 3546 3550 3549
f 3546 3547 3551 3550
f 3547 3548 3552 3551
f 3548 3545 3549 3552
o Box444
v 5.4646 1.59645 6.20552
v 5.64198 4.58172 5.00928
v 3.71664 5.50626 7.03104
v 3.53926 2.521 8.22728
v 5.77157 1.68004 6.45963
v 5.94895 4.6653 5.26339
v 4.02361 5.58985 7.28515
v 3.84623 2.60458 8.48139
f 3553 3554 3555 3556
f 3557 3558 3559 3560
f 3553 3554 3558 3557
f 3554 3555 3559 3558
f 3555 3556 3560 3559
f 3556 3553 3557 3560
o Box445
v 6.38674 1.55313 6.46439
v 6.09516 4.30655 5.22125
v 4.43366 4.40212 5.82263
v 4.72524 1.6487 7.06578
v 6.45592 1.64048 6.64163
v 6.16433 4.3939 5.39849
v 4.50284 4.48947 5.99988
v 4.79442 1.73605 7.24302
f 3561 3562 3563 3564
f 3565 3566 3567 3568
f 3561 3562 3566 3565
f 3562 3563 3567 3566
f 3563 3564 3568 3567
f 3564 3561 3565 3568
o Box446
v 3.74022 2.71716 7.74483
v 4.52623 4.97233 6.26151
v 7.10839 3.51249 5.41033
v 6.32237 1.25732 6.89365
v 3.56465 2.5813 7.44524
v 4.35066 4.83646 5.96191
v 6.93282 3.37663 5.11073
v 6.1468 1.12146 6.59406
f 3569 3570 3571 3572
f 3573 3574 3575 3576
f 3569 3570 3574 3573
f 3570 3571 3575 3574
f 3571 3572 3576 3575
f 3572 3569 3573 3576
o Box447
v 5.54737 1.62202 6.77525
v 5.31909 3.99377 5.55067
v 6.22763 4.01223 5.41706
v 6.45592 1.64048 6.64164
v 5.54737 1.622 6.77523
v 5.31909 3.99375 5.55065
v 6.22763 4.01221 5.41703
v 6.45591 1.64046 6.64161
f 3577 3578 3579 3580
f 3581 3582 3583 3584
f 3577 3578 3582 3581
f 3578 3579 3583 3582
f 3579 3580 3584 3583
f 3580 3577 3581 3584
o Box448
v 4.73579 1.91273 7.07601
v 4.6195 4.51026 5.96971
v 5.44245 4.37977 5.57682
v 5.55874 1.78224 6.68313
v 4.73578 1.91272 7.076
v 4.61949 4.51026 5.9697
v 5.44244 4.37977 5.57681
v 5.55873 1.78223 6.68311
f 3585 3586 3587 3588
f 3589 3590 3591 3592
f 3585 3586 3590 3589
f 3586 3587 3591 3590
f 3587 3588 3592 3591
f 3588 3585 3589 3592
o Box449
v 4.75149 2.06285 6.99358
v 4.80294 4.83394 5.99043
v 4.16438 5.07061 6.61146
v 4.11294 2.29952 7.61461
v 4.75151 2.06285 6.99359
v 4.80295 4.83395 5.99044
v 4.16439 5.07062 6.61147
v 4.11295 2.29953 7.61462
f 3593 3594 3595 3596
f 3597 3598 3599 3600
f 3593 3594 3598 3597
f 3594 3595 3599 3598
f 3595 3596 3600 3599
f 3596 3593 3597 3600
o Box450
v 6.13427 1.6335 6.70941
v 5.82312 4.004 5.47653
v 6.65972 4.02215 5.30029
v 6.97086 1.65165 6.53316
v 6.13426 1.63349 6.70938
v 5.82312 4.00399 5.47651
v 6.65972 4.02213 5.30026
v 6.97086 1.65164 6.53314
f 3601 3602 3603 3604
f 3605 3606 3607 3608
f 3601 3602 3606 3605
f 3602 3603 3607 3606
f 3603 3604 3608 3607
f 3604 3601 3605 3608
o Box451
v 5.17389 1.34899 6.69716
v 5.90612 3.67352 5.04719
v 3.97077 5.44572 6.68505
v 3.23854 3.12119 8.33502
v 5.44783 1.43013 6.93305
v 6.18005 3.75466 5.28308
v 4.2447 5.52687 6.92094
v 3.51247 3.20233 8.57091
f 3609 3610 3611 3612
f 3613 3614 3615 3616
f 3609 3610 3614 3613
f 3610 3611 3615 3614
f 3611 3612 3616 3615
f 3612 3609 3613 3616
o Box452
v 4.93707 1.89169 6.44263
v 5.00112 4.98986 5.50169
v 4.04649 5.42182 6.85898
v 3.98243 2.32365 7.79992
v 5.10742 1.92166 6.55291
v 5.17147 5.01983 5.61197
v 4.21684 5.45179 6.96926
v 4.15278 2.35362 7.9102
f 3617 3618 3619 3620
f 3621 3622 3623 3624
f 3617 3618 3622 3621
f 3618 3619 3623 3622
f 3619 3620 3624 3623
f 3620 3617 3621 3624
o Box453
v 4.13158 2.44847 7.53558
v 4.38916 5.32142 6.61184
v 4.00951 5.60863 7.39926
v 3.75194 2.73569 8.323
v 4.13159 2.44847 7.53558
v 4.38917 5.32142 6.61184
v 4.00952 5.60863 7.39927
v 3.75195 2.73569 8.32301
f 3625 3626 3627 3628
f 3629 3630 3631 3632
f 3625 3626 3630 3629
f 3626 3627 3631 3630
f 3627 3628 3632 3631
f 3628 3625 3629 3632
o Box454
v 6.00961 1.70929 6.43276
v 5.82285 4.31701 5.3366
v 5.07043 4.43876 5.75442
v 5.25719 1.83103 6.85057
v 6.00961 1.70929 6.43276
v 5.82285 4.31702 5.33661
v 5.07043 4.43876 5.75442
v 5.25719 1.83103 6.85057
f 3633 3634 3635 3636
f 3637 3638 3639 3640
f 3633 3634 3638 3637
f 3634 3635 3639 3638
f 3635 3636 3640 3639
f 3636 3633 3637 3640
o Box455
v 5.08771 1.93222 6.62461
v 5.08927 4.7175 5.63995
v 4.51258 4.94157 6.27284
v 4.51101 2.15629 7.2575
v 5.08773 1.93223 6.62462
v 5.08929 4.7175 5.63996
v 4.51259 4.94157 6.27285
v 4.51103 2.15629 7.25751
f 3641 3642 3643 3644
f 3645 3646 3647 3648
f 3641 3642 3646 3645
f 3642 3643 3647 3646
f 3643 3644 3648 3647
f 3644 3641 3645 3648
o Box456
v 4.31757 2.29215 7.08585
v 4.54441 5.17645 6.17712
v 4.21684 5.45179 6.96926
v 3.99 2.56749 7.87799
v 4.31757 2.29215 7.08585
v 4.54441 5.17645 6.17712
v 4.21684 5.45179 6.96926
v 3.99 2.56749 7.87799
f 3649 3650 3651 3652
f 3653 3654 3655 3656
f 3649 3650 3654 3653
f 3650 3651 3655 3654
f 3651 3652 3656 3655
f 3652 3649 3653 3656
o Box457
v 5.02565 4.07313 6.05731
v 5.42727 6.78942 4.5647
v 8.35453 6.21026 4.29838
v 7.95291 3.49397 5.79099
v 4.95642 3.88729 5.7005
v 5.35804 6.60358 4.20789
v 8.2853 6.02443 3.94157
v 7.88368 3.30814 5.43418
f 3657 3658 3659 3660
f 3661 3662 3663 3664
f 3657 3658 3662 3661
f 3658 3659 3663 3662
f 3659 3660 3664 3663
f 3660 3657 3661 3664
o Box458
v 5.748 3.82268 4.98129
v 6.57117 6.70976 3.81391
v 4.73057 8.00867 5.72841
v 3.9074 5.1216 6.89579
v 6.05283 3.84747 5.25753
v 6.876 6.73454 4.09016
v 5.0354 8.03346 6.00466
v 4.21223 5.14638 7.17203
f 3665 3666 3667 3668
f 3669 3670 3671 3672
f 3665 3666 3670 3669
f 3666 3667 3671 3670
f 3667 3668 3672 3671
f 3668 3665 3669 3672
o Box459
v 5.10615 3.76591 6.24949
v 5.09985 6.81282 4.77837
v 7.55388 6.57893 4.28346
v 7.56018 3.53203 5.75457
v 5.01363 3.58541 5.87605
v 5.00734 6.63232 4.40493
v 7.46137 6.39844 3.91002
v 7.46766 3.35153 5.38113
f 3673 3674 3675 3676
f 3677 3678 3679 3680
f 3673 3674 3678 3677
f 3674 3675 3679 3678
f 3675 3676 3680 3679
f 3676 3673 3677 3680
o Box460
v 6.57756 3.55881 5.77947
v 6.6093 6.11685 4.28032
v 8.22072 6.1054 4.29488
v 8.18899 3.54735 5.79404
v 6.57843 3.45485 5.60212
v 6.61016 6.0129 4.10296
v 8.22158 6.00145 4.11752
v 8.18985 3.4434 5.61668
f 3681 3682 3683 3684
f 3685 3686 3687 3688
f 3681 3682 3686 3685
f 3682 3683 3687 3686
f 3683 3684 3688 3687
f 3684 3681 3685 3688
o Box461
v 6.66152 3.51793 5.58263
v 6.88776 5.63748 4.22646
v 7.78641 5.65158 4.3984
v 7.56017 3.53203 5.75457
v 6.66152 3.51792 5.58262
v 6.88776 5.63748 4.22645
v 7.78642 5.65157 4.39839
v 7.56018 3.53202 5.75456
f 3689 3690 3691 3692
f 3693 3694 3695 3696
f 3689 3690 3694 3693
f 3690 3691 3695 3694
f 3691 3692 3696 3695
f 3692 3689 3693 3696
o Box462
v 6.62963 3.60972 5.29709
v 6.95181 6.35142 4.04208
v 5.30466 6.77837 4.55196
v 4.98248 4.03668 5.80697
v 6.70421 3.68312 5.47658
v 7.02639 6.42481 4.22157
v 5.37924 6.85177 4.73145
v 5.05707 4.11008 5.98647
f 3697 3698 3699 3700
f 3701 3702 3703 3704
f 3697 3698 3702 3701
f 3698 3699 3703 3702
f 3699 3700 3704 3703
f 3700 3697 3701 3704
o Box463
v 5.80227 3.84454 5.55983
v 6.11105 6.20602 4.3263
v 7.013 6.04462 4.24308
v 6.70422 3.68313 5.47661
v 5.80227 3.84452 5.5598
v 6.11105 6.20601 4.32628
v 7.01299 6.0446 4.24306
v 6.70421 3.68312 5.47658
f 3705 3706 3707 3708
f 3709 3710 3711 3712
f 3705 3706 3710 3709
f 3706 3707 3711 3710
f 3707 3708 3712 3711
f 3708 3705 3709 3712
o Box464
v 5.04349 4.28613 5.82066
v 5.49604 6.84895 4.70861
v 6.29858 6.55622 4.36059
v 5.84603 3.99341 5.47264
v 5.04348 4.28613 5.82065
v 5.49603 6.84895 4.7086
v 6.29857 6.55622 4.36059
v 5.84602 3.99341 5.47263
f 3713 3714 3715 3716
f 3717 3718 3719 3720
f 3713 3714 3718 3717
f 3714 3715 3719 3718
f 3715 3716 3720 3719
f 3716 3713 3717 3720
o Box465
v 7.24741 3.52662 5.71334
v 7.39404 5.64543 4.32333
v 8.23502 5.65997 4.43421
v 8.08839 3.54116 5.82422
v 7.24741 3.52662 5.71334
v 7.39404 5.64542 4.32333
v 8.23502 5.65996 4.4342
v 8.08839 3.54115 5.82421
f 3721 3722 3723 3724
f 3725 3726 3727 3728
f 3721 3722 3726 3725
f 3722 3723 3727 3726
f 3723 3724 3728 3727
f 3724 3721 3725 3728
o Box466
v 6.38099 3.74 5.52589
v 6.6093 6.11686 4.28032
v 7.44503 5.96978 4.15286
v 7.21672 3.59293 5.39842
v 6.38099 3.74 5.52588
v 6.6093 6.11685 4.28032
v 7.44502 5.96978 4.15285
v 7.21672 3.59293 5.39842
f 3729 3730 3731 3732
f 3733 3734 3735 3736
f 3729 3730 3734 3733
f 3730 3731 3735 3734
f 3731 3732 3736 3735
f 3732 3729 3733 3736
o Box467
v 4.91765 4.43264 5.62886
v 5.68329 7.40327 4.6669
v 4.78955 8.08144 6.04982
v 4.0239 5.11081 7.01178
v 5.08912 4.42547 5.7432
v 5.85476 7.3961 4.78124
v 4.96102 8.07427 6.16415
v 4.19538 5.10364 7.12612
f 3737 3738 3739 3740
f 3741 3742 3743 3744
f 3737 3738 3742 3741
f 3738 3739 3743 3742
f 3739 3740 3744 3743
f 3740 3737 3741 3744
o Box468
v 6.12364 3.75196 4.7414
v 6.58475 7.14176 3.7972
v 4.88779 7.82361 5.41636
v 4.42667 4.43381 6.36057
v 6.42732 3.79434 5.04183
v 6.88843 7.18413 4.09762
v 5.19146 7.86598 5.71679
v 4.73035 4.47618 6.661
f 3745 3746 3747 3748
f 3749 3750 3751 3752
f 3745 3746 3750 3749
f 3746 3747 3751 3750
f 3747 3748 3752 3751
f 3748 3745 3749 3752
o Box469
v 5.08912 4.42547 5.7432
v 5.72995 7.12771 4.74181
v 5.11701 7.4904 5.32829
v 4.47619 4.78816 6.32968
v 5.08913 4.42547 5.74321
v 5.72995 7.12771 4.74181
v 5.11702 7.4904 5.32829
v 4.47619 4.78816 6.32969
f 3753 3754 3755 3756
f 3757 3758 3759 3760
f 3753 3754 3758 3757
f 3754 3755 3759 3758
f 3755 3756 3760 3759
f 3756 3753 3757 3760
o Box470
v 4.5248 4.92718 6.25565
v 5.37868 7.69088 5.34464
v 5.02088 8.05419 6.11141
v 4.16699 5.29049 7.02242
v 4.52481 4.92718 6.25566
v 5.37869 7.69088 5.34464
v 5.02088 8.05419 6.11141
v 4.167 5.29049 7.02243
f 3761 3762 3763 3764
f 3765 3766 3767 3768
f 3761 3762 3766 3765
f 3762 3763 3767 3766
f 3763 3764 3768 3767
f 3764 3761 3765 3768
o Box471
v 5.54803 4.10242 5.62366
v 5.93426 6.68911 4.51858
v 6.67369 6.41861 4.14385
v 6.28746 3.83192 5.24894
v 5.54802 4.10242 5.62364
v 5.93425 6.6891 4.51856
v 6.67368 6.41861 4.14384
v 6.28745 3.83192 5.24892
f 3769 3770 3771 3772
f 3773 3774 3775 3776
f 3769 3770 3774 3773
f 3770 3771 3775 3774
f 3771 3772 3776 3775
f 3772 3769 3773 3776
o Box472
v 5.26921 4.21562 5.20576
v 5.98149 7.23126 4.26698
v 5.05035 7.85825 5.57456
v 4.33808 4.84261 6.51334
v 5.43478 4.21353 5.32466
v 6.14706 7.22917 4.38588
v 5.21592 7.85616 5.69346
v 4.50364 4.84052 6.63224
f 3777 3778 3779 3780
f 3781 3782 3783 3784
f 3777 3778 3782 3781
f 3778 3779 3783 3782
f 3779 3780 3784 3783
f 3780 3777 3781 3784
o Box473
v 5.41371 4.22848 5.39447
v 6.00909 6.95407 4.40905
v 5.45034 7.29316 5.00935
v 4.85497 4.56757 5.99478
v 5.41373 4.22848 5.39449
v 6.0091 6.95407 4.40906
v 5.45036 7.29316 5.00937
v 4.85498 4.56757 5.99479
f 3785 3786 3787 3788
f 3789 3790 3791 3792
f 3785 3786 3790 3789
f 3786 3787 3791 3790
f 3787 3788 3792 3791
f 3788 3785 3789 3792
o Box474
v 4.70175 4.73312 5.81781
v 5.52859 7.51324 4.91977
v 5.21592 7.85615 5.69346
v 4.38907 5.07603 6.5915
v 4.70175 4.73312 5.81781
v 5.5286 7.51324 4.91977
v 5.21592 7.85615 5.69346
v 4.38908 5.07603 6.5915
f 3793 3794 3795 3796
f 3797 3798 3799 3800
f 3793 3794 3798 3797
f 3794 3795 3799 3798
f 3795 3796 3800 3799
f 3796 3793 3797 3800
o Box475
v 6.64113 1.32731 5.36972
v 9.01458 1.11372 9.37722
v 10.2337 4.18727 8.819
v 7.86025 4.40086 4.8115
v 5.87793 1.71589 5.84244
v 8.25138 1.5023 9.84993
v 9.4705 4.57585 9.29172
v 7.09705 4.78944 5.28422
f 3801 3802 3803 3804
f 3805 3806 3807 3808
f 3801 3802 3806 3805
f 3802 3803 3807 3806
f 3803 3804 3808 3807
f 3804 3801 3805 3808
o Box476
v 7.76487 3.59142 4.24649
v 8.52765 2.52495 8.10781
v 10.5165 5.44926 8.52261
v 9.75373 6.51573 4.66129
v 7.22752 3.92862 4.44577
v 7.99029 2.86215 8.30709
v 9.97915 5.78645 8.72189
v 9.21638 6.85293 4.86057
f 3809 3810 3811 3812
f 3813 3814 3815 3816
f 3809 3810 3814 3813
f 3810 3811 3815 3814
f 3811 3812 3816 3815
f 3812 3809 3813 3816
o Box477
v 6.46207 1.3001 6.92547
v 6.16351 3.5249 5.33873
v 8.21369 4.18376 5.87677
v 8.51226 1.95896 7.46351
v 6.53022 1.20612 6.78088
v 6.23165 3.43093 5.19414
v 8.28184 4.08979 5.73218
v 8.5804 1.86498 7.31891
f 3817 3818 3819 3820
f 3821 3822 3823 3824
f 3817 3818 3822 3821
f 3818 3819 3823 3822
f 3819 3820 3824 3823
f 3820 3817 3821 3824
o Box478
v 8.29037 2.64649 5.71986
v 8.40762 1.03263 8.45542
v 9.4912 3.62944 9.94098
v 9.37395 5.2433 7.20542
v 7.94956 2.74656 5.79351
v 8.0668 1.13271 8.52907
v 9.15038 3.72952 10.0146
v 9.03314 5.34338 7.27907
f 3825 3826 3827 3828
f 3829 3830 3831 3832
f 3825 3826 3830 3829
f 3826 3827 3831 3830
f 3827 3828 3832 3831
f 3828 3825 3829 3832
o Box479
v 6.48615 1.25366 7.01418
v 6.03846 3.48886 5.37401
v 7.64179 4.05829 5.71239
v 8.08948 1.82309 7.35256
v 6.55767 1.14881 6.85176
v 6.10997 3.38401 5.2116
v 7.71331 3.95344 5.54998
v 8.161 1.71824 7.19014
f 3833 3834 3835 3836
f 3837 3838 3839 3840
f 3833 3834 3838 3837
f 3834 3835 3839 3838
f 3835 3836 3840 3839
f 3836 3833 3837 3840
o Box480
v 7.248 1.48515 7.19781
v 6.67986 3.68973 5.47269
v 8.09667 4.30282 5.78957
v 8.6648 2.09823 7.5147
v 7.32812 1.38185 7.03943
v 6.75999 3.58644 5.3143
v 8.17679 4.19952 5.63118
v 8.74492 1.99494 7.35631
f 3841 3842 3843 3844
f 3845 3846 3847 3848
f 3841 3842 3846 3845
f 3842 3843 3847 3846
f 3843 3844 3848 3847
f 3844 3841 3845 3848
o Box481
v 7.33258 1.46045 7.01351
v 7.09739 3.32309 5.54629
v 7.85429 3.68574 5.88534
v 8.08948 1.8231 7.35256
v 7.33259 1.46045 7.0135
v 7.0974 3.32309 5.54628
v 7.8543 3.68573 5.88534
v 8.08948 1.82309 7.35255
f 3849 3850 3851 3852
f 3853 3854 3855 3856
f 3849 3850 3854 3853
f 3850 3851 3855 3854
f 3851 3852 3856 3855
f 3852 3849 3853 3856
o Box482
v 6.45012 1.46396 6.75247
v 6.17906 3.58178 5.40382
v 7.06378 3.77249 5.52548
v 7.33484 1.65466 6.87413
v 6.45012 1.46396 6.75246
v 6.17907 3.58178 5.40382
v 7.06378 3.77249 5.52548
v 7.33484 1.65466 6.87412
f 3857 3858 3859 3860
f 3861 3862 3863 3864
f 3857 3858 3862 3861
f 3858 3859 3863 3862
f 3859 3860 3864 3863
f 3860 3857 3861 3864
o Box483
v 7.82954 1.70141 7.25532
v 7.53731 3.53387 5.74335
v 8.26057 3.87246 6.01394
v 8.55279 2.04 7.5259
v 7.82956 1.70139 7.25529
v 7.53733 3.53385 5.74333
v 8.26058 3.87245 6.01392
v 8.55281 2.03999 7.52588
f 3865 3866 3867 3868
f 3869 3870 3871 3872
f 3865 3866 3870 3869
f 3866 3867 3871 3870
f 3867 3868 3872 3871
f 3868 3865 3869 3872
o Box484
v 7.02998 1.58889 6.85132
v 6.67986 3.68973 5.47269
v 7.50425 3.8676 5.53437
v 7.85437 1.76676 6.913
v 7.02998 1.58889 6.85131
v 6.67987 3.68973 5.47268
v 7.50425 3.8676 5.53436
v 7.85437 1.76675 6.913
f 3873 3874 3875 3876
f 3877 3878 3879 3880
f 3873 3874 3878 3877
f 3874 3875 3879 3878
f 3875 3876 3880 3879
f 3876 3873 3877 3880
o Box485
v 8.19194 3.21307 5.89799
v 8.19302 1.40703 7.62416
v 9.29478 2.71001 8.98675
v 9.2937 4.51606 7.26058
v 8.005 3.2885 5.97702
v 8.00608 1.48245 7.70319
v 9.10783 2.78543 9.06578
v 9.10675 4.59148 7.33962
f 3881 3882 3883 3884
f 3885 3886 3887 3888
f 3881 3882 3886 3885
f 3882 3883 3887 3886
f 3883 3884 3888 3887
f 3884 3881 3885 3888
o Box486
v 8.99135 3.39318 6.62677
v 8.71232 1.72526 8.36283
v 9.07052 3.25127 9.88651
v 9.34955 4.91918 8.15044
v 8.77909 3.43599 6.63379
v 8.50006 1.76808 8.36985
v 8.85826 3.29408 9.89353
v 9.13728 4.962 8.15746
f 3889 3890 3891 3892
f 3893 3894 3895 3896
f 3889 3890 3894 3893
f 3890 3891 3895 3894
f 3891 3892 3896 3895
f 3892 3889 3893 3896
o Box487
v 8.29206 3.5552 6.25589
v 8.4332 1.9531 7.86476
v 8.98173 2.43627 8.29777
v 8.84058 4.03836 6.68889
v 8.29204 3.55521 6.2559
v 8.43318 1.95312 7.86478
v 8.9817 2.43628 8.29778
v 8.84056 4.03837 6.68891
f 3897 3898 3899 3900
f 3901 3902 3903 3904
f 3897 3898 3902 3901
f 3898 3899 3903 3902
f 3899 3900 3904 3903
f 3900 3897 3901 3904
o Box488
v 8.01511 1.59787 7.53095
v 8.16917 3.42702 6.08112
v 9.15008 4.46936 7.50039
v 8.99601 2.64021 8.95022
v 8.17403 1.53439 7.46774
v 8.32809 3.36353 6.01791
v 9.309 4.40587 7.43719
v 9.15493 2.57672 8.88701
f 3905 3906 3907 3908
f 3909 3910 3911 3912
f 3905 3906 3910 3909
f 3906 3907 3911 3910
f 3907 3908 3912 3911
f 3908 3905 3909 3912
o Box489
v 8.08293 1.61459 7.5266
v 7.96549 3.24959 5.9612
v 8.51139 3.76045 6.45381
v 8.62883 2.12545 8.01922
v 8.08293 1.61459 7.5266
v 7.96549 3.24959 5.9612
v 8.5114 3.76045 6.45381
v 8.62884 2.12544 8.01921
f 3913 3914 3915 3916
f 3917 3918 3919 3920
f 3913 3914 3918 3917
f 3914 3915 3919 3918
f 3915 3916 3920 3919
f 3916 3913 3917 3920
o Box490
v 8.85308 3.75114 6.94846
v 8.77221 2.30742 8.59729
v 9.08934 2.90478 9.1359
v 9.1702 4.34851 7.48707
v 8.85306 3.75115 6.94846
v 8.77219 2.30742 8.59729
v 9.08932 2.90479 9.1359
v 9.17019 4.34852 7.48707
f 3921 3922 3923 3924
f 3925 3926 3927 3928
f 3921 3922 3926 3925
f 3922 3923 3927 3926
f 3923 3924 3928 3927
f 3924 3921 3925 3928
o Box491
v 8.53762 1.89305 8.18354
v 8.81683 3.62534 6.78535
v 9.14879 4.83134 8.34582
v 8.86959 3.09905 9.74401
v 8.71703 1.85627 8.1738
v 8.99624 3.58856 6.77561
v 9.3282 4.79456 8.33608
v 9.049 3.06227 9.73427
f 3929 3930 3931 3932
f 3933 3934 3935 3936
f 3929 3930 3934 3933
f 3930 3931 3935 3934
f 3931 3932 3936 3935
f 3932 3929 3933 3936
o Box492
v 9.15329 3.67961 7.38449
v 8.83626 2.3027 9.01599
v 8.83525 2.97429 9.58259
v 9.15227 4.3512 7.95109
v 9.15328 3.67961 7.38449
v 8.83625 2.3027 9.01599
v 8.83524 2.97429 9.58259
v 9.15226 4.3512 7.95108
f 3937 3938 3939 3940
f 3941 3942 3943 3944
f 3937 3938 3942 3941
f 3938 3939 3943 3942
f 3939 3940 3944 3943
f 3940 3937 3941 3944
o Box493
v 8.67976 3.37252 6.59939
v 8.60536 1.9081 8.22472
v 8.88784 2.52525 8.7937
v 8.96224 3.98967 7.16837
v 8.67975 3.37253 6.59939
v 8.60534 1.90811 8.22472
v 8.88782 2.52526 8.7937
v 8.96223 3.98968 7.16837
f 3945 3946 3947 3948
f 3949 3950 3951 3952
f 3945 3946 3950 3949
f 3946 3947 3951 3950
f 3947 3948 3952 3951
f 3948 3945 3949 3952
o Box494
v 9.15267 4.09809 7.73755
v 8.81762 2.7178 9.36086
v 8.86358 3.38628 9.93875
v 9.19863 4.76657 8.31544
v 9.15265 4.09809 7.73755
v 8.81761 2.71781 9.36086
v 8.86357 3.38628 9.93874
v 9.19862 4.76657 8.31543
f 3953 3954 3955 3956
f 3957 3958 3959 3960
f 3953 3954 3958 3957
f 3954 3955 3959 3958
f 3955 3956 3960 3959
f 3956 3953 3957 3960
o Box495
v 7.46638 3.175 6.0974
v 7.73173 5.14031 4.35601
v 9.52457 5.88871 5.47384
v 9.25922 3.92341 7.21523
v 7.57454 3.06936 5.99465
v 7.83989 5.03466 4.25327
v 9.63273 5.78307 5.3711
v 9.36738 3.81777 7.11248
f 3961 3962 3963 3964
f 3965 3966 3967 3968
f 3961 3962 3966 3965
f 3962 3963 3967 3966
f 3963 3964 3968 3967
f 3964 3961 3965 3968
o Box496
v 9.46706 4.84433 5.5495
v 8.82749 3.31638 7.4105
v 9.47864 4.88173 8.91949
v 10.1182 6.40968 7.05849
v 9.29861 4.9146 5.5493
v 8.65903 3.38665 7.4103
v 9.31018 4.952 8.91929
v 9.94976 6.47995 7.05829
f 3969 3970 3971 3972
f 3973 3974 3975 3976
f 3969 3970 3974 3973
f 3970 3971 3975 3974
f 3971 3972 3976 3975
f 3972 3969 3973 3976
o Box497
v 7.70928 4.98133 4.23703
v 7.58071 3.01452 6.09055
v 8.98169 3.64086 6.85235
v 9.11026 5.60767 4.99883
v 7.59277 5.09939 4.35423
v 7.4642 3.13258 6.20775
v 8.86518 3.75892 6.96955
v 8.99375 5.72573 5.11602
f 3977 3978 3979 3980
f 3981 3982 3983 3984
f 3977 3978 3982 3981
f 3978 3979 3983 3982
f 3979 3980 3984 3983
f 3980 3977 3981 3984
o Box498
v 8.31838 5.21503 4.53111
v 8.26326 3.28796 6.48907
v 9.50983 3.95709 7.18274
v 9.56495 5.88416 5.22477
v 8.19383 5.33168 4.6424
v 8.13871 3.40461 6.60037
v 9.38528 4.07374 7.29404
v 9.4404 6.00081 5.33607
f 3985 3986 3987 3988
f 3989 3990 3991 3992
f 3985 3986 3990 3989
f 3986 3987 3991 3990
f 3987 3988 3992 3991
f 3988 3985 3989 3992
o Box499
v 7.51562 3.34882 5.88936
v 7.73393 5.21047 4.42045
v 8.52898 5.42001 4.80417
v 8.31067 3.55836 6.27308
v 7.51562 3.34882 5.88935
v 7.73394 5.21047 4.42044
v 8.52899 5.42 4.80416
v 8.31067 3.55835 6.27307
f 3993 3994 3995 3996
f 3997 3998 3999 4000
f 3993 3994 3998 3997
f 3994 3995 3999 3998
f 3995 3996 4000 3999
f 3996 3993 3997 4000
o Box500
v 8.2569 3.36133 6.44283
v 8.54982 4.97658 4.88527
v 9.15808 5.37418 5.41199
v 8.86517 3.75893 6.96955
v 8.25691 3.36132 6.44283
v 8.54983 4.97657 4.88526
v 9.15809 5.37417 5.41198
v 8.86518 3.75892 6.96955
f 4001 4002 4003 4004
f 4005 4006 4007 4008
f 4001 4002 4006 4005
f 4002 4003 4007 4006
f 4003 4004 4008 4007
f 4004 4001 4005 4008
o Box501
v 8.03619 3.48828 6.1594
v 8.19383 5.33167 4.6424
v 8.95404 5.52576 4.95724
v 8.79641 3.68236 6.47424
v 8.0362 3.48827 6.1594
v 8.19383 5.33167 4.6424
v 8.95405 5.52575 4.95724
v 8.79641 3.68235 6.47423
f 4009 4010 4011 4012
f 4013 4014 4015 4016
f 4009 4010 4014 4013
f 4010 4011 4015 4014
f 4011 4012 4016 4015
f 4012 4009 4013 4016
o Box502
v 8.91221 5.21345 5.19907
v 8.64834 3.6261 6.80235
v 9.25469 3.9975 7.26986
v 9.51857 5.58485 5.66657
v 8.9122 5.21346 5.19907
v 8.64833 3.62611 6.80236
v 9.25468 3.99751 7.26986
v 9.51856 5.58486 5.66658
f 4017 4018 4019 4020
f 4021 4022 4023 4024
f 4017 4018 4022 4021
f 4018 4019 4023 4022
f 4019 4020 4024 4023
f 4020 4017 4021 4024
o Box503
v 9.65023 5.22957 5.93033
v 9.04144 3.83032 8.02453
v 9.51442 5.05969 8.98344
v 10.1232 6.45894 6.88923
v 9.46252 5.30502 5.92618
v 8.85373 3.90578 8.02038
v 9.32671 5.13515 8.97929
v 9.9355 6.5344 6.88508
f 4025 4026 4027 4028
f 4029 4030 4031 4032
f 4025 4026 4030 4029
f 4026 4027 4031 4030
f 4027 4028 4032 4031
f 4028 4025 4029 4032
o Box504
v 9.36953 4.70348 5.48759
v 8.79498 3.27757 7.5651
v 9.33675 4.48748 8.54537
v 9.9113 5.91339 6.46785
v 9.1832 4.78393 5.49127
v 8.60865 3.35801 7.56879
v 9.15042 4.56793 8.54905
v 9.72497 5.99384 6.47154
f 4033 4034 4035 4036
f 4037 4038 4039 4040
f 4033 4034 4038 4037
f 4034 4035 4039 4038
f 4035 4036 4040 4039
f 4036 4033 4037 4040
o Box505
v 9.46254 5.30501 5.92617
v 9.01295 3.91661 7.55593
v 9.40739 4.44555 8.11535
v 9.85699 5.83395 6.48559
v 9.46252 5.30502 5.92618
v 9.01293 3.91663 7.55594
v 9.40737 4.44556 8.11536
v 9.85697 5.83396 6.48559
f 4041 4042 4043 4044
f 4045 4046 4047 4048
f 4041 4042 4046 4045
f 4042 4043 4047 4046
f 4043 4044 4048 4047
f 4044 4041 4045 4048
o Box506
v 9.77842 5.59532 6.73603
v 9.09698 4.3186 8.32593
v 9.23652 4.96954 8.90845
v 9.91796 6.24626 7.31856
v 9.77839 5.59533 6.73603
v 9.09695 4.31861 8.32592
v 9.23649 4.96955 8.90845
v 9.91793 6.24627 7.31855
f 4049 4050 4051 4052
f 4053 4054 4055 4056
f 4049 4050 4054 4053
f 4050 4051 4055 4054
f 4051 4052 4056 4055
f 4052 4049 4053 4056
o Box507
v 9.23873 4.96608 5.5659
v 8.79098 3.55552 7.17108
v 9.15682 4.10955 7.75998
v 9.60457 5.52011 6.15481
v 9.23871 4.96609 5.5659
v 8.79097 3.55552 7.17108
v 9.15681 4.10955 7.75999
v 9.60455 5.52012 6.15481
f 4057 4058 4059 4060
f 4061 4062 4063 4064
f 4057 4058 4062 4061
f 4058 4059 4063 4062
f 4059 4060 4064 4063
f 4060 4057 4061 4064
o Box508
v 9.71741 5.18307 6.38093
v 9.05238 3.90546 7.97842
v 9.15042 4.56793 8.54905
v 9.81544 5.84554 6.95156
v 9.71739 5.18307 6.38093
v 9.05237 3.90546 7.97841
v 9.1504 4.56793 8.54905
v 9.81543 5.84555 6.95156
f 4065 4066 4067 4068
f 4069 4070 4071 4072
f 4065 4066 4070 4069
f 4066 4067 4071 4070
f 4067 4068 4072 4071
f 4068 4065 4069 4072
o Box509
v 2.87575 3.34209 8.60035
v 4.30663 8.30007 5.95415
v 6.63698 9.35378 9.1885
v 5.2061 4.39581 11.8347
v 3.75537 2.83768 8.13092
v 5.18625 7.79566 5.48472
v 7.5166 8.84937 8.71907
v 6.08572 3.8914 11.3653
f 4073 4074 4075 4076
f 4077 4078 4079 4080
f 4073 4074 4078 4077
f 4074 4075 4079 4078
f 4075 4076 4080 4079
f 4076 4073 4077 4080
o Box510
v 5.93204 4.68297 11.8993
v 6.98452 9.03341 9.44526
v 10.5204 7.21421 7.73669
v 9.46797 2.86376 10.1907
v 5.28802 4.3106 10.9629
v 6.3405 8.66105 8.50893
v 9.87643 6.84185 6.80035
v 8.82395 2.4914 9.25435
f 4081 4082 4083 4084
f 4085 4086 4087 4088
f 4081 4082 4086 4085
f 4082 4083 4087 4086
f 4083 4084 4088 4087
f 4084 4081 4085 4088
o Box511
v 2.43788 3.44962 7.61128
v 4.18113 7.20207 7.23411
v 6.4299 6.57674 11.4065
v 4.68665 2.8243 11.7836
v 3.19302 3.05192 7.14468
v 4.93627 6.80436 6.76751
v 7.18504 6.17904 10.9399
v 5.44179 2.42659 11.317
f 4089 4090 4091 4092
f 4093 4094 4095 4096
f 4089 4090 4094 4093
f 4090 4091 4095 4094
f 4091 4092 4096 4095
f 4092 4089 4093 4096
o Box512
v 3.43459 5.7443 6.5016
v 5.06883 8.75638 5.68898
v 6.53911 8.94447 9.34298
v 4.90487 5.93239 10.1556
v 3.96648 5.40272 6.30517
v 5.60072 8.4148 5.49255
v 7.071 8.60289 9.14654
v 5.43676 5.59081 9.95916
f 4097 4098 4099 4100
f 4101 4102 4103 4104
f 4097 4098 4102 4101
f 4098 4099 4103 4102
f 4099 4100 4104 4103
f 4100 4097 4101 4104
o Box513
v 3.38524 2.88984 8.02614
v 3.99246 5.77138 6.90546
v 4.76898 6.64618 9.57555
v 4.16176 3.76464 10.6962
v 3.77089 2.77907 7.95027
v 4.37811 5.66061 6.8296
v 5.15463 6.53541 9.49969
v 4.54741 3.65386 10.6204
f 4105 4106 4107 4108
f 4109 4110 4111 4112
f 4105 4106 4110 4109
f 4106 4107 4111 4110
f 4107 4108 4112 4111
f 4108 4105 4109 4112
o Box514
v 3.53813 3.94105 9.92205
v 4.3662 6.4648 8.7239
v 6.72756 6.48187 10.3918
v 5.89949 3.95812 11.59
v 3.74041 3.7397 9.63773
v 4.56848 6.26345 8.43958
v 6.92984 6.28052 10.1075
v 6.10177 3.75677 11.3057
f 4113 4114 4115 4116
f 4117 4118 4119 4120
f 4113 4114 4118 4117
f 4114 4115 4119 4118
f 4115 4116 4120 4119
f 4116 4113 4117 4120
o Box515
v 3.37819 3.02116 8.34314
v 4.24816 6.28589 7.58261
v 4.9658 6.65015 9.96716
v 4.09583 3.38542 10.7277
v 3.77377 2.89259 8.24373
v 4.64374 6.15732 7.4832
v 5.36138 6.52158 9.86775
v 4.49141 3.25685 10.6283
f 4121 4122 4123 4124
f 4125 4126 4127 4128
f 4121 4122 4126 4125
f 4122 4123 4127 4126
f 4123 4124 4128 4127
f 4124 4121 4125 4128
o Box516
v 3.56755 2.78193 7.70164
v 4.17662 5.84599 6.84446
v 4.31842 6.29618 8.55446
v 3.70934 3.23212 9.41164
v 3.76762 2.74056 7.69594
v 4.3767 5.80463 6.83876
v 4.51849 6.25481 8.54876
v 3.90942 3.19075 9.40594
f 4129 4130 4131 4132
f 4133 4134 4135 4136
f 4129 4130 4134 4133
f 4130 4131 4135 4134
f 4131 4132 4136 4135
f 4132 4129 4133 4136
o Box517
v 3.77377 2.89259 8.24373
v 4.25491 5.78313 7.36781
v 4.17491 6.06019 8.23817
v 3.69377 3.16965 9.11409
v 3.77377 2.89259 8.24373
v 4.25491 5.78313 7.36781
v 4.17492 6.06019 8.23817
v 3.69377 3.16965 9.11409
f 4137 4138 4139 4140
f 4141 4142 4143 4144
f 4137 4138 4142 4141
f 4138 4139 4143 4142
f 4139 4140 4144 4143
f 4140 4137 4141 4144
o Box518
v 3.54599 3.41587 9.1063
v 4.42586 6.35159 8.24064
v 5.18172 6.5855 9.80216
v 4.30184 3.64978 10.6678
v 3.72119 3.34163 9.03262
v 4.60106 6.27735 8.16695
v 5.35692 6.51127 9.72848
v 4.47704 3.57554 10.5941
f 4145 4146 4147 4148
f 4149 4150 4151 4152
f 4145 4146 4150 4149
f 4146 4147 4151 4150
f 4147 4148 4152 4151
f 4148 4145 4149 4152
o Box519
v 3.72117 3.34163 9.03262
v 4.41987 6.162 8.16683
v 4.64184 6.37093 9.02656
v 3.94314 3.55056 9.89236
v 3.72119 3.34163 9.03262
v 4.41989 6.162 8.16683
v 4.64186 6.37092 9.02656
v 3.94316 3.55056 9.89235
f 4153 4154 4155 4156
f 4157 4158 4159 4160
f 4153 4154 4158 4157
f 4154 4155 4159 4158
f 4155 4156 4160 4159
f 4156 4153 4157 4160
o Box520
v 3.98019 3.74143 9.8071
v 4.8665 6.41039 8.91057
v 5.35465 6.50293 9.66862
v 4.46835 3.83397 10.5652
v 3.9802 3.74143 9.8071
v 4.86651 6.41039 8.91056
v 5.35466 6.50292 9.66862
v 4.46836 3.83396 10.5652
f 4161 4162 4163 4164
f 4165 4166 4167 4168
f 4161 4162 4166 4165
f 4162 4163 4167 4166
f 4163 4164 4168 4167
f 4164 4161 4165 4168
o Box521
v 3.79275 2.74387 7.76047
v 4.25315 5.63945 6.88745
v 4.21889 5.90787 7.75968
v 3.75849 3.01229 8.6327
v 3.79275 2.74387 7.76047
v 4.25315 5.63945 6.88745
v 4.21889 5.90787 7.75968
v 3.75849 3.01229 8.6327
f 4169 4170 4171 4172
f 4173 4174 4175 4176
f 4169 4170 4174 4173
f 4170 4171 4175 4174
f 4171 4172 4176 4175
f 4172 4169 4173 4176
o Box522
v 3.57655 3.23122 8.56638
v 4.25179 6.05123 7.68908
v 4.51846 6.25482 8.54877
v 3.84321 3.43481 9.42607
v 3.57658 3.2312 8.56637
v 4.25183 6.05122 7.68907
v 4.51849 6.25481 8.54876
v 3.84325 3.4348 9.42606
f 4177 4178 4179 4180
f 4181 4182 4183 4184
f 4177 4178 4182 4181
f 4178 4179 4183 4182
f 4179 4180 4184 4183
f 4180 4177 4181 4184
o Box523
v 4.44891 4.14689 10.636
v 5.6743 6.63401 9.58877
v 7.12267 6.28057 10.4441
v 5.89727 3.79344 11.4913
v 4.51955 4.04379 10.4738
v 5.74494 6.53091 9.42655
v 7.19331 6.17746 10.2819
v 5.96792 3.69034 11.3291
f 4185 4186 4187 4188
f 4189 4190 4191 4192
f 4185 4186 4190 4189
f 4186 4187 4191 4190
f 4187 4188 4192 4191
f 4188 4185 4189 4192
o Box524
v 3.28589 3.96294 9.55963
v 4.53174 6.7647 8.57205
v 6.45834 6.5212 10.3117
v 5.21249 3.71944 11.2992
v 3.51925 3.75796 9.2725
v 4.7651 6.55972 8.28491
v 6.6917 6.31622 10.0245
v 5.44585 3.51446 11.0121
f 4193 4194 4195 4196
f 4197 4198 4199 4200
f 4193 4194 4198 4197
f 4194 4195 4199 4198
f 4195 4196 4200 4199
f 4196 4193 4197 4200
o Box525
v 4.51952 4.04381 10.4738
v 5.54152 6.49649 9.50645
v 6.22744 6.43936 10.0863
v 5.20545 3.98668 11.0536
v 4.51955 4.04379 10.4738
v 5.54154 6.49647 9.50642
v 6.22747 6.43933 10.0862
v 5.20547 3.98665 11.0536
f 4201 4202 4203 4204
f 4205 4206 4207 4208
f 4201 4202 4206 4205
f 4202 4203 4207 4206
f 4203 4204 4208 4207
f 4204 4201 4205 4208
o Box526
v 5.27419 4.21223 10.9522
v 6.36252 6.40836 9.87923
v 7.15433 6.18675 10.2288
v 6.066 3.99062 11.3018
v 5.2742 4.21221 10.9522
v 6.36253 6.40834 9.8792
v 7.15434 6.18673 10.2288
v 6.06601 3.9906 11.3017
f 4209 4210 4211 4212
f 4213 4214 4215 4216
f 4209 4210 4214 4213
f 4210 4211 4215 4214
f 4211 4212 4216 4215
f 4212 4209 4213 4216
o Box527
v 3.6942 3.69432 9.40547
v 4.54307 6.36239 8.48801
v 5.0795 6.45076 9.24133
v 4.23063 3.78269 10.1588
v 3.6942 3.69432 9.40547
v 4.54307 6.36239 8.48801
v 5.0795 6.45076 9.24133
v 4.23063 3.78269 10.1588
f 4217 4218 4219 4220
f 4221 4222 4223 4224
f 4217 4218 4222 4221
f 4218 4219 4223 4222
f 4219 4220 4224 4223
f 4220 4217 4221 4224
o Box528
v 3.98387 4.21163 10.3066
v 5.09412 6.69593 9.24343
v 6.61215 6.41977 10.1834
v 5.50191 3.93546 11.2465
v 4.06342 4.10808 10.1477
v 5.17367 6.59238 9.08454
v 6.6917 6.31622 10.0245
v 5.58146 3.83192 11.0876
f 4225 4226 4227 4228
f 4229 4230 4231 4232
f 4225 4226 4230 4229
f 4226 4227 4231 4230
f 4227 4228 4232 4231
f 4228 4225 4229 4232
o Box529
v 4.12995 4.07719 10.1759
v 5.09538 6.53543 9.18888
v 5.83424 6.4721 9.75387
v 4.86882 4.01385 10.7408
v 4.12996 4.07718 10.1759
v 5.09538 6.53543 9.18888
v 5.83425 6.47209 9.75386
v 4.86882 4.01385 10.7408
f 4233 4234 4235 4236
f 4237 4238 4239 4240
f 4233 4234 4238 4237
f 4234 4235 4239 4238
f 4235 4236 4240 4239
f 4236 4233 4237 4240
o Box530
v 4.82938 4.33479 10.7846
v 5.84597 6.54928 9.70594
v 6.69169 6.31624 10.0245
v 5.6751 4.10175 11.1032
v 4.82939 4.33478 10.7846
v 5.84598 6.54927 9.70591
v 6.6917 6.31622 10.0245
v 5.67511 4.10173 11.1032
f 4241 4242 4243 4244
f 4245 4246 4247 4248
f 4241 4242 4246 4245
f 4242 4243 4247 4246
f 4243 4244 4248 4247
f 4244 4241 4245 4248
o Box531
v 3.52671 5.8563 6.86889
v 5.53807 9.11991 6.46931
v 6.70333 8.79411 9.67391
v 4.69197 5.5305 10.0735
v 4.102 5.47135 6.62056
v 6.11336 8.73495 6.22099
v 7.27862 8.40915 9.42559
v 5.26726 5.14555 9.82516
f 4249 4250 4251 4252
f 4253 4254 4255 4256
f 4249 4250 4254 4253
f 4250 4251 4255 4254
f 4251 4252 4256 4255
f 4252 4249 4253 4256
o Box532
v 3.46343 5.74702 6.17238
v 5.30355 8.99468 5.66865
v 6.2792 8.94248 8.89621
v 4.43909 5.69482 9.39993
v 4.06617 5.37632 5.98418
v 5.90628 8.62399 5.48046
v 6.88193 8.57179 8.70801
v 5.04182 5.32413 9.21174
f 4257 4258 4259 4260
f 4261 4262 4263 4264
f 4257 4258 4262 4261
f 4258 4259 4263 4262
f 4259 4260 4264 4263
f 4260 4257 4261 4264
o Box533
v 4.0349 5.52009 6.9512
v 5.2883 8.39495 6.1345
v 5.49107 8.79213 7.84381
v 4.23767 5.91727 8.66051
v 4.22113 5.43804 6.94818
v 5.47453 8.3129 6.13148
v 5.67729 8.71008 7.84078
v 4.42389 5.83522 8.65748
f 4265 4266 4267 4268
f 4269 4270 4271 4272
f 4265 4266 4270 4269
f 4266 4267 4271 4270
f 4267 4268 4272 4271
f 4268 4265 4269 4272
o Box534
v 4.38969 6.36505 8.64586
v 6.01541 8.83846 7.7813
v 7.10672 8.58592 9.11093
v 5.48101 6.11251 9.97549
v 4.50637 6.24704 8.52768
v 6.13209 8.72046 7.66312
v 7.22341 8.46792 8.99275
v 5.59769 5.99451 9.85731
f 4273 4274 4275 4276
f 4277 4278 4279 4280
f 4273 4274 4278 4277
f 4274 4275 4279 4278
f 4275 4276 4280 4279
f 4276 4273 4277 4280
o Box535
v 4.22111 5.43805 6.94817
v 5.29086 8.17675 6.09819
v 5.22074 8.47274 6.96365
v 4.15099 5.73404 7.81363
v 4.22113 5.43804 6.94818
v 5.29088 8.17674 6.09819
v 5.22076 8.47273 6.96365
v 4.15101 5.73403 7.81363
f 4281 4282 4283 4284
f 4285 4286 4287 4288
f 4281 4282 4286 4285
f 4282 4283 4287 4286
f 4283 4284 4288 4287
f 4284 4281 4285 4288
o Box536
v 4.21472 5.89642 7.73724
v 5.48027 8.52458 6.91131
v 5.6937 8.69536 7.78179
v 4.42815 6.06721 8.60772
v 4.21473 5.89642 7.73724
v 5.48028 8.52458 6.91131
v 5.69371 8.69536 7.78179
v 4.42816 6.0672 8.60772
f 4289 4290 4291 4292
f 4293 4294 4295 4296
f 4289 4290 4294 4293
f 4290 4291 4295 4294
f 4291 4292 4296 4295
f 4292 4289 4293 4296
o Box537
v 4.50637 6.24704 8.52768
v 5.92595 8.6901 7.68399
v 6.38329 8.69458 8.46646
v 4.96371 6.25152 9.31015
v 4.50638 6.24704 8.52767
v 5.92596 8.6901 7.68399
v 6.3833 8.69457 8.46646
v 4.96372 6.25151 9.31014
f 4297 4298 4299 4300
f 4301 4302 4303 4304
f 4297 4298 4302 4301
f 4298 4299 4303 4302
f 4299 4300 4304 4303
f 4300 4297 4301 4304
o Box538
v 5.06088 6.44761 9.22414
v 6.57453 8.65135 8.32007
v 7.20619 8.46952 8.93442
v 5.69254 6.26579 9.8385
v 5.06088 6.44761 9.22414
v 6.57454 8.65134 8.32006
v 7.20619 8.46952 8.93442
v 5.69254 6.26579 9.8385
f 4305 4306 4307 4308
f 4309 4310 4311 4312
f 4305 4306 4310 4309
f 4306 4307 4311 4310
f 4307 4308 4312 4311
f 4308 4305 4309 4312
o Box539
v 4.02931 5.36177 6.3968
v 5.25463 8.24261 5.57202
v 5.38814 8.67852 7.29297
v 4.16282 5.79768 8.11774
v 4.21632 5.28373 6.40206
v 5.44163 8.16458 5.57728
v 5.57514 8.60049 7.29822
v 4.34982 5.71965 8.123
f 4313 4314 4315 4316
f 4317 4318 4319 4320
f 4313 4314 4318 4317
f 4314 4315 4319 4318
f 4315 4316 4320 4319
f 4316 4313 4317 4320
o Box540
v 4.06689 6.39391 8.17639
v 5.61348 8.86738 7.27561
v 6.72074 8.69113 8.69276
v 5.17415 6.21766 9.59354
v 4.18999 6.2766 8.06563
v 5.73658 8.75007 7.16484
v 6.84384 8.57383 8.58199
v 5.29724 6.10036 9.48277
f 4321 4322 4323 4324
f 4325 4326 4327 4328
f 4321 4322 4326 4325
f 4322 4323 4327 4326
f 4323 4324 4328 4327
f 4324 4321 4325 4328
o Box541
v 4.23777 5.28307 6.46752
v 5.28939 8.0297 5.6184
v 5.25925 8.31019 6.48837
v 4.20764 5.56356 7.33749
v 4.23778 5.28307 6.46752
v 5.2894 8.0297 5.6184
v 5.25926 8.31019 6.48837
v 4.20765 5.56356 7.33749
f 4329 4330 4331 4332
f 4333 4334 4335 4336
f 4329 4330 4334 4333
f 4330 4331 4335 4334
f 4331 4332 4336 4335
f 4332 4329 4333 4336
o Box542
v 4.07739 5.81041 7.26446
v 5.32134 8.44151 6.42443
v 5.57514 8.60049 7.29823
v 4.3312 5.96939 8.13826
v 4.07741 5.8104 7.26446
v 5.32135 8.4415 6.42443
v 5.57515 8.60048 7.29822
v 4.33121 5.96938 8.13825
f 4337 4338 4339 4340
f 4341 4342 4343 4344
f 4337 4338 4342 4341
f 4338 4339 4343 4342
f 4339 4340 4344 4343
f 4340 4337 4341 4344
o Box543
v 4.23896 6.25064 8.11151
v 5.62302 8.6988 7.24335
v 6.12546 8.69205 8.02533
v 4.7414 6.24389 8.89348
v 4.23898 6.25063 8.1115
v 5.62304 8.69879 7.24334
v 6.12547 8.69204 8.02532
v 4.74141 6.24388 8.89348
f 4345 4346 4347 4348
f 4349 4350 4351 4352
f 4345 4346 4350 4349
f 4346 4347 4351 4350
f 4347 4348 4352 4351
f 4348 4345 4349 4352
o Box544
v 4.70145 6.5509 8.90576
v 6.16141 8.76994 7.97749
v 6.84384 8.57383 8.58199
v 5.38388 6.35479 9.51026
v 4.70145 6.55089 8.90575
v 6.16141 8.76993 7.97748
v 6.84384 8.57382 8.58198
v 5.38388 6.35478 9.51025
f 4353 4354 4355 4356
f 4357 4358 4359 4360
f 4353 4354 4358 4357
f 4354 4355 4359 4358
f 4355 4356 4360 4359
f 4356 4353 4357 4360
o Box545
v 7.20476 2.11169 11.1394
v 9.72141 3.41962 8.50604
v 7.93985 6.98637 8.57497
v 5.4232 5.67844 11.2083
v 7.61805 2.3086 11.6322
v 10.1347 3.61653 8.99882
v 8.35314 7.18328 9.06775
v 5.83649 5.87535 11.7011
f 4361 4362 4363 4364
f 4365 4366 4367 4368
f 4361 4362 4366 4365
f 4362 4363 4367 4366
f 4363 4364 4368 4367
f 4364 4361 4365 4368
o Box546
v 5.71624 5.43576 10.1142
v 9.67718 4.37001 8.15091
v 9.96379 7.69975 6.92166
v 6.00285 8.76551 8.88498
v 6.19207 5.69688 10.9325
v 10.153 4.63112 8.96915
v 10.4396 7.96087 7.73989
v 6.47869 9.02662 9.70322
f 4369 4370 4371 4372
f 4373 4374 4375 4376
f 4369 4370 4374 4373
f 4370 4371 4375 4374
f 4371 4372 4376 4375
f 4372 4369 4373 4376
o Box547
v 5.80878 4.52548 11.3822
v 6.7776 6.51689 10.0558
v 8.70455 5.45579 9.8702
v 7.73573 3.46438 11.1966
v 5.75011 4.44704 11.2216
v 6.71894 6.43845 9.89521
v 8.64589 5.37735 9.70958
v 7.67706 3.38594 11.0359
f 4377 4378 4379 4380
f 4381 4382 4383 4384
f 4377 4378 4382 4381
f 4378 4379 4383 4382
f 4379 4380 4384 4383
f 4380 4377 4381 4384
o Box548
v 8.62241 2.55699 9.9285
v 9.36612 4.20973 8.27827
v 8.36401 5.84241 9.46182
v 7.62031 4.18966 11.112
v 8.78056 2.58329 10.0261
v 9.52427 4.23604 8.37589
v 8.52217 5.86871 9.55944
v 7.77846 4.21596 11.2097
f 4385 4386 4387 4388
f 4389 4390 4391 4392
f 4385 4386 4390 4389
f 4386 4387 4391 4390
f 4387 4388 4392 4391
f 4388 4385 4389 4392
o Box549
v 6.2216 4.31079 11.3598
v 7.49426 6.23993 9.93263
v 8.86801 5.27888 9.85859
v 7.59535 3.34975 11.2858
v 6.15312 4.22639 11.1847
v 7.42578 6.15553 9.75748
v 8.79952 5.19449 9.68344
v 7.52686 3.26535 11.1106
f 4393 4394 4395 4396
f 4397 4398 4399 4400
f 4393 4394 4398 4397
f 4394 4395 4399 4398
f 4395 4396 4400 4399
f 4396 4393 4397 4400
o Box550
v 5.68745 4.60788 11.3497
v 6.82455 6.58517 9.98791
v 8.36218 5.65554 9.92205
v 7.22508 3.67825 11.2839
v 5.62637 4.51955 11.1705
v 6.76347 6.49684 9.80866
v 8.3011 5.56721 9.7428
v 7.164 3.58992 11.1046
f 4401 4402 4403 4404
f 4405 4406 4407 4408
f 4401 4402 4406 4405
f 4402 4403 4407 4406
f 4403 4404 4408 4407
f 4404 4401 4405 4408
o Box551
v 6.15312 4.2264 11.1847
v 7.22754 6.15596 9.98112
v 8.0225 5.77443 10.0791
v 6.94807 3.84486 11.2827
v 6.15311 4.22638 11.1846
v 7.22754 6.15595 9.98109
v 8.0225 5.77442 10.0791
v 6.94807 3.84485 11.2826
f 4409 4410 4411 4412
f 4413 4414 4415 4416
f 4409 4410 4414 4413
f 4410 4411 4415 4414
f 4411 4412 4416 4415
f 4412 4409 4413 4416
o Box552
v 7.05027 4.08464 11.1432
v 8.02775 5.77034 9.79875
v 8.72601 5.25146 9.65583
v 7.74853 3.56576 11.0003
v 7.05026 4.08464 11.1432
v 8.02775 5.77034 9.79875
v 8.72601 5.25146 9.65583
v 7.74853 3.56576 11.0003
f 4417 4418 4419 4420
f 4421 4422 4423 4424
f 4417 4418 4422 4421
f 4418 4419 4423 4422
f 4419 4420 4424 4423
f 4420 4417 4421 4424
o Box553
v 5.70683 4.4386 11.1594
v 6.70758 6.40176 9.97296
v 7.54844 6.00195 10.0207
v 6.54769 4.0388 11.2071
v 5.70682 4.43859 11.1593
v 6.70758 6.40175 9.97293
v 7.54843 6.00194 10.0206
v 6.54768 4.03878 11.207
f 4425 4426 4427 4428
f 4429 4430 4431 4432
f 4425 4426 4430 4429
f 4426 4427 4431 4430
f 4427 4428 4432 4431
f 4428 4425 4429 4432
o Box554
v 6.65694 4.37928 11.2565
v 7.57709 6.10957 9.9514
v 8.30112 5.56722 9.74282
v 7.38096 3.83693 11.0479
v 6.65693 4.37927 11.2565
v 7.57708 6.10956 9.95137
v 8.3011 5.56721 9.7428
v 7.38095 3.83692 11.0479
f 4433 4434 4435 4436
f 4437 4438 4439 4440
f 4433 4434 4438 4437
f 4434 4435 4439 4438
f 4435 4436 4440 4439
f 4436 4433 4437 4440
o Box555
v 9.56717 4.02207 8.30046
v 8.67188 2.51752 10.1963
v 8.03326 3.83074 10.9369
v 8.92855 5.33528 9.04104
v 9.3914 3.99535 8.19626
v 8.49611 2.49081 10.0921
v 7.85749 3.80403 10.8327
v 8.75278 5.30857 8.93684
f 4441 4442 4443 4444
f 4445 4446 4447 4448
f 4441 4442 4446 4445
f 4442 4443 4447 4446
f 4443 4444 4448 4447
f 4444 4441 4445 4448
o Box556
v 9.32805 4.5853 8.63924
v 8.45744 3.01574 10.4345
v 7.69893 4.35846 11.2406
v 8.56954 5.92802 9.44533
v 9.1547 4.55418 8.52797
v 8.28409 2.98462 10.3232
v 7.52559 4.32734 11.1293
v 8.39619 5.8969 9.33405
f 4449 4450 4451 4452
f 4453 4454 4455 4456
f 4449 4450 4454 4453
f 4450 4451 4455 4454
f 4451 4452 4456 4455
f 4452 4449 4453 4456
o Box557
v 9.32727 4.13462 8.22188
v 8.75365 2.74682 9.8008
v 8.47745 3.41841 10.2908
v 9.05107 4.80621 8.71183
v 9.32724 4.13461 8.22186
v 8.75362 2.74682 9.80079
v 8.47742 3.41841 10.2907
v 9.05103 4.80621 8.71182
f 4457 4458 4459 4460
f 4461 4462 4463 4464
f 4457 4458 4462 4461
f 4458 4459 4463 4462
f 4459 4460 4464 4463
f 4460 4457 4461 4464
o Box558
v 7.8575 3.80403 10.8327
v 8.66181 5.30023 9.35594
v 9.17918 4.68135 9.01069
v 8.37487 3.18514 10.4875
v 7.8575 3.80403 10.8327
v 8.6618 5.30023 9.35594
v 9.17917 4.68134 9.01069
v 8.37487 3.18514 10.4875
f 4465 4466 4467 4468
f 4469 4470 4471 4472
f 4465 4466 4470 4469
f 4466 4467 4471 4470
f 4467 4468 4472 4471
f 4468 4465 4469 4472
o Box559
v 9.15471 4.55418 8.52797
v 8.57676 3.13757 10.07
v 8.33434 3.82285 10.6087
v 8.91229 5.23947 9.06667
v 9.1547 4.55418 8.52797
v 8.57675 3.13757 10.07
v 8.33434 3.82285 10.6087
v 8.91228 5.23947 9.06667
f 4473 4474 4475 4476
f 4477 4478 4479 4480
f 4473 4474 4478 4477
f 4474 4475 4479 4478
f 4475 4476 4480 4479
f 4476 4473 4477 4480
o Box560
v 8.08122 3.52406 10.6526
v 8.85894 5.0644 9.22437
v 8.34594 5.70633 9.63734
v 7.56822 4.16599 11.0656
v 8.08124 3.52406 10.6526
v 8.85896 5.0644 9.22438
v 8.34596 5.70634 9.63735
v 7.56823 4.166 11.0656
f 4481 4482 4483 4484
f 4485 4486 4487 4488
f 4481 4482 4486 4485
f 4482 4483 4487 4486
f 4483 4484 4488 4487
f 4484 4481 4485 4488
o Box561
v 7.2715 5.25954 9.97729
v 9.10338 7.21641 8.70582
v 7.07548 8.76791 8.17195
v 5.24359 6.81104 9.44342
v 7.32862 5.47846 10.3965
v 9.16051 7.43533 9.12505
v 7.1326 8.98684 8.59119
v 5.30072 7.02997 9.86266
f 4489 4490 4491 4492
f 4493 4494 4495 4496
f 4489 4490 4494 4493
f 4490 4491 4495 4494
f 4491 4492 4496 4495
f 4492 4489 4493 4496
o Box562
v 10.3095 5.38248 7.47081
v 8.64231 3.97627 9.54076
v 7.85705 6.13942 10.3778
v 9.52429 7.54563 8.30786
v 9.93744 5.36735 7.16082
v 8.27019 3.96114 9.23076
v 7.48494 6.1243 10.0678
v 9.15218 7.53051 7.99786
f 4497 4498 4499 4500
f 4501 4502 4503 4504
f 4497 4498 4502 4501
f 4498 4499 4503 4502
f 4499 4500 4504 4503
f 4500 4497 4501 4504
o Box563
v 5.81942 6.57289 9.92191
v 7.57088 8.48298 8.78905
v 8.90489 7.53475 9.25272
v 7.15342 5.62467 10.3856
v 5.81139 6.47393 9.74264
v 7.56285 8.38402 8.60978
v 8.89686 7.43579 9.07345
v 7.14539 5.5257 10.2063
f 4505 4506 4507 4508
f 4509 4510 4511 4512
f 4505 4506 4510 4509
f 4506 4507 4511 4510
f 4507 4508 4512 4511
f 4508 4505 4509 4512
o Box564
v 7.13723 5.29451 10.0045
v 9.10338 7.21641 8.70582
v 7.16117 8.85941 8.19683
v 5.19501 6.93751 9.49551
v 7.19942 5.48415 10.3793
v 9.16558 7.40605 9.08061
v 7.22336 9.04904 8.57162
v 5.25721 7.12714 9.87031
f 4513 4514 4515 4516
f 4517 4518 4519 4520
f 4513 4514 4518 4517
f 4514 4515 4519 4518
f 4515 4516 4520 4519
f 4516 4513 4517 4520
o Box565
v 5.81138 6.47393 9.74264
v 7.34656 8.41175 8.73943
v 8.06231 8.04632 9.12886
v 6.52714 6.1085 10.1321
v 5.81139 6.47393 9.74263
v 7.34656 8.41175 8.73943
v 8.06231 8.04632 9.12885
v 6.52714 6.1085 10.1321
f 4521 4522 4523 4524
f 4525 4526 4527 4528
f 4521 4522 4526 4525
f 4522 4523 4527 4526
f 4523 4524 4528 4527
f 4524 4521 4525 4528
o Box566
v 6.66735 6.32284 10.0206
v 8.14596 8.00012 8.88854
v 8.84708 7.47509 9.02638
v 7.36847 5.7978 10.1585
v 6.66735 6.32283 10.0206
v 8.14596 8.00012 8.88853
v 8.84708 7.47508 9.02637
v 7.36847 5.7978 10.1585
f 4529 4530 4531 4532
f 4533 4534 4535 4536
f 4529 4530 4534 4533
f 4530 4531 4535 4534
f 4531 4532 4536 4535
f 4532 4529 4533 4536
o Box567
v 5.34144 6.84515 9.71354
v 6.95613 8.80126 8.59094
v 8.42763 7.89154 9.1223
v 6.81294 5.93543 10.2449
v 5.34219 6.74224 9.5353
v 6.95688 8.69836 8.41271
v 8.42837 7.78864 8.94406
v 6.81368 5.83253 10.0667
f 4537 4538 4539 4540
f 4541 4542 4543 4544
f 4537 4538 4542 4541
f 4538 4539 4543 4542
f 4539 4540 4544 4543
f 4540 4537 4541 4544
o Box568
v 7.18894 6.37737 10.117
v 8.48465 7.88707 8.87564
v 9.10339 7.21642 8.70583
v 7.80768 5.70672 9.94715
v 7.18893 6.37737 10.1169
v 8.48464 7.88707 8.87562
v 9.10338 7.21641 8.70581
v 7.80767 5.70671 9.94714
f 4545 4546 4547 4548
f 4549 4550 4551 4552
f 4545 4546 4550 4549
f 4546 4547 4551 4550
f 4547 4548 4552 4551
f 4548 4545 4549 4552
o Box569
v 5.40742 6.67657 9.55133
v 6.87532 8.64547 8.5372
v 7.64363 8.26008 8.90106
v 6.17573 6.29118 9.9152
v 5.40742 6.67656 9.55133
v 6.87532 8.64546 8.53719
v 7.64363 8.26007 8.90106
v 6.17573 6.29117 9.91519
f 4553 4554 4555 4556
f 4557 4558 4559 4560
f 4553 4554 4558 4557
f 4554 4555 4559 4558
f 4555 4556 4560 4559
f 4556 4553 4557 4560
o Box570
v 6.27095 6.61524 9.97136
v 7.68188 8.33929 8.85129
v 8.42837 7.78864 8.94406
v 7.01744 6.06459 10.0641
v 6.27094 6.61523 9.97134
v 7.68187 8.33928 8.85127
v 8.42836 7.78863 8.94404
v 7.01743 6.06458 10.0641
f 4561 4562 4563 4564
f 4565 4566 4567 4568
f 4561 4562 4566 4565
f 4562 4563 4567 4566
f 4563 4564 4568 4567
f 4564 4561 4565 4568
o Box571
v 8.88861 4.2528 8.77092
v 9.89535 5.79318 7.31136
v 9.15615 7.41218 8.51015
v 8.14941 5.87179 9.9697
v 9.07104 4.24725 8.89089
v 10.0778 5.78764 7.43134
v 9.33858 7.40663 8.63012
v 8.33184 5.86625 10.0897
f 4569 4570 4571 4572
f 4573 4574 4575 4576
f 4569 4570 4574 4573
f 4570 4571 4575 4574
f 4571 4572 4576 4575
f 4572 4569 4573 4576
o Box572
v 8.36636 4.64464 9.61602
v 9.89777 6.0616 8.02355
v 9.05691 7.42953 8.4321
v 7.5255 6.01256 10.0246
v 8.49683 4.67839 9.77152
v 10.0282 6.09536 8.17905
v 9.18738 7.46328 8.5876
v 7.65597 6.04631 10.1801
f 4577 4578 4579 4580
f 4581 4582 4583 4584
f 4577 4578 4582 4581
f 4578 4579 4583 4582
f 4579 4580 4584 4583
f 4580 4577 4581 4584
o Box573
v 9.92664 5.6027 7.23205
v 9.01462 4.36389 8.76316
v 8.84673 5.07879 9.24157
v 9.75875 6.3176 7.71046
v 9.92663 5.6027 7.23204
v 9.01461 4.3639 8.76315
v 8.84672 5.07879 9.24156
v 9.75874 6.3176 7.71045
f 4585 4586 4587 4588
f 4589 4590 4591 4592
f 4585 4586 4590 4589
f 4586 4587 4591 4590
f 4587 4588 4592 4591
f 4588 4585 4589 4592
o Box574
v 9.98981 6.04775 7.65073
v 8.73872 4.69097 9.38789
v 8.20699 6.16197 10.1538
v 9.45808 7.51875 8.41669
v 9.82173 6.04936 7.53095
v 8.57065 4.69258 9.2681
v 8.03891 6.16358 10.0341
v 9.29 7.52036 8.2969
f 4593 4594 4595 4596
f 4597 4598 4599 4600
f 4593 4594 4598 4597
f 4594 4595 4599 4598
f 4595 4596 4600 4599
f 4596 4593 4597 4600
o Box575
v 8.90303 4.78362 9.02632
v 9.82171 6.04936 7.53094
v 9.68399 6.77147 8.05754
v 8.7653 5.50573 9.55292
v 8.90305 4.78362 9.02633
v 9.82173 6.04936 7.53095
v 9.684 6.77146 8.05754
v 8.76532 5.50572 9.55293
f 4601 4602 4603 4604
f 4605 4606 4607 4608
f 4601 4602 4606 4605
f 4602 4603 4607 4606
f 4603 4604 4608 4607
f 4604 4601 4605 4608
o Box576
v 8.45826 5.26286 9.58619
v 9.5873 6.61236 8.21504
v 9.18309 7.34238 8.60071
v 8.05405 5.99288 9.97185
v 8.45829 5.26286 9.58622
v 9.58733 6.61236 8.21507
v 9.18312 7.34238 8.60073
v 8.05408 5.99289 9.97188
f 4609 4610 4611 4612
f 4613 4614 4615 4616
f 4609 4610 4614 4613
f 4610 4611 4615 4614
f 4611 4612 4616 4615
f 4612 4609 4613 4616
o Box577
v 7.5255 6.01256 10.0246
v 8.87196 7.46764 8.74808
v 9.46449 6.82445 8.63991
v 8.11803 5.36937 9.9164
v 7.52549 6.01255 10.0245
v 8.87194 7.46763 8.74805
v 9.46447 6.82444 8.63988
v 8.11801 5.36936 9.91637
f 4617 4618 4619 4620
f 4621 4622 4623 4624
f 4617 4618 4622 4621
f 4618 4619 4623 4622
f 4619 4620 4624 4623
f 4620 4617 4621 4624
o Box578
v 8.28241 5.5805 9.75401
v 9.43261 6.88179 8.3369
v 9.83932 6.1735 8.01661
v 8.68912 4.87221 9.43372
v 8.28237 5.5805 9.75397
v 9.43257 6.88179 8.33686
v 9.83928 6.1735 8.01657
v 8.68908 4.87221 9.43369
f 4625 4626 4627 4628
f 4629 4630 4631 4632
f 4625 4626 4630 4629
f 4626 4627 4631 4630
f 4627 4628 4632 4631
f 4628 4625 4629 4632
o Box579
v 4.21785 7.72272 3.68574
v 12.5419 14.0751 -0.736326
v 13.2621 16.4471 4.02677
v 4.93806 10.0947 8.44883
v 8.28333 3.44901 5.19926
v 16.6073 9.80138 0.777202
v 17.3276 12.1733 5.5403
v 9.00354 5.82098 9.96236
f 4633 4634 4635 4636
f 4637 4638 4639 4640
f 4633 4634 4638 4637
f 4634 4635 4639 4638
f 4635 4636 4640 4639
f 4636 4633 4637 4640
o Box580
v 13.3998 13.7921 -0.613702
v 21.9396 13.2537 -1.76824
v 22.7364 15.4715 3.0908
v 14.1965 16.0099 4.24533
v 13.3929 8.56331 1.77399
v 21.9327 8.02486 0.619455
v 22.7295 10.2426 5.47849
v 14.1896 10.7811 6.63302
f 4641 4642 4643 4644
f 4645 4646 4647 4648
f 4641 4642 4646 4645
f 4642 4643 4647 4646
f 4643 4644 4648 4647
f 4644 4641 4645 4648
o Box581
v 12.3736 6.31608 3.35567
v 12.9337 8.88757 8.02019
v 9.08501 13.3513 6.02152
v 8.52492 10.7798 1.35701
v 7.93416 3.43758 5.47563
v 8.49426 6.00907 10.1401
v 4.64559 10.4728 8.14148
v 4.08549 7.9013 3.47697
f 4649 4650 4651 4652
f 4653 4654 4655 4656
f 4649 4650 4654 4653
f 4650 4651 4655 4654
f 4651 4652 4656 4655
f 4652 4649 4653 4656
o Box582
v 15.4044 8.00533 1.88064
v 16.1344 10.444 6.62265
v 14.1416 15.5433 4.30704
v 13.4116 13.1046 -0.434971
v 10.065 6.61635 3.41693
v 10.795 9.05502 8.15894
v 8.80222 14.1543 5.84333
v 8.07221 11.7156 1.10132
f 4657 4658 4659 4660
f 4661 4662 4663 4664
f 4657 4658 4662 4661
f 4658 4659 4663 4662
f 4659 4660 4664 4663
f 4660 4657 4661 4664
o Box583
v 6.90537 5.01745 8.33933
v 4.16436 10.7103 5.46968
v 10.0853 12.7685 3.89722
v 12.8263 7.07567 6.76687
v 6.68179 3.45351 5.45036
v 3.94077 9.14632 2.58071
v 9.86174 11.2045 1.00825
v 12.6028 5.51173 3.8779
f 4665 4666 4667 4668
f 4669 4670 4671 4672
f 4665 4666 4670 4669
f 4666 4667 4671 4670
f 4667 4668 4672 4671
f 4668 4665 4669 4672
o Box584
v 4.95529 7.31492 5.86425
v 10.7076 5.11971 6.5931
v 12.9841 10.1451 3.76198
v 7.2318 12.3403 3.03314
v 5.1742 8.85416 8.77252
v 10.9265 6.65895 9.50137
v 13.203 11.6843 6.67025
v 7.45072 13.8796 5.9414
f 4673 4674 4675 4676
f 4677 4678 4679 4680
f 4673 4674 4678 4677
f 4674 4675 4679 4678
f 4675 4676 4680 4679
f 4676 4673 4677 4680
o Box585
v 6.06433 6.58241 3.84736
v 9.77972 9.57251 2.38604
v 12.4312 8.32211 6.56875
v 8.71577 5.33201 8.03007
v 6.72238 5.38609 3.07258
v 10.4378 8.37619 1.61126
v 13.0892 7.12579 5.79398
v 9.37382 4.13569 7.2553
f 4681 4682 4683 4684
f 4685 4686 4687 4688
f 4681 4682 4686 4685
f 4682 4683 4687 4686
f 4683 4684 4688 4687
f 4684 4681 4685 4688
o Box586
v 5.01058 8.59751 6.55096
v 8.76782 12.3384 4.21657
v 11.2361 8.78663 2.49772
v 7.47889 5.04577 4.83212
v 4.22108 8.63484 5.34009
v 7.97832 12.3757 3.00569
v 10.4466 8.82396 1.28684
v 6.6894 5.0831 3.62124
f 4689 4690 4691 4692
f 4693 4694 4695 4696
f 4689 4690 4694 4693
f 4690 4691 4695 4694
f 4691 4692 4696 4695
f 4692 4689 4693 4696
o Box587
v 6.61496 5.72221 2.85003
v 9.12274 3.84973 6.96694
v 11.6739 5.99015 6.38646
v 9.16609 7.86263 2.26955
v 5.93322 6.77756 3.74531
v 8.441 4.90508 7.86222
v 10.9921 7.04551 7.28174
v 8.48436 8.91799 3.16482
f 4697 4698 4699 4700
f 4701 4702 4703 4704
f 4697 4698 4702 4701
f 4698 4699 4703 4702
f 4699 4700 4704 4703
f 4700 4697 4701 4704
o Box588
v 9.79027 7.28493 1.97207
v 9.13857 5.64925 5.48876
v 11.7959 7.07318 6.64349
v 12.4476 8.70886 3.1268
v 9.36866 7.90223 2.18106
v 8.71697 6.26655 5.69775
v 11.3743 7.69048 6.85248
v 12.026 9.32616 3.3358
f 4705 4706 4707 4708
f 4709 4710 4711 4712
f 4705 4706 4710 4709
f 4706 4707 4711 4710
f 4707 4708 4712 4711
f 4708 4705 4709 4712
o Box589
v 6.45151 5.48745 4.75776
v 7.06864 8.1234 2.99512
v 10.1573 7.78126 3.56486
v 9.54018 5.14531 5.3275
v 6.48332 5.28227 4.46206
v 7.10045 7.91822 2.69942
v 10.1891 7.57608 3.26916
v 9.572 4.94012 5.0318
f 4713 4714 4715 4716
f 4717 4718 4719 4720
f 4713 4714 4718 4717
f 4714 4715 4719 4718
f 4715 4716 4720 4719
f 4716 4713 4717 4720
o Box590
v 9.57969 5.99682 3.646
v 8.76482 4.41832 6.1926
v 10.2402 5.82152 7.53448
v 11.0551 7.40002 4.98788
v 9.22462 6.29943 3.71996
v 8.40975 4.72093 6.26656
v 9.88518 6.12413 7.60844
v 10.7001 7.70263 5.06184
f 4721 4722 4723 4724
f 4725 4726 4727 4728
f 4721 4722 4726 4725
f 4722 4723 4727 4726
f 4723 4724 4728 4727
f 4724 4721 4725 4728
o Box591
v 7.27868 5.44138 4.52955
v 8.16934 7.46625 3.06028
v 10.112 7.23229 3.91545
v 9.22135 5.20742 5.38472
v 7.33044 5.30652 4.37507
v 8.2211 7.33139 2.9058
v 10.1638 7.09743 3.76097
v 9.27311 5.07256 5.23024
f 4729 4730 4731 4732
f 4733 4734 4735 4736
f 4729 4730 4734 4733
f 4730 4731 4735 4734
f 4731 4732 4736 4735
f 4732 4729 4733 4736
o Box592
v 6.5254 5.94384 4.46186
v 7.49837 8.19368 3.14195
v 9.48449 7.46677 3.36695
v 8.51152 5.21693 4.68687
v 6.50887 5.84022 4.27305
v 7.48184 8.09006 2.95313
v 9.46795 7.36315 3.17814
v 8.49498 5.11331 4.49806
f 4737 4738 4739 4740
f 4741 4742 4743 4744
f 4737 4738 4742 4741
f 4738 4739 4743 4742
f 4739 4740 4744 4743
f 4740 4737 4741 4744
o Box593
v 7.26243 5.29953 4.67257
v 7.90262 7.48099 3.05321
v 9.56751 7.39466 3.5951
v 8.92732 5.21319 5.21445
v 7.30569 5.17324 4.51955
v 7.94587 7.35471 2.90019
v 9.61076 7.26837 3.44208
v 8.97058 5.08691 5.06144
f 4745 4746 4747 4748
f 4749 4750 4751 4752
f 4745 4746 4750 4749
f 4746 4747 4751 4750
f 4747 4748 4752 4751
f 4748 4745 4749 4752
o Box594
v 8.65005 5.19684 5.08172
v 9.25784 6.96284 3.59447
v 10.0218 7.00793 3.96022
v 9.41399 5.24193 5.44747
v 8.65007 5.19681 5.08169
v 9.25786 6.96281 3.59444
v 10.0218 7.0079 3.96019
v 9.41401 5.2419 5.44744
f 4753 4754 4755 4756
f 4757 4758 4759 4760
f 4753 4754 4758 4757
f 4754 4755 4759 4758
f 4755 4756 4760 4759
f 4756 4753 4757 4760
o Box595
v 8.1298 5.16223 4.77975
v 8.79898 6.93352 3.34437
v 9.59651 6.98449 3.77908
v 8.92732 5.21319 5.21446
v 8.12981 5.16221 4.77973
v 8.79899 6.93351 3.34436
v 9.59651 6.98447 3.77906
v 8.92733 5.21318 5.21444
f 4761 4762 4763 4764
f 4765 4766 4767 4768
f 4761 4762 4766 4765
f 4762 4763 4767 4766
f 4763 4764 4768 4767
f 4764 4761 4765 4768
o Box596
v 7.3383 5.48897 4.42589
v 8.05888 7.5116 3.09994
v 8.93253 7.34919 3.32698
v 8.21195 5.32657 4.65294
v 7.3383 5.48897 4.42589
v 8.05888 7.51159 3.09993
v 8.93253 7.34919 3.32698
v 8.21195 5.32657 4.65293
f 4769 4770 4771 4772
f 4773 4774 4775 4776
f 4769 4770 4774 4773
f 4770 4771 4775 4774
f 4771 4772 4776 4775
f 4772 4769 4773 4776
o Box597
v 6.5554 5.97272 4.35753
v 7.39485 8.21767 3.155
v 8.25243 7.88104 3.1252
v 7.41297 5.63609 4.32773
v 6.5554 5.97272 4.35752
v 7.39485 8.21767 3.15499
v 8.25243 7.88104 3.1252
v 7.41297 5.63608 4.32773
f 4777 4778 4779 4780
f 4781 4782 4783 4784
f 4777 4778 4782 4781
f 4778 4779 4783 4782
f 4779 4780 4784 4783
f 4780 4777 4781 4784
o Box598
v 7.24211 5.54784 4.61531
v 7.8663 8.03261 3.13861
v 9.45151 7.70428 3.25621
v 8.82732 5.21951 4.7329
v 7.23389 5.44481 4.43849
v 7.85808 7.92959 2.96179
v 9.44329 7.60126 3.07939
v 8.8191 5.11649 4.55608
f 4785 4786 4787 4788
f 4789 4790 4791 4792
f 4785 4786 4790 4789
f 4786 4787 4791 4790
f 4787 4788 4792 4791
f 4788 4785 4789 4792
o Box599
v 7.90434 5.38233 4.591
v 8.54844 7.4206 3.22717
v 9.37045 7.27158 3.39268
v 8.72635 5.23332 4.75651
v 7.90434 5.38233 4.59099
v 8.54844 7.42059 3.22716
v 9.37046 7.27157 3.39267
v 8.72636 5.23331 4.7565
f 4793 4794 4795 4796
f 4797 4798 4799 4800
f 4793 4794 4798 4797
f 4794 4795 4799 4798
f 4795 4796 4800 4799
f 4796 4793 4797 4800
o Box600
v 7.10138 5.75635 4.35679
v 7.8663 8.03261 3.13861
v 8.66692 7.72362 3.06396
v 7.902 5.44735 4.28214
v 7.10138 5.75634 4.35678
v 7.8663 8.03261 3.1386
v 8.66692 7.72361 3.06395
v 7.902 5.44735 4.28213
f 4801 4802 4803 4804
f 4805 4806 4807 4808
f 4801 4802 4806 4805
f 4802 4803 4807 4806
f 4803 4804 4808 4807
f 4804 4801 4805 4808
o Box601
v 8.69946 4.95009 5.52696
v 9.58379 6.57369 3.88234
v 10.9294 7.38637 5.40818
v 10.0451 5.76277 7.0528
v 8.84893 4.81048 5.4695
v 9.73326 6.43408 3.82488
v 11.0789 7.24677 5.35073
v 10.1945 5.62317 6.99535
f 4809 4810 4811 4812
f 4813 4814 4815 4816
f 4809 4810 4814 4813
f 4810 4811 4815 4814
f 4811 4812 4816 4815
f 4812 4809 4813 4816
o Box602
v 10.2405 6.13124 4.51035
v 9.27857 4.85634 6.53043
v 9.98593 5.94695 7.55558
v 10.9479 7.22185 5.53549
v 10.074 6.24584 4.50336
v 9.11201 4.97094 6.52344
v 9.81937 6.06154 7.54859
v 10.7813 7.33644 5.5285
f 4817 4818 4819 4820
f 4821 4822 4823 4824
f 4817 4818 4822 4821
f 4818 4819 4823 4822
f 4819 4820 4824 4823
f 4820 4817 4821 4824
o Box603
v 8.78002 5.06334 5.35131
v 9.78401 6.64889 4.02338
v 10.8965 7.24911 5.58114
v 9.8925 5.66355 6.90906
v 8.9072 4.94495 5.3061
v 9.91119 6.5305 3.97818
v 11.0237 7.13072 5.53593
v 10.0197 5.54516 6.86386
f 4825 4826 4827 4828
f 4829 4830 4831 4832
f 4825 4826 4830 4829
f 4826 4827 4831 4830
f 4827 4828 4832 4831
f 4828 4825 4829 4832
o Box604
v 9.24444 5.21976 5.76182
v 9.90894 6.71457 4.19625
v 10.5455 6.96512 4.70564
v 9.88095 5.47031 6.27121
v 9.24445 5.21975 5.76181
v 9.90895 6.71455 4.19624
v 10.5455 6.9651 4.70563
v 9.88097 5.4703 6.2712
f 4833 4834 4835 4836
f 4837 4838 4839 4840
f 4833 4834 4838 4837
f 4834 4835 4839 4838
f 4835 4836 4840 4839
f 4836 4833 4837 4840
o Box605
v 8.83073 5.03637 5.37628
v 9.52818 6.55249 3.85923
v 10.1703 6.82576 4.42751
v 9.47281 5.30964 5.94456
v 8.83074 5.03636 5.37627
v 9.52819 6.55248 3.85922
v 10.1703 6.82575 4.4275
v 9.47282 5.30963 5.94456
f 4841 4842 4843 4844
f 4845 4846 4847 4848
f 4841 4842 4846 4845
f 4842 4843 4847 4846
f 4843 4844 4848 4847
f 4844 4841 4845 4848
o Box606
v 10.4233 6.70567 4.95988
v 9.61758 5.44113 6.54058
v 10.0697 5.88803 7.12855
v 10.8754 7.15257 5.54786
v 10.4232 6.70568 4.95989
v 9.61756 5.44115 6.54058
v 10.0697 5.88805 7.12855
v 10.8754 7.15259 5.54786
f 4849 4850 4851 4852
f 4853 4854 4855 4856
f 4849 4850 4854 4853
f 4850 4851 4855 4854
f 4851 4852 4856 4855
f 4852 4849 4853 4856
o Box607
v 10.1607 6.4161 4.5837
v 9.35218 5.12943 6.13834
v 9.78264 5.60425 6.7552
v 10.5912 6.89092 5.20055
v 10.1607 6.41612 4.5837
v 9.35215 5.12945 6.13834
v 9.78261 5.60427 6.7552
v 10.5912 6.89094 5.20055
f 4857 4858 4859 4860
f 4861 4862 4863 4864
f 4857 4858 4862 4861
f 4858 4859 4863 4862
f 4859 4860 4864 4863
f 4860 4857 4861 4864
o Box608
v 10.6209 6.54372 5.43121
v 9.62994 5.42822 6.96594
v 9.81941 6.06153 7.54859
v 10.8104 7.17703 6.01386
v 10.6209 6.54374 5.4312
v 9.6299 5.42824 6.96593
v 9.81937 6.06154 7.54859
v 10.8104 7.17704 6.01386
f 4865 4866 4867 4868
f 4869 4870 4871 4872
f 4865 4866 4870 4869
f 4866 4867 4871 4870
f 4867 4868 4872 4871
f 4868 4865 4869 4872
o Box609
v 9.02936 6.68506 3.89758
v 10.2391 8.34391 2.28882
v 12.0258 8.37295 3.66229
v 10.8161 6.7141 5.27104
v 9.10025 6.54676 3.80828
v 10.3099 8.20561 2.19952
v 12.0967 8.23465 3.57299
v 10.887 6.5758 5.18174
f 4873 4874 4875 4876
f 4877 4878 4879 4880
f 4873 4874 4878 4877
f 4874 4875 4879 4878
f 4875 4876 4880 4879
f 4876 4873 4877 4880
o Box610
v 11.4698 7.459 3.64307
v 10.1341 6.33521 5.44666
v 10.9729 7.22654 6.62325
v 12.3086 8.35033 4.81966
v 11.3132 7.62392 3.62981
v 9.97745 6.50014 5.4334
v 10.8163 7.39146 6.61
v 12.152 8.51525 4.80641
f 4881 4882 4883 4884
f 4885 4886 4887 4888
f 4881 4882 4886 4885
f 4882 4883 4887 4886
f 4883 4884 4888 4887
f 4884 4881 4885 4888
o Box611
v 8.99195 6.65087 4.00894
v 10.093 8.36152 2.26796
v 11.5322 8.4185 3.23412
v 10.4311 6.70784 4.97509
v 9.06749 6.49696 3.90549
v 10.1686 8.20762 2.16451
v 11.6077 8.26459 3.13067
v 10.5066 6.55394 4.87165
f 4889 4890 4891 4892
f 4893 4894 4895 4896
f 4889 4890 4894 4893
f 4890 4891 4895 4894
f 4891 4892 4896 4895
f 4892 4889 4893 4896
o Box612
v 9.66448 6.64551 4.49561
v 10.6902 8.34982 2.63414
v 12.0101 8.51565 3.51326
v 10.9844 6.81134 5.37473
v 9.74863 6.4891 4.39877
v 10.7743 8.19342 2.53731
v 12.0942 8.35925 3.41643
v 11.0685 6.65493 5.27789
f 4897 4898 4899 4900
f 4901 4902 4903 4904
f 4897 4898 4902 4901
f 4898 4899 4903 4902
f 4899 4900 4904 4903
f 4900 4897 4901 4904
o Box613
v 9.78697 6.56303 4.35952
v 10.8649 7.90222 2.91658
v 11.509 8.04703 3.53216
v 10.4311 6.70784 4.97509
v 9.78698 6.56302 4.35951
v 10.8649 7.9022 2.91657
v 11.509 8.04701 3.53215
v 10.4311 6.70783 4.97509
f 4905 4906 4907 4908
f 4909 4910 4911 4912
f 4905 4906 4910 4909
f 4906 4907 4911 4910
f 4907 4908 4912 4911
f 4908 4905 4909 4912
o Box614
v 9.15753 6.81716 3.71938
v 10.2541 8.40988 2.35398
v 11.0166 8.30487 2.84386
v 9.92002 6.71215 4.20926
v 9.15753 6.81714 3.71937
v 10.2541 8.40986 2.35397
v 11.0166 8.30485 2.84385
v 9.92002 6.71213 4.20925
f 4913 4914 4915 4916
f 4917 4918 4919 4920
f 4913 4914 4918 4917
f 4914 4915 4919 4918
f 4915 4916 4920 4919
f 4916 4913 4917 4920
o Box615
v 10.2018 6.66205 4.77443
v 11.2449 7.98767 3.27974
v 11.8815 8.11483 3.83679
v 10.8383 6.78921 5.33148
v 10.2018 6.66203 4.77442
v 11.2449 7.98765 3.27973
v 11.8815 8.11481 3.83678
v 10.8384 6.78919 5.33147
f 4921 4922 4923 4924
f 4925 4926 4927 4928
f 4921 4922 4926 4925
f 4922 4923 4927 4926
f 4923 4924 4928 4927
f 4924 4921 4925 4928
o Box616
v 9.65236 6.74911 4.05545
v 10.6902 8.34982 2.63414
v 11.4233 8.2486 3.05543
v 10.3854 6.64788 4.47674
v 9.65237 6.74909 4.05543
v 10.6902 8.3498 2.63412
v 11.4233 8.24858 3.05541
v 10.3855 6.64786 4.47672
f 4929 4930 4931 4932
f 4933 4934 4935 4936
f 4929 4930 4934 4933
f 4930 4931 4935 4934
f 4931 4932 4936 4935
f 4932 4929 4933 4936
o Box617
v 10.5643 6.81341 5.58104
v 11.6984 7.88832 4.07982
v 12.1852 8.24487 4.70289
v 11.0512 7.16995 6.20411
v 10.5644 6.81339 5.58104
v 11.6984 7.88831 4.07982
v 12.1852 8.24486 4.70289
v 11.0512 7.16994 6.2041
f 4937 4938 4939 4940
f 4941 4942 4943 4944
f 4937 4938 4942 4941
f 4938 4939 4943 4942
f 4939 4940 4944 4943
f 4940 4937 4941 4944
o Box618
v 11.4371 7.35813 3.61211
v 10.1195 6.30537 5.54147
v 10.9562 7.24758 6.62704
v 12.2739 8.30034 4.69767
v 11.2972 7.50202 3.59507
v 9.97954 6.44926 5.52443
v 10.8163 7.39146 6.61
v 12.1339 8.44422 4.68063
f 4945 4946 4947 4948
f 4949 4950 4951 4952
f 4945 4946 4950 4949
f 4946 4947 4951 4950
f 4947 4948 4952 4951
f 4948 4945 4949 4952
o Box619
v 10.2704 6.55899 5.15719
v 11.4116 7.65451 3.68384
v 11.8835 8.03929 4.3355
v 10.7424 6.94377 5.80886
v 10.2704 6.55897 5.15719
v 11.4116 7.6545 3.68384
v 11.8835 8.03928 4.3355
v 10.7424 6.94376 5.80886
f 4953 4954 4955 4956
f 4957 4958 4959 4960
f 4953 4954 4958 4957
f 4954 4955 4959 4958
f 4955 4956 4960 4959
f 4956 4953 4957 4960
o Box620
v 10.5482 6.80424 6.00785
v 11.8296 7.69949 4.56432
v 12.0977 8.28672 5.16647
v 10.8163 7.39147 6.60999
v 10.5482 6.80424 6.00785
v 11.8296 7.69949 4.56433
v 12.0977 8.28671 5.16647
v 10.8163 7.39146 6.61
f 4961 4962 4963 4964
f 4965 4966 4967 4968
f 4961 4962 4966 4965
f 4962 4963 4967 4966
f 4963 4964 4968 4967
f 4964 4961 4965 4968
o Box621
v 6.66185 5.87095 3.36212
v 8.03658 9.31421 2.53714
v 6.13916 10.6326 4.87806
v 4.76443 7.18937 5.70304
v 7.2366 5.76711 3.88646
v 8.61133 9.21037 3.06148
v 6.71391 10.5288 5.4024
v 5.33917 7.08553 6.22738
f 4969 4970 4971 4972
f 4973 4974 4975 4976
f 4969 4970 4974 4973
f 4970 4971 4975 4974
f 4971 4972 4976 4975
f 4972 4969 4973 4976
o Box622
v 6.98338 7.09977 5.23798
v 7.2013 12.3636 5.08044
v 11.0769 12.1387 2.92665
v 10.859 6.87486 3.08419
v 6.22635 7.09037 3.87674
v 6.44428 12.3542 3.7192
v 10.3199 12.1293 1.56541
v 10.102 6.86546 1.72295
f 4977 4978 4979 4980
f 4981 4982 4983 4984
f 4977 4978 4982 4981
f 4978 4979 4983 4982
f 4979 4980 4984 4983
f 4980 4977 4981 4984
o Box623
v 6.55917 5.96023 3.88299
v 7.96163 8.53316 2.70404
v 6.2715 10.22 4.37474
v 4.86904 7.64703 5.55369
v 6.83199 5.94502 4.17435
v 8.23446 8.51795 2.9954
v 6.54433 10.2047 4.66609
v 5.14186 7.63182 5.84504
f 4985 4986 4987 4988
f 4989 4990 4991 4992
f 4985 4986 4990 4989
f 4986 4987 4991 4990
f 4987 4988 4992 4991
f 4988 4985 4989 4992
o Box624
v 5.97151 6.48075 3.74355
v 7.4813 9.59116 3.00094
v 6.46714 10.5751 5.06017
v 4.95735 7.46467 5.80278
v 6.31476 6.36743 3.96675
v 7.82455 9.47783 3.22414
v 6.81039 10.4617 5.28337
v 5.3006 7.35134 6.02598
f 4993 4994 4995 4996
f 4997 4998 4999 5000
f 4993 4994 4998 4997
f 4994 4995 4999 4998
f 4995 4996 5000 4999
f 4996 4993 4997 5000
o Box625
v 6.32356 6.13868 3.98108
v 7.59352 9.22381 3.0405
v 6.05436 10.377 4.74498
v 4.78441 7.29191 5.68556
v 6.62677 6.10441 4.27807
v 7.89672 9.18954 3.33749
v 6.35757 10.3428 5.04197
v 5.08762 7.25764 5.98255
f 5001 5002 5003 5004
f 5005 5006 5007 5008
f 5001 5002 5006 5005
f 5002 5003 5007 5006
f 5003 5004 5008 5007
f 5004 5001 5005 5008
o Box626
v 6.34412 6.27214 4.41149
v 7.29371 8.72506 3.33951
v 7.99096 8.31131 3.01039
v 7.04137 5.85839 4.08237
v 6.34411 6.27214 4.41148
v 7.2937 8.72506 3.3395
v 7.99095 8.31131 3.01038
v 7.04136 5.85838 4.08236
f 5009 5010 5011 5012
f 5013 5014 5015 5016
f 5009 5010 5014 5013
f 5010 5011 5015 5014
f 5011 5012 5016 5015
f 5012 5009 5013 5016
o Box627
v 5.87695 6.55182 4.57974
v 6.88592 8.96839 3.50359
v 7.63574 8.52099 3.20192
v 6.62677 6.10441 4.27807
v 5.87693 6.55181 4.57972
v 6.8859 8.96839 3.50357
v 7.63573 8.52098 3.20189
v 6.62675 6.10441 4.27804
f 5017 5018 5019 5020
f 5021 5022 5023 5024
f 5017 5018 5022 5021
f 5018 5019 5023 5022
f 5019 5020 5024 5023
f 5020 5017 5021 5024
o Box628
v 5.78987 6.71369 4.38724
v 7.16742 9.46819 3.47717
v 6.34131 10.3223 4.81184
v 4.96375 7.5678 5.72191
v 5.94816 6.67506 4.50994
v 7.32571 9.42957 3.59987
v 6.49959 10.2837 4.93453
v 5.12204 7.52917 5.8446
f 5025 5026 5027 5028
f 5029 5030 5031 5032
f 5025 5026 5030 5029
f 5026 5027 5031 5030
f 5027 5028 5032 5031
f 5028 5025 5029 5032
o Box629
v 5.94816 6.67506 4.50994
v 7.15793 9.19451 3.553
v 6.59396 9.67486 4.10472
v 5.38419 7.15542 5.06166
v 5.94817 6.67506 4.50995
v 7.15794 9.19451 3.55301
v 6.59397 9.67486 4.10474
v 5.3842 7.15542 5.06167
f 5033 5034 5035 5036
f 5037 5038 5039 5040
f 5033 5034 5038 5037
f 5034 5035 5039 5038
f 5035 5036 5040 5039
f 5036 5033 5037 5040
o Box630
v 5.45899 7.27921 4.99537
v 6.87959 9.82038 4.14014
v 6.5557 10.2528 4.88688
v 5.1351 7.71159 5.74211
v 5.45899 7.27921 4.99537
v 6.87959 9.82038 4.14014
v 6.55571 10.2528 4.88688
v 5.13511 7.71159 5.74211
f 5041 5042 5043 5044
f 5045 5046 5047 5048
f 5041 5042 5046 5045
f 5042 5043 5047 5046
f 5043 5044 5048 5047
f 5044 5041 5045 5048
o Box631
v 6.2491 6.41574 4.18208
v 7.41972 8.96637 3.23914
v 6.89972 9.41444 3.80561
v 5.72911 6.86381 4.74855
v 6.24911 6.41574 4.18209
v 7.41972 8.96637 3.23914
v 6.89973 9.41444 3.80562
v 5.72911 6.86381 4.74856
f 5049 5050 5051 5052
f 5053 5054 5055 5056
f 5049 5050 5054 5053
f 5050 5051 5055 5054
f 5051 5052 5056 5055
f 5052 5049 5053 5056
o Box632
v 5.45141 7.11806 4.42387
v 7.03678 9.85208 3.63189
v 6.63999 10.5384 5.20703
v 5.05462 7.80442 5.99901
v 5.62181 7.04136 4.50021
v 7.20718 9.77539 3.70823
v 6.81039 10.4617 5.28337
v 5.22502 7.72772 6.07535
f 5057 5058 5059 5060
f 5061 5062 5063 5064
f 5057 5058 5062 5061
f 5058 5059 5063 5062
f 5059 5060 5064 5063
f 5060 5057 5061 5064
o Box633
v 5.62125 7.05035 4.56953
v 7.01956 9.61181 3.72571
v 6.73187 10.0176 4.48071
v 5.33355 7.45612 5.32453
v 5.62126 7.05034 4.56954
v 7.01957 9.6118 3.72572
v 6.73188 10.0176 4.48072
v 5.33356 7.45612 5.32454
f 5065 5066 5067 5068
f 5069 5070 5071 5072
f 5065 5066 5070 5069
f 5066 5067 5071 5070
f 5067 5068 5072 5071
f 5068 5065 5069 5072
o Box634
v 5.23354 7.68372 5.19761
v 6.83809 10.1708 4.41532
v 6.81037 10.4618 5.28337
v 5.20582 7.97463 6.06565
v 5.23356 7.68371 5.19761
v 6.83811 10.1708 4.41532
v 6.81039 10.4617 5.28337
v 5.20584 7.97462 6.06566
f 5073 5074 5075 5076
f 5077 5078 5079 5080
f 5073 5074 5078 5077
f 5074 5075 5079 5078
f 5075 5076 5080 5079
f 5076 5073 5077 5080
o Box635
v 7.02762 8.25791 3.64099
v 8.48642 10.8109 2.27085
v 11.2072 9.232 2.22566
v 9.74835 6.67901 3.5958
v 6.94742 8.12903 3.31545
v 8.40622 10.682 1.94531
v 11.127 9.10312 1.90012
v 9.66816 6.55013 3.27027
f 5081 5082 5083 5084
f 5085 5086 5087 5088
f 5081 5082 5086 5085
f 5082 5083 5087 5086
f 5083 5084 5088 5087
f 5084 5081 5085 5088
o Box636
v 7.31105 8.52007 2.68793
v 9.42097 11.1364 1.93665
v 8.48384 12.456 3.9002
v 6.37393 9.83966 4.65148
v 7.64259 8.33404 2.97117
v 9.7525 10.9503 2.2199
v 8.81537 12.2699 4.18345
v 6.70546 9.65363 4.93472
f 5089 5090 5091 5092
f 5093 5094 5095 5096
f 5089 5090 5094 5093
f 5090 5091 5095 5094
f 5091 5092 5096 5095
f 5092 5089 5093 5096
o Box637
v 7.02637 8.15295 3.79122
v 8.37049 10.8896 2.4127
v 10.6149 9.69281 2.22521
v 9.27078 6.95616 3.60373
v 6.91944 8.01244 3.40801
v 8.26356 10.7491 2.02948
v 10.508 9.5523 1.842
v 9.16384 6.81565 3.22052
f 5097 5098 5099 5100
f 5101 5102 5103 5104
f 5097 5098 5102 5101
f 5098 5099 5103 5102
f 5099 5100 5104 5103
f 5100 5097 5101 5104
o Box638
v 7.73804 7.62679 3.7411
v 8.8814 10.5424 2.26451
v 11.195 9.59436 2.18403
v 10.0517 6.67874 3.66062
v 7.65735 7.46268 3.35457
v 8.80071 10.3783 1.87799
v 11.1143 9.43025 1.79751
v 9.97098 6.51463 3.2741
f 5105 5106 5107 5108
f 5109 5110 5111 5112
f 5105 5106 5110 5109
f 5106 5107 5111 5110
f 5107 5108 5112 5111
f 5108 5105 5109 5112
o Box639
v 8.46144 7.28679 3.31913
v 9.65036 9.11533 2.06241
v 10.4597 8.78469 2.34701
v 9.27078 6.95616 3.60373
v 8.46144 7.28679 3.31912
v 9.65036 9.11532 2.0624
v 10.4597 8.78468 2.347
v 9.27078 6.95615 3.60373
f 5113 5114 5115 5116
f 5117 5118 5119 5120
f 5113 5114 5118 5117
f 5114 5115 5119 5118
f 5115 5116 5120 5119
f 5116 5113 5117 5120
o Box640
v 7.14388 8.46145 3.54542
v 8.63713 10.817 2.40289
v 10.0549 9.76603 2.08902
v 8.56168 7.41044 3.23155
v 7.07091 8.41816 3.36079
v 8.56417 10.7737 2.21826
v 9.98197 9.72273 1.90439
v 8.48872 7.36715 3.04692
f 5121 5122 5123 5124
f 5125 5126 5127 5128
f 5121 5122 5126 5125
f 5122 5123 5127 5126
f 5123 5124 5128 5127
f 5124 5121 5125 5128
o Box641
v 7.78533 7.91019 3.20697
v 9.12438 9.93478 2.07647
v 9.90074 9.43505 2.10108
v 8.56169 7.41045 3.23158
v 7.78532 7.91017 3.20694
v 9.12437 9.93477 2.07643
v 9.90073 9.43503 2.10104
v 8.56168 7.41044 3.23155
f 5129 5130 5131 5132
f 5133 5134 5135 5136
f 5129 5130 5134 5133
f 5130 5131 5135 5134
f 5131 5132 5136 5135
f 5132 5129 5133 5136
o Box642
v 7.21166 8.60888 3.39312
v 8.739 10.7716 2.39525
v 9.40561 10.1829 2.13974
v 7.87826 8.02021 3.13761
v 7.21165 8.60888 3.3931
v 8.73899 10.7716 2.39523
v 9.4056 10.1829 2.13972
v 7.87826 8.02021 3.1376
f 5137 5138 5139 5140
f 5141 5142 5143 5144
f 5137 5138 5142 5141
f 5138 5139 5143 5142
f 5139 5140 5144 5143
f 5140 5137 5141 5144
o Box643
v 8.98178 7.07132 3.51956
v 10.1012 8.93119 2.22096
v 10.8682 8.62558 2.44447
v 9.74886 6.76571 3.74307
v 8.98178 7.07129 3.51952
v 10.1012 8.93116 2.22092
v 10.8682 8.62556 2.44443
v 9.74886 6.76568 3.74303
f 5145 5146 5147 5148
f 5149 5150 5151 5152
f 5145 5146 5150 5149
f 5146 5147 5151 5150
f 5147 5148 5152 5151
f 5148 5145 5149 5152
o Box644
v 7.69416 7.99903 3.42414
v 9.09989 10.4529 2.25691
v 10.4813 9.54536 2.01273
v 9.07558 7.09151 3.17997
v 7.62803 7.94842 3.23811
v 9.03376 10.4023 2.07087
v 10.4152 9.49475 1.8267
v 9.00945 7.0409 2.99393
f 5153 5154 5155 5156
f 5157 5158 5159 5160
f 5153 5154 5158 5157
f 5154 5155 5159 5158
f 5155 5156 5160 5159
f 5156 5153 5157 5160
o Box645
v 8.27496 7.59115 3.23927
v 9.54885 9.66155 2.08991
v 10.2806 9.2004 2.07023
v 9.00668 7.13 3.2196
v 8.27495 7.59114 3.23924
v 9.54884 9.66153 2.08987
v 10.2806 9.20039 2.0702
v 9.00667 7.12999 3.21956
f 5161 5162 5163 5164
f 5165 5166 5167 5168
f 5161 5162 5166 5165
f 5162 5163 5167 5166
f 5163 5164 5168 5167
f 5164 5161 5165 5168
o Box646
v 7.62253 8.24311 3.25282
v 9.09989 10.4529 2.25691
v 9.72685 9.90643 1.97447
v 8.24948 7.69666 2.97038
v 7.62252 8.24311 3.2528
v 9.09989 10.4529 2.25689
v 9.72684 9.90643 1.97446
v 8.24947 7.69666 2.97037
f 5169 5170 5171 5172
f 5173 5174 5175 5176
f 5169 5170 5174 5173
f 5170 5171 5175 5174
f 5171 5172 5176 5175
f 5172 5169 5173 5176
o Box647
v 7.16434 8.77861 3.20216
v 9.09833 11.2016 2.38981
v 8.36887 12.2155 3.67732
v 6.43487 9.79252 4.48967
v 7.30294 8.71192 3.33321
v 9.23693 11.1349 2.52085
v 8.50746 12.1488 3.80836
v 6.57347 9.72583 4.62072
f 5177 5178 5179 5180
f 5181 5182 5183 5184
f 5177 5178 5182 5181
f 5178 5179 5183 5182
f 5179 5180 5184 5183
f 5180 5177 5181 5184
o Box648
v 7.33846 8.50792 2.57471
v 9.45729 11.251 1.93623
v 8.51684 12.4438 3.9398
v 6.39801 9.7007 4.57829
v 7.637 8.33404 2.81836
v 9.75583 11.0772 2.17987
v 8.81537 12.2699 4.18345
v 6.69655 9.52681 4.82193
f 5185 5186 5187 5188
f 5189 5190 5191 5192
f 5185 5186 5190 5189
f 5186 5187 5191 5190
f 5187 5188 5192 5191
f 5188 5185 5189 5192
o Box649
v 7.30294 8.71192 3.33321
v 9.03545 10.9403 2.4637
v 8.54164 11.5263 2.98157
v 6.80912 9.29791 3.85108
v 7.30294 8.71191 3.33321
v 9.03545 10.9403 2.4637
v 8.54164 11.5263 2.98157
v 6.80913 9.29791 3.85108
f 5193 5194 5195 5196
f 5197 5198 5199 5200
f 5193 5194 5198 5197
f 5194 5195 5199 5198
f 5195 5196 5200 5199
f 5196 5193 5197 5200
o Box650
v 6.90511 9.40213 3.79479
v 8.83766 11.6151 3.038
v 8.55771 12.1084 3.76568
v 6.62517 9.89544 4.52247
v 6.90513 9.40211 3.79481
v 8.83768 11.6151 3.03802
v 8.55774 12.1084 3.76569
v 6.62519 9.89542 4.52249
f 5201 5202 5203 5204
f 5205 5206 5207 5208
f 5201 5202 5206 5205
f 5202 5203 5207 5206
f 5203 5204 5208 5207
f 5204 5201 5205 5208
o Box651
v 7.56912 8.39603 3.02635
v 9.27017 10.6617 2.16948
v 8.80843 11.2097 2.70178
v 7.10738 8.944 3.55865
v 7.56912 8.39602 3.02636
v 9.27017 10.6617 2.16948
v 8.80843 11.2097 2.70178
v 7.10738 8.944 3.55865
f 5209 5210 5211 5212
f 5213 5214 5215 5216
f 5209 5210 5214 5213
f 5210 5211 5215 5214
f 5211 5212 5216 5215
f 5212 5209 5213 5216
o Box652
v 6.90428 9.23868 3.22627
v 9.02779 11.6055 2.54274
v 8.66868 12.3765 4.09668
v 6.54517 10.0096 4.78022
v 7.05097 9.13213 3.31303
v 9.17448 11.499 2.6295
v 8.81537 12.2699 4.18345
v 6.69186 9.9031 4.86698
f 5217 5218 5219 5220
f 5221 5222 5223 5224
f 5217 5218 5222 5221
f 5218 5219 5223 5222
f 5219 5220 5224 5223
f 5220 5217 5221 5224
o Box653
v 7.04774 9.14178 3.38099
v 8.96341 11.3775 2.63462
v 8.70962 11.8408 3.37086
v 6.79396 9.60501 4.11723
v 7.04775 9.14177 3.381
v 8.96341 11.3775 2.63462
v 8.70963 11.8408 3.37086
v 6.79396 9.605 4.11723
f 5225 5226 5227 5228
f 5229 5230 5231 5232
f 5225 5226 5230 5229
f 5226 5227 5231 5230
f 5227 5228 5232 5231
f 5228 5225 5229 5232
o Box654
v 6.74789 9.84204 3.99103
v 8.8429 11.9686 3.31754
v 8.81535 12.2699 4.18344
v 6.72035 10.1434 4.85693
v 6.74792 9.84202 3.99104
v 8.84292 11.9686 3.31755
v 8.81538 12.2699 4.18345
v 6.72037 10.1434 4.85694
f 5233 5234 5235 5236
f 5237 5238 5239 5240
f 5233 5234 5238 5237
f 5234 5235 5239 5238
f 5235 5236 5240 5239
f 5236 5233 5237 5240
o Box655
v 4.21937 8.92818 5.80437
v 8.27533 12.8735 4.04594
v 10.58 12.1875 7.82258
v 6.52405 8.24214 9.58102
v 4.92389 7.93161 5.19341
v 8.97985 11.8769 3.43497
v 11.2845 11.1909 7.21162
v 7.22857 7.24556 8.97006
f 5241 5242 5243 5244
f 5245 5246 5247 5248
f 5241 5242 5246 5245
f 5242 5243 5247 5246
f 5243 5244 5248 5247
f 5244 5241 5245 5248
o Box656
v 7.79435 9.36075 9.9827
v 11.5418 11.6074 7.13962
v 12.8614 7.65881 5.75864
v 9.11393 5.41213 8.60171
v 7.00577 9.4391 9.00518
v 10.7532 11.6858 6.1621
v 12.0728 7.73716 4.78112
v 8.32534 5.49048 7.62419
f 5249 5250 5251 5252
f 5253 5254 5255 5256
f 5249 5250 5254 5253
f 5250 5251 5255 5254
f 5251 5252 5256 5255
f 5252 5249 5253 5256
o Box657
v 4.33598 8.82555 5.63147
v 7.4142 11.5839 5.44251
v 8.8484 10.2376 9.15292
v 5.77018 7.47922 9.34188
v 4.99453 8.05401 5.09696
v 8.07275 10.8124 4.90801
v 9.50695 9.46605 8.61841
v 6.42873 6.70768 8.80737
f 5257 5258 5259 5260
f 5261 5262 5263 5264
f 5257 5258 5262 5261
f 5258 5259 5263 5262
f 5259 5260 5264 5263
f 5260 5257 5261 5264
o Box658
v 6.05694 11.1442 4.35548
v 9.62687 13.2711 4.3982
v 10.5255 11.6864 8.2009
v 6.95556 9.55948 8.15817
v 6.58966 10.2599 3.86111
v 10.1596 12.3869 3.90383
v 11.0582 10.8022 7.70652
v 7.48829 8.67525 7.6638
f 5265 5266 5267 5268
f 5269 5270 5271 5272
f 5265 5266 5270 5269
f 5266 5267 5271 5270
f 5267 5268 5272 5271
f 5268 5265 5269 5272
o Box659
v 4.70439 8.32969 5.90211
v 6.78968 10.9095 5.10022
v 8.05329 10.8319 8.13638
v 5.96801 8.25205 8.93827
v 5.21828 7.84397 5.67582
v 7.30356 10.4238 4.87392
v 8.56718 10.3461 7.91008
v 6.48189 7.76633 8.71198
f 5273 5274 5275 5276
f 5277 5278 5279 5280
f 5273 5274 5278 5277
f 5274 5275 5279 5278
f 5275 5276 5280 5279
f 5276 5273 5277 5280
o Box660
v 5.28343 8.90681 7.41053
v 7.00505 10.9235 6.31991
v 9.0264 10.1869 8.14878
v 7.30478 8.17025 9.2394
v 5.42317 8.6475 7.15165
v 7.1448 10.6642 6.06103
v 9.16615 9.92764 7.88989
v 7.44452 7.91094 8.98051
f 5281 5282 5283 5284
f 5285 5286 5287 5288
f 5281 5282 5286 5285
f 5282 5283 5287 5286
f 5283 5284 5288 5287
f 5284 5281 5285 5288
o Box661
v 4.89314 8.11116 5.73329
v 6.988 10.7921 5.12088
v 7.5359 10.9278 7.58931
v 5.44104 8.2469 8.20172
v 5.21828 7.84397 5.67582
v 7.31314 10.5249 5.06341
v 7.86104 10.6606 7.53184
v 5.76618 7.97972 8.14425
f 5289 5290 5291 5292
f 5293 5294 5295 5296
f 5289 5290 5294 5293
f 5290 5291 5295 5294
f 5291 5292 5296 5295
f 5292 5289 5293 5296
o Box662
v 4.84819 8.18954 6.91872
v 6.10136 10.4976 4.88185
v 8.37717 11.2433 7.12699
v 7.124 8.93521 9.16386
v 5.06785 7.94535 6.77716
v 6.32102 10.2534 4.74029
v 8.59683 10.9991 6.98543
v 7.34367 8.69102 9.0223
f 5297 5298 5299 5300
f 5301 5302 5303 5304
f 5297 5298 5302 5301
f 5298 5299 5303 5302
f 5299 5300 5304 5303
f 5300 5297 5301 5304
o Box663
v 5.21826 7.84399 5.67581
v 6.83763 10.3212 4.89436
v 6.77729 10.6324 5.75582
v 5.15793 8.15517 6.53727
v 5.21828 7.84398 5.67582
v 6.83764 10.3212 4.89437
v 6.77731 10.6324 5.75583
v 5.15795 8.15516 6.53728
f 5305 5306 5307 5308
f 5309 5310 5311 5312
f 5305 5306 5310 5309
f 5306 5307 5311 5310
f 5307 5308 5312 5311
f 5308 5305 5309 5312
o Box664
v 5.11418 8.43624 6.52447
v 7.10466 10.8078 5.80521
v 7.72695 10.7841 7.44928
v 5.73648 8.41256 8.16854
v 5.25504 8.30125 6.4692
v 7.24552 10.6728 5.74995
v 7.86781 10.6491 7.39402
v 5.87734 8.27757 8.11328
f 5313 5314 5315 5316
f 5317 5318 5319 5320
f 5313 5314 5318 5317
f 5314 5315 5319 5318
f 5315 5316 5320 5319
f 5316 5313 5317 5320
o Box665
v 5.25504 8.30125 6.46921
v 7.03981 10.6339 5.72454
v 7.23316 10.7675 6.60644
v 5.44839 8.43485 7.35111
v 5.25505 8.30124 6.4692
v 7.03982 10.6339 5.72454
v 7.23317 10.7675 6.60644
v 5.4484 8.43484 7.35111
f 5321 5322 5323 5324
f 5325 5326 5327 5328
f 5321 5322 5326 5325
f 5322 5323 5327 5326
f 5323 5324 5328 5327
f 5324 5321 5325 5328
o Box666
v 5.56484 8.59589 7.27985
v 7.4632 10.7181 6.52853
v 7.86878 10.641 7.33537
v 5.97042 8.51873 8.08669
v 5.56486 8.59588 7.27984
v 7.46321 10.7181 6.52852
v 7.8688 10.641 7.33536
v 5.97044 8.51872 8.08668
f 5329 5330 5331 5332
f 5333 5334 5335 5336
f 5329 5330 5334 5333
f 5330 5331 5335 5334
f 5331 5332 5336 5335
f 5332 5329 5333 5336
o Box667
v 6.11034 8.69232 8.00995
v 8.05686 10.5616 7.20634
v 8.60708 10.2671 7.85404
v 6.66056 8.39782 8.65765
v 6.11035 8.69231 8.00994
v 8.05687 10.5616 7.20633
v 8.60709 10.2671 7.85403
v 6.66057 8.39781 8.65764
f 5337 5338 5339 5340
f 5341 5342 5343 5344
f 5337 5338 5342 5341
f 5338 5339 5343 5342
f 5339 5340 5344 5343
f 5340 5337 5341 5344
o Box668
v 5.13207 8.23801 5.98966
v 6.89801 10.5762 5.22844
v 7.12577 10.6934 6.11679
v 5.35983 8.3552 6.87801
v 5.13211 8.23797 5.98966
v 6.89805 10.5762 5.22844
v 7.12581 10.6934 6.11678
v 5.35987 8.35516 6.878
f 5345 5346 5347 5348
f 5349 5350 5351 5352
f 5345 5346 5350 5349
f 5346 5347 5351 5350
f 5347 5348 5352 5351
f 5348 5345 5349 5352
o Box669
v 7.43584 8.08675 8.99822
v 9.35797 9.69015 8.09945
v 8.74785 10.1823 7.67266
v 6.82572 8.57891 8.57144
v 7.43584 8.08676 8.99825
v 9.35797 9.69016 8.09947
v 8.74785 10.1823 7.67269
v 6.82572 8.57893 8.57146
f 5353 5354 5355 5356
f 5357 5358 5359 5360
f 5353 5354 5358 5357
f 5354 5355 5359 5358
f 5355 5356 5360 5359
f 5356 5353 5357 5360
o Box670
v 5.03316 9.05037 6.95496
v 7.32361 11.1614 6.1597
v 8.83102 10.2609 8.11088
v 6.54057 8.14989 8.90615
v 5.20275 8.76789 6.69358
v 7.4932 10.8789 5.89831
v 9.00061 9.97844 7.8495
v 6.71016 7.86741 8.64476
f 5361 5362 5363 5364
f 5365 5366 5367 5368
f 5361 5362 5366 5365
f 5362 5363 5367 5366
f 5363 5364 5368 5367
f 5364 5361 5365 5368
o Box671
v 5.32796 8.64577 6.84913
v 7.19423 10.7784 6.06973
v 7.6401 10.6845 6.88043
v 5.77383 8.55188 7.65983
v 5.32797 8.64576 6.84912
v 7.19424 10.7784 6.06972
v 7.64011 10.6845 6.88042
v 5.77384 8.55186 7.65982
f 5369 5370 5371 5372
f 5373 5374 5375 5376
f 5369 5370 5374 5373
f 5370 5371 5375 5374
f 5371 5372 5376 5375
f 5372 5369 5373 5376
o Box672
v 6.95037 8.11505 8.73781
v 9.00061 9.97844 7.84949
v 7.79862 10.775 6.74626
v 5.74838 8.91163 7.63458
v 6.89875 8.24253 8.8861
v 8.94899 10.1059 7.99778
v 7.74701 10.9025 6.89454
v 5.69676 9.03911 7.78286
f 5377 5378 5379 5380
f 5381 5382 5383 5384
f 5377 5378 5382 5381
f 5378 5379 5383 5382
f 5379 5380 5384 5383
f 5380 5377 5381 5384
o Box673
v 5.79617 8.85839 7.67144
v 7.69411 10.7518 6.83886
v 8.29119 10.4362 7.48222
v 6.39325 8.54279 8.31481
v 5.79619 8.85836 7.67141
v 7.69413 10.7518 6.83883
v 8.2912 10.4362 7.48219
v 6.39326 8.54276 8.31477
f 5385 5386 5387 5388
f 5389 5390 5391 5392
f 5385 5386 5390 5389
f 5386 5387 5391 5390
f 5387 5388 5392 5391
f 5388 5385 5389 5392
o Box674
v 7.13868 8.33236 8.76468
v 9.00061 9.97843 7.84948
v 8.34087 10.4982 7.44216
v 6.47894 8.85215 8.35735
v 7.13868 8.33236 8.76469
v 9.00061 9.97844 7.84949
v 8.34087 10.4982 7.44217
v 6.47894 8.85215 8.35736
f 5393 5394 5395 5396
f 5397 5398 5399 5400
f 5393 5394 5398 5397
f 5394 5395 5399 5398
f 5395 5396 5400 5399
f 5396 5393 5397 5400
o Box675
v 6.44927 10.3424 4.51247
v 8.85391 12.475 3.80585
v 9.45151 12.6362 6.32604
v 7.04686 10.5037 7.03266
v 6.73276 10.0076 4.46667
v 9.1374 12.1401 3.76005
v 9.735 12.3013 6.28024
v 7.33035 10.1688 6.98686
f 5401 5402 5403 5404
f 5405 5406 5407 5408
f 5401 5402 5406 5405
f 5402 5403 5407 5406
f 5403 5404 5408 5407
f 5404 5401 5405 5408
o Box676
v 6.84434 11.0934 6.14815
v 9.06125 12.709 5.21903
v 10.7688 11.5428 7.26557
v 8.55192 9.92723 8.19469
v 6.94829 10.8071 5.89824
v 9.16519 12.4226 4.96912
v 10.8728 11.2564 7.01565
v 8.65587 9.64086 7.94477
f 5409 5410 5411 5412
f 5413 5414 5415 5416
f 5409 5410 5414 5413
f 5410 5411 5415 5414
f 5411 5412 5416 5415
f 5412 5409 5413 5416
o Box677
v 6.46247 10.3304 4.50468
v 9.05713 12.5585 4.03516
v 9.46858 12.6077 6.54261
v 6.87393 10.3796 7.01214
v 6.73276 10.0076 4.46667
v 9.32742 12.2357 3.99714
v 9.73887 12.285 6.50459
v 7.14422 10.0568 6.97412
f 5417 5418 5419 5420
f 5421 5422 5423 5424
f 5417 5418 5422 5421
f 5418 5419 5423 5422
f 5419 5420 5424 5423
f 5420 5417 5421 5424
o Box678
v 6.7048 10.4112 4.78197
v 8.92378 12.3635 4.13943
v 9.11294 12.4454 5.04154
v 6.89396 10.4931 5.68408
v 6.70481 10.4112 4.78197
v 8.92379 12.3635 4.13943
v 9.11295 12.4454 5.04154
v 6.89397 10.4931 5.68408
f 5425 5426 5427 5428
f 5429 5430 5431 5432
f 5425 5426 5430 5429
f 5426 5427 5431 5430
f 5427 5428 5432 5431
f 5428 5425 5429 5432
o Box679
v 6.73276 10.0076 4.46667
v 8.83888 12.1234 3.79528
v 8.78692 12.4473 4.65329
v 6.6808 10.3316 5.32468
v 6.73277 10.0076 4.46667
v 8.83889 12.1233 3.79528
v 8.78693 12.4473 4.65329
v 6.68081 10.3316 5.32468
f 5433 5434 5435 5436
f 5437 5438 5439 5440
f 5433 5434 5438 5437
f 5434 5435 5439 5438
f 5435 5436 5440 5439
f 5436 5433 5437 5440
o Box680
v 6.6912 10.6142 5.31469
v 9.13055 12.5594 4.73097
v 9.63639 12.4303 6.41452
v 7.19705 10.485 6.99825
v 6.80668 10.4553 5.26781
v 9.24603 12.4005 4.68408
v 9.75187 12.2714 6.36764
v 7.31252 10.3261 6.95136
f 5441 5442 5443 5444
f 5445 5446 5447 5448
f 5441 5442 5446 5445
f 5442 5443 5447 5446
f 5443 5444 5448 5447
f 5444 5441 5445 5448
o Box681
v 6.80668 10.4553 5.26781
v 9.04104 12.4005 4.64402
v 9.20252 12.5014 5.537
v 6.96816 10.5562 6.16079
v 6.80671 10.4552 5.26781
v 9.04107 12.4005 4.64402
v 9.20255 12.5014 5.537
v 6.96818 10.5561 6.16079
f 5449 5450 5451 5452
f 5453 5454 5455 5456
f 5449 5450 5454 5453
f 5450 5451 5455 5454
f 5451 5452 5456 5455
f 5452 5449 5453 5456
o Box682
v 7.11792 10.6912 6.1016
v 9.42078 12.4103 5.47982
v 9.75472 12.2631 6.30947
v 7.45187 10.544 6.93125
v 7.11795 10.6912 6.10158
v 9.42081 12.4103 5.4798
v 9.75475 12.263 6.30946
v 7.4519 10.5439 6.93123
f 5457 5458 5459 5460
f 5461 5462 5463 5464
f 5457 5458 5462 5461
f 5458 5459 5463 5462
f 5459 5460 5464 5463
f 5460 5457 5461 5464
o Box683
v 8.50019 9.64597 7.93378
v 11.01 11.0246 7.22916
v 10.1389 12.0656 6.16279
v 7.62903 10.6869 6.86741
v 8.47085 9.777 8.08564
v 10.9807 11.1557 7.38102
v 10.1095 12.1966 6.31465
v 7.59969 10.8179 7.01927
f 5465 5466 5467 5468
f 5469 5470 5471 5472
f 5465 5466 5470 5469
f 5466 5467 5471 5470
f 5467 5468 5472 5471
f 5468 5465 5469 5472
o Box684
v 6.70287 11.2336 5.74188
v 9.39257 12.8688 5.10383
v 10.5809 11.7128 7.15067
v 7.89122 10.0776 7.78871
v 6.8321 10.9234 5.49164
v 9.5218 12.5586 4.85359
v 10.7102 11.4026 6.90043
v 8.02046 9.76735 7.53848
f 5473 5474 5475 5476
f 5477 5478 5479 5480
f 5473 5474 5478 5477
f 5474 5475 5479 5478
f 5475 5476 5480 5479
f 5476 5473 5477 5480
o Box685
v 7.62903 10.6869 6.86741
v 9.93222 12.1495 6.19872
v 10.3763 11.7603 6.87685
v 8.07307 10.2977 7.54553
v 7.62904 10.6869 6.86739
v 9.93222 12.1495 6.19871
v 10.3763 11.7603 6.87683
v 8.07308 10.2977 7.54552
f 5481 5482 5483 5484
f 5485 5486 5487 5488
f 5481 5482 5486 5485
f 5482 5483 5487 5486
f 5483 5484 5488 5487
f 5484 5481 5485 5488
o Box686
v 8.75697 9.84688 7.93264
v 10.9909 11.053 7.17006
v 10.5122 11.649 6.71034
v 8.27827 10.4429 7.47293
v 8.75697 9.8469 7.93266
v 10.9909 11.053 7.17008
v 10.5122 11.649 6.71036
v 8.27827 10.4429 7.47295
f 5489 5490 5491 5492
f 5493 5494 5495 5496
f 5489 5490 5494 5493
f 5490 5491 5495 5494
f 5491 5492 5496 5495
f 5492 5489 5493 5496
o Box687
v 6.92259 10.7801 5.65718
v 9.19811 12.5138 5.00384
v 9.56641 12.3461 5.84164
v 7.29089 10.6125 6.49498
v 6.9226 10.7801 5.65717
v 9.19812 12.5138 5.00383
v 9.56643 12.3461 5.84163
v 7.29091 10.6124 6.49497
f 5497 5498 5499 5500
f 5501 5502 5503 5504
f 5497 5498 5502 5501
f 5498 5499 5503 5502
f 5499 5500 5504 5503
f 5500 5497 5501 5504
o Box688
v 8.30056 9.96581 7.64704
v 10.7102 11.4026 6.90043
v 9.7485 12.4035 5.72293
v 7.33889 10.9667 6.46954
v 8.26476 10.1006 7.79084
v 10.6744 11.5373 7.04423
v 9.7127 12.5383 5.86672
v 7.30309 11.1015 6.61333
f 5505 5506 5507 5508
f 5509 5510 5511 5512
f 5505 5506 5510 5509
f 5506 5507 5511 5510
f 5507 5508 5512 5511
f 5508 5505 5509 5512
o Box689
v 7.37371 10.9055 6.51022
v 9.63546 12.3996 5.80774
v 10.1211 11.9839 6.48722
v 7.85939 10.4897 7.18969
v 7.37371 10.9054 6.51021
v 9.63546 12.3996 5.80773
v 10.1211 11.9839 6.48721
v 7.85939 10.4897 7.18969
f 5513 5514 5515 5516
f 5517 5518 5519 5520
f 5513 5514 5518 5517
f 5514 5515 5519 5518
f 5515 5516 5520 5519
f 5516 5513 5517 5520
o Box690
v 8.52684 10.1439 7.685
v 10.7102 11.4025 6.9004
v 10.1862 12.0327 6.45341
v 8.00291 10.7741 7.23801
v 8.52684 10.1439 7.68503
v 10.7102 11.4026 6.90043
v 10.1862 12.0328 6.45344
v 8.00291 10.7741 7.23804
f 5521 5522 5523 5524
f 5525 5526 5527 5528
f 5521 5522 5526 5525
f 5522 5523 5527 5526
f 5523 5524 5528 5527
f 5524 5521 5525 5528
o Box691
v 7.14189 6.87477 8.93988
v 10.466 5.63409 6.03816
v 11.1845 9.06816 5.39293
v 7.86037 10.3088 8.29464
v 7.89984 6.879 9.80636
v 11.2239 5.63831 6.90464
v 11.9424 9.07238 6.2594
v 8.61832 10.3131 9.16112
f 5529 5530 5531 5532
f 5533 5534 5535 5536
f 5529 5530 5534 5533
f 5530 5531 5535 5534
f 5531 5532 5536 5535
f 5532 5529 5533 5536
o Box692
v 12.1259 6.6958 6.08562
v 8.93708 8.6399 8.76414
v 10.3607 11.8062 8.16082
v 13.5495 9.86212 5.4823
v 11.4411 6.82981 5.17305
v 8.25226 8.77391 7.85156
v 9.67585 11.9402 7.24824
v 12.8647 9.99613 4.56973
f 5537 5538 5539 5540
f 5541 5542 5543 5544
f 5537 5538 5542 5541
f 5538 5539 5543 5542
f 5539 5540 5544 5543
f 5540 5537 5541 5544
o Box693
v 8.73622 6.9155 8.90072
v 10.508 8.36658 7.73849
v 9.09954 10.0803 7.73103
v 7.32779 8.62921 8.89325
v 8.80038 6.96895 9.06526
v 10.5721 8.42002 7.90304
v 9.1637 10.1337 7.89557
v 7.39195 8.68266 9.0578
f 5545 5546 5547 5548
f 5549 5550 5551 5552
f 5545 5546 5550 5549
f 5546 5547 5551 5550
f 5547 5548 5552 5551
f 5548 5545 5549 5552
o Box694
v 11.1243 6.77209 6.02511
v 9.36101 5.72462 8.21216
v 9.32257 7.96797 9.25561
v 11.0859 9.01545 7.06856
v 10.7396 6.8847 5.76883
v 8.97626 5.83722 7.95589
v 8.93782 8.08058 8.99934
v 10.7011 9.12806 6.81229
f 5553 5554 5555 5556
f 5557 5558 5559 5560
f 5553 5554 5558 5557
f 5554 5555 5559 5558
f 5555 5556 5560 5559
f 5556 5553 5557 5560
o Box695
v 8.53808 6.86 8.95326
v 10.5829 8.13578 7.72349
v 9.66951 9.54519 7.66689
v 7.6247 8.26941 8.89666
v 8.61289 6.9158 9.13554
v 10.6577 8.19158 7.90577
v 9.74431 9.60099 7.84916
v 7.6995 8.32521 9.07894
f 5561 5562 5563 5564
f 5565 5566 5567 5568
f 5561 5562 5566 5565
f 5562 5563 5567 5566
f 5563 5564 5568 5567
f 5564 5561 5565 5568
o Box696
v 8.32915 7.29999 8.91776
v 10.2553 8.674 7.73715
v 9.17193 10.1149 7.64652
v 7.24577 8.74087 8.82713
v 8.39691 7.36247 9.10102
v 10.3231 8.73647 7.92041
v 9.23969 10.1773 7.82978
v 7.31353 8.80334 9.01038
f 5569 5570 5571 5572
f 5573 5574 5575 5576
f 5569 5570 5574 5573
f 5570 5571 5575 5574
f 5571 5572 5576 5575
f 5572 5569 5573 5576
o Box697
v 8.20409 7.62187 9.07043
v 10.0293 8.97907 8.04199
v 9.44994 9.6266 7.86821
v 7.62469 8.26941 8.89665
v 8.2041 7.62188 9.07045
v 10.0293 8.97908 8.04201
v 9.44994 9.62661 7.86823
v 7.6247 8.26941 8.89666
f 5577 5578 5579 5580
f 5581 5582 5583 5584
f 5577 5578 5582 5581
f 5578 5579 5583 5582
f 5579 5580 5584 5583
f 5580 5577 5581 5584
o Box698
v 8.87518 7.05691 8.86748
v 10.5387 8.21968 7.689
v 10.0744 8.96388 7.76782
v 8.41086 7.8011 8.9463
v 8.8752 7.05692 8.86751
v 10.5388 8.21969 7.68903
v 10.0744 8.96389 7.76786
v 8.41088 7.80111 8.94634
f 5585 5586 5587 5588
f 5589 5590 5591 5592
f 5585 5586 5590 5589
f 5586 5587 5591 5590
f 5587 5588 5592 5591
f 5588 5585 5589 5592
o Box699
v 7.91675 7.95068 8.9598
v 9.68275 9.36642 7.93804
v 9.05959 10.0465 7.80327
v 7.29359 8.63074 8.82504
v 7.91676 7.9507 8.95985
v 9.68276 9.36644 7.93808
v 9.05961 10.0465 7.80331
v 7.2936 8.63076 8.82508
f 5593 5594 5595 5596
f 5597 5598 5599 5600
f 5593 5594 5598 5597
f 5594 5595 5599 5598
f 5595 5596 5600 5599
f 5596 5593 5597 5600
o Box700
v 8.63435 7.44786 8.88456
v 10.2553 8.67399 7.73713
v 9.76448 9.44974 7.87272
v 8.14354 8.22361 9.02015
v 8.63437 7.44787 8.88459
v 10.2553 8.674 7.73715
v 9.76449 9.44974 7.87274
v 8.14355 8.22361 9.02018
f 5601 5602 5603 5604
f 5605 5606 5607 5608
f 5601 5602 5606 5605
f 5602 5603 5607 5606
f 5603 5604 5608 5607
f 5604 5601 5605 5608
o Box701
v 10.91 6.86212 5.86864
v 9.60315 5.77538 7.75604
v 9.80093 7.1652 8.69322
v 11.1078 8.25194 6.80581
v 10.7387 6.9373 5.7933
v 9.43182 5.85057 7.68071
v 9.62961 7.24039 8.61788
v 10.9364 8.32712 6.73048
f 5609 5610 5611 5612
f 5613 5614 5615 5616
f 5609 5610 5614 5613
f 5610 5611 5615 5614
f 5611 5612 5616 5615
f 5612 5609 5613 5616
o Box702
v 9.49334 5.79758 7.7692
v 10.9064 7.09111 6.41212
v 10.3634 8.85787 7.53074
v 8.95033 7.56435 8.88782
v 9.65772 5.7615 7.90598
v 11.0708 7.05503 6.5489
v 10.5278 8.8218 7.66752
v 9.11472 7.52827 9.0246
f 5617 5618 5619 5620
f 5621 5622 5623 5624
f 5617 5618 5622 5621
f 5618 5619 5623 5622
f 5619 5620 5624 5623
f 5620 5617 5621 5624
o Box703
v 10.7387 6.93728 5.79331
v 9.73388 5.82605 7.32107
v 9.95742 6.44164 7.91585
v 10.9622 7.55288 6.38808
v 10.7386 6.9373 5.7933
v 9.73385 5.82607 7.32106
v 9.95739 6.44166 7.91584
v 10.9622 7.5529 6.38807
f 5625 5626 5627 5628
f 5629 5630 5631 5632
f 5625 5626 5630 5629
f 5626 5627 5631 5630
f 5627 5628 5632 5631
f 5628 5625 5629 5632
o Box704
v 9.59141 6.32544 8.01635
v 10.8172 7.38148 6.59596
v 10.7858 8.1192 7.11742
v 9.5601 7.06317 8.53781
v 9.59142 6.32544 8.01636
v 10.8172 7.38147 6.59596
v 10.7858 8.1192 7.11743
v 9.56011 7.06317 8.53782
f 5633 5634 5635 5636
f 5637 5638 5639 5640
f 5633 5634 5638 5637
f 5634 5635 5639 5638
f 5635 5636 5640 5639
f 5636 5633 5637 5640
o Box705
v 11.0189 6.72229 6.39966
v 9.42228 5.71455 8.14297
v 9.24826 7.19141 8.8373
v 10.8449 8.19914 7.09399
v 10.8601 6.76133 6.27681
v 9.2635 5.7536 8.02013
v 9.08948 7.23046 8.71446
v 10.6861 8.23819 6.97114
f 5641 5642 5643 5644
f 5645 5646 5647 5648
f 5641 5642 5646 5645
f 5642 5643 5647 5646
f 5643 5644 5648 5647
f 5644 5641 5645 5648
o Box706
v 9.21203 6.88533 8.55631
v 10.6493 7.98462 7.27105
v 10.367 8.77962 7.63533
v 8.92973 7.68033 8.92059
v 9.21203 6.88533 8.55631
v 10.6493 7.98462 7.27105
v 10.367 8.77962 7.63533
v 8.92973 7.68033 8.92059
f 5649 5650 5651 5652
f 5653 5654 5655 5656
f 5649 5650 5654 5653
f 5650 5651 5655 5654
f 5651 5652 5656 5655
f 5652 5649 5653 5656
o Box707
v 9.63449 5.89085 7.75465
v 10.852 6.92189 6.2995
v 10.7962 7.65735 6.77389
v 9.57865 6.62631 8.22903
v 9.63453 5.89084 7.75467
v 10.8521 6.92188 6.29953
v 10.7962 7.65734 6.77391
v 9.57869 6.6263 8.22906
f 5657 5658 5659 5660
f 5661 5662 5663 5664
f 5657 5658 5662 5661
f 5658 5659 5663 5662
f 5659 5660 5664 5663
f 5660 5657 5661 5664
o Box708
v 9.37143 6.45665 8.41249
v 10.8242 7.50455 7.08371
v 10.5423 8.27835 7.38567
v 9.08947 7.23046 8.71445
v 9.37144 6.45665 8.4125
v 10.8242 7.50455 7.08372
v 10.5423 8.27835 7.38568
v 9.08948 7.23046 8.71446
f 5665 5666 5667 5668
f 5669 5670 5671 5672
f 5665 5666 5670 5669
f 5666 5667 5671 5670
f 5667 5668 5672 5671
f 5668 5665 5669 5672
o Box709
v 9.91627 7.33545 6.97452
v 11.9872 8.00458 4.90997
v 12.3147 10.2309 5.96006
v 10.2438 9.56176 8.0246
v 10.2525 7.15456 7.25316
v 12.3234 7.82369 5.18861
v 12.6509 10.05 6.2387
v 10.58 9.38088 8.30324
f 5673 5674 5675 5676
f 5677 5678 5679 5680
f 5673 5674 5678 5677
f 5674 5675 5679 5678
f 5675 5676 5680 5679
f 5676 5673 5677 5680
o Box710
v 9.8234 8.44727 7.91204
v 11.902 9.52991 6.8801
v 10.8415 11.4829 6.79301
v 8.76293 10.4003 7.82495
v 9.88485 8.48806 8.0786
v 11.9634 9.5707 7.04665
v 10.903 11.5237 6.95957
v 8.82438 10.4411 7.99151
f 5681 5682 5683 5684
f 5685 5686 5687 5688
f 5681 5682 5686 5685
f 5682 5683 5687 5686
f 5683 5684 5688 5687
f 5684 5681 5685 5688
o Box711
v 10.4357 7.19589 6.8128
v 12.1467 8.18923 5.56977
v 11.8729 10.0357 6.66845
v 10.1619 9.04238 7.91148
v 10.5787 7.13089 6.95768
v 12.2897 8.12423 5.71464
v 12.0159 9.97073 6.81332
v 10.3049 8.97739 8.05636
f 5689 5690 5691 5692
f 5693 5694 5695 5696
f 5689 5690 5694 5693
f 5690 5691 5695 5694
f 5691 5692 5696 5695
f 5692 5689 5693 5696
o Box712
v 10.3893 7.26065 6.72077
v 11.9959 8.06382 4.93792
v 12.3908 9.39965 5.89555
v 10.7842 8.59649 7.6784
v 10.5373 7.15535 6.80665
v 12.1439 7.95852 5.0238
v 12.5388 9.29435 5.98143
v 10.9322 8.49118 7.76429
f 5697 5698 5699 5700
f 5701 5702 5703 5704
f 5697 5698 5702 5701
f 5698 5699 5703 5702
f 5699 5700 5704 5703
f 5700 5697 5701 5704
o Box713
v 10.1791 7.19876 7.04925
v 12.0451 7.8712 5.42754
v 12.112 9.35959 6.12173
v 10.2461 8.68714 7.74345
v 10.3183 7.1309 7.1813
v 12.1843 7.80335 5.55958
v 12.2512 9.29173 6.25378
v 10.3853 8.61929 7.8755
f 5705 5706 5707 5708
f 5709 5710 5711 5712
f 5705 5706 5710 5709
f 5706 5707 5711 5710
f 5707 5708 5712 5711
f 5708 5705 5709 5712
o Box714
v 10.3123 8.32496 7.59205
v 12.0029 9.12404 6.41956
v 11.8501 9.95985 6.76892
v 10.1595 9.16078 7.9414
v 10.3123 8.32496 7.59207
v 12.0029 9.12403 6.41958
v 11.8501 9.95985 6.76894
v 10.1595 9.16077 7.94142
f 5713 5714 5715 5716
f 5717 5718 5719 5720
f 5713 5714 5718 5717
f 5714 5715 5719 5718
f 5715 5716 5720 5719
f 5716 5713 5717 5720
o Box715
v 10.3951 7.87322 7.45245
v 12.0954 8.61847 6.23882
v 11.9464 9.43239 6.52983
v 10.2461 8.68714 7.74345
v 10.3951 7.87322 7.45246
v 12.0955 8.61846 6.23884
v 11.9464 9.43238 6.52984
v 10.2461 8.68714 7.74347
f 5721 5722 5723 5724
f 5725 5726 5727 5728
f 5721 5722 5726 5725
f 5722 5723 5727 5726
f 5723 5724 5728 5727
f 5724 5721 5725 5728
o Box716
v 10.5898 7.26283 6.80393
v 12.0679 8.0342 5.45181
v 12.122 8.76832 5.92974
v 10.6439 7.99694 7.28186
v 10.5898 7.26282 6.80394
v 12.0679 8.03419 5.45182
v 12.122 8.76831 5.92975
v 10.6439 7.99693 7.28187
f 5729 5730 5731 5732
f 5733 5734 5735 5736
f 5729 5730 5734 5733
f 5730 5731 5735 5734
f 5731 5732 5736 5735
f 5732 5729 5733 5736
o Box717
v 10.6147 7.69829 7.06889
v 12.1017 8.49298 5.7505
v 12.1735 9.22656 6.27365
v 10.6865 8.43187 7.59204
v 10.6147 7.69826 7.06892
v 12.1017 8.49295 5.75053
v 12.1735 9.22653 6.27368
v 10.6865 8.43184 7.59207
f 5737 5738 5739 5740
f 5741 5742 5743 5744
f 5737 5738 5742 5741
f 5738 5739 5743 5742
f 5739 5740 5744 5743
f 5740 5737 5741 5744
o Box718
v 10.704 7.17508 6.37526
v 11.9959 8.06382 4.93792
v 12.2896 8.62979 5.55187
v 10.9977 7.74105 6.98922
v 10.704 7.17507 6.37527
v 11.9959 8.06381 4.93792
v 12.2897 8.62978 5.55187
v 10.9977 7.74104 6.98922
f 5745 5746 5747 5748
f 5749 5750 5751 5752
f 5745 5746 5750 5749
f 5746 5747 5751 5750
f 5747 5748 5752 5751
f 5748 5745 5749 5752
o Box719
v 9.61147 8.43035 7.94948
v 11.9318 9.28718 6.86698
v 11.3077 10.8454 6.76261
v 8.98737 9.98859 7.84511
v 9.68316 8.47154 8.13576
v 12.0035 9.32837 7.05326
v 11.3794 10.8866 6.94889
v 9.05906 10.0298 8.03139
f 5753 5754 5755 5756
f 5757 5758 5759 5760
f 5753 5754 5758 5757
f 5754 5755 5759 5758
f 5755 5756 5760 5759
f 5756 5753 5757 5760
o Box720
v 9.49447 8.9035 7.90624
v 11.7114 9.88088 6.86445
v 10.9244 11.5021 6.71057
v 8.70743 10.5247 7.75236
v 9.55981 8.95281 8.09154
v 11.7767 9.93019 7.04975
v 10.9897 11.5514 6.89588
v 8.77277 10.574 7.93767
f 5761 5762 5763 5764
f 5765 5766 5767 5768
f 5761 5762 5766 5765
f 5762 5763 5767 5766
f 5763 5764 5768 5767
f 5764 5761 5765 5768
o Box721
v 9.42201 9.24458 8.04915
v 11.5229 10.2263 7.15372
v 11.0883 10.9703 6.94966
v 8.98736 9.98858 7.84508
v 9.42202 9.24459 8.04918
v 11.5229 10.2264 7.15375
v 11.0883 10.9704 6.94968
v 8.98737 9.98859 7.84511
f 5769 5770 5771 5772
f 5773 5774 5775 5776
f 5769 5770 5774 5773
f 5770 5771 5775 5774
f 5771 5772 5776 5775
f 5772 5769 5773 5776
o Box722
v 9.98999 8.5605 7.88289
v 11.9066 9.38041 6.8301
v 11.5874 10.1988 6.88619
v 9.67072 9.37884 7.93898
v 9.99003 8.5605 7.88297
v 11.9067 9.38042 6.83018
v 11.5874 10.1988 6.88627
v 9.67076 9.37885 7.93906
f 5777 5778 5779 5780
f 5781 5782 5783 5784
f 5777 5778 5782 5781
f 5778 5779 5783 5782
f 5779 5780 5784 5783
f 5780 5777 5781 5784
o Box723
v 9.21011 9.62182 7.92553
v 11.2624 10.6722 7.0314
v 10.7869 11.4552 6.85962
v 8.73453 10.4049 7.75376
v 9.21012 9.62183 7.92557
v 11.2625 10.6722 7.03144
v 10.7869 11.4552 6.85966
v 8.73454 10.4049 7.7538
f 5785 5786 5787 5788
f 5789 5790 5791 5792
f 5785 5786 5790 5789
f 5786 5787 5791 5790
f 5787 5788 5792 5791
f 5788 5785 5789 5792
o Box724
v 9.82788 8.99039 7.89035
v 11.7114 9.88087 6.86441
v 11.3658 10.7352 6.9715
v 9.48231 9.84471 7.99744
v 9.8279 8.9904 7.89039
v 11.7114 9.88088 6.86445
v 11.3658 10.7352 6.97153
v 9.48233 9.84471 7.99747
f 5793 5794 5795 5796
f 5797 5798 5799 5800
f 5793 5794 5798 5797
f 5794 5795 5799 5798
f 5795 5796 5800 5799
f 5796 5793 5797 5800
o Box725
v 9.08246 8.47565 6.17399
v 8.68499 14.5987 3.18895
v 15.0212 14.5998 2.3475
v 15.4186 8.47674 5.33254
v 8.69424 7.0244 3.24881
v 8.29677 13.1475 0.26377
v 14.6329 13.1486 -0.577686
v 15.0304 7.02549 2.40736
f 5801 5802 5803 5804
f 5805 5806 5807 5808
f 5801 5802 5806 5805
f 5802 5803 5807 5806
f 5803 5804 5808 5807
f 5804 5801 5805 5808
o Box726
v 8.3497 11.5358 3.45373
v 12.649 7.32925 4.95808
v 16.9828 10.9352 2.65573
v 12.6835 15.1418 1.15137
v 8.72068 12.9654 6.39105
v 13.02 8.75884 7.8954
v 17.3538 12.3648 5.59305
v 13.0545 16.5714 4.08869
f 5809 5810 5811 5812
f 5813 5814 5815 5816
f 5809 5810 5814 5813
f 5810 5811 5815 5814
f 5811 5812 5816 5815
f 5812 5809 5813 5816
o Box727
v 9.31512 10.3861 1.36817
v 14.454 11.601 0.923598
v 15.3715 9.41069 5.54314
v 10.2326 8.19579 5.98771
v 9.57974 9.00857 0.662477
v 14.7186 10.2235 0.217908
v 15.6361 8.03317 4.83745
v 10.4972 6.81827 5.28202
f 5817 5818 5819 5820
f 5821 5822 5823 5824
f 5817 5818 5822 5821
f 5818 5819 5823 5822
f 5819 5820 5824 5823
f 5820 5817 5821 5824
o Box728
v 9.21613 8.69297 1.48357
v 14.4014 10.5671 -0.250595
v 13.3143 14.8651 1.14378
v 8.12905 12.991 2.87794
v 9.7568 8.4059 2.78996
v 14.942 10.28 1.05579
v 13.855 14.578 2.45016
v 8.66971 12.7039 4.18433
f 5825 5826 5827 5828
f 5829 5830 5831 5832
f 5825 5826 5830 5829
f 5826 5827 5831 5830
f 5827 5828 5832 5831
f 5828 5825 5829 5832
o Box729
v 9.6082 9.41275 0.555099
v 10.3609 6.65714 4.89183
v 13.858 7.58779 4.87619
v 13.1053 10.3434 0.53946
v 9.26889 10.7025 1.43354
v 10.0216 7.94693 5.77027
v 13.5187 8.87758 5.75463
v 12.7659 11.6332 1.4179
f 5833 5834 5835 5836
f 5837 5838 5839 5840
f 5833 5834 5838 5837
f 5834 5835 5839 5838
f 5835 5836 5840 5839
f 5836 5833 5837 5840
o Box730
v 13.4976 9.52798 0.260653
v 10.9328 7.91283 4.1901
v 13.6021 8.23177 6.06351
v 16.1669 9.84692 2.13406
v 13.2849 10.288 0.434243
v 10.7201 8.6728 4.36369
v 13.3895 8.99174 6.2371
v 15.9543 10.6069 2.30765
f 5841 5842 5843 5844
f 5845 5846 5847 5848
f 5841 5842 5846 5845
f 5842 5843 5847 5846
f 5843 5844 5848 5847
f 5844 5841 5845 5848
o Box731
v 11.7435 7.49266 3.19478
v 13.5463 9.59509 1.64255
v 10.9301 11.0967 0.638074
v 9.12733 8.99432 2.1903
v 11.7512 7.69788 3.48163
v 13.5539 9.80031 1.92941
v 10.9377 11.302 0.924925
v 9.13499 9.19954 2.47715
f 5849 5850 5851 5852
f 5853 5854 5855 5856
f 5849 5850 5854 5853
f 5850 5851 5855 5854
f 5851 5852 5856 5855
f 5852 5849 5853 5856
o Box732
v 12.2211 8.33475 1.83894
v 10.6824 7.28706 4.42468
v 12.5114 8.20554 5.88528
v 14.0502 9.25323 3.29953
v 12.0024 8.72559 1.86712
v 10.4636 7.6779 4.45286
v 12.2927 8.59638 5.91345
v 13.8314 9.64408 3.32771
f 5857 5858 5859 5860
f 5861 5862 5863 5864
f 5857 5858 5862 5861
f 5858 5859 5863 5862
f 5859 5860 5864 5863
f 5860 5857 5861 5864
o Box733
v 11.5646 7.57528 3.18781
v 13.4896 9.39284 1.79996
v 11.16 10.9843 0.65293
v 9.23502 9.16673 2.04078
v 11.5699 7.80562 3.49675
v 13.4949 9.62319 2.1089
v 11.1652 11.2146 0.961872
v 9.24026 9.39708 2.34972
f 5865 5866 5867 5868
f 5869 5870 5871 5872
f 5865 5866 5870 5869
f 5866 5867 5871 5870
f 5867 5868 5872 5871
f 5868 5865 5869 5872
o Box734
v 9.88128 8.9306 2.46771
v 11.5906 10.9241 1.17131
v 12.9119 10.0105 1.50866
v 11.2025 8.01703 2.80506
v 9.85982 8.83461 2.29183
v 11.5691 10.8281 0.995428
v 12.8904 9.9145 1.33277
v 11.1811 7.92105 2.62917
f 5873 5874 5875 5876
f 5877 5878 5879 5880
f 5873 5874 5878 5877
f 5874 5875 5879 5878
f 5875 5876 5880 5879
f 5876 5873 5877 5880
o Box735
v 11.2644 7.84943 3.14334
v 12.8959 9.5495 1.71637
v 11.4701 10.2643 0.937809
v 9.83863 8.56421 2.36477
v 11.252 7.98441 3.28997
v 12.8835 9.68447 1.86301
v 11.4577 10.3993 1.08444
v 9.82623 8.69919 2.5114
f 5881 5882 5883 5884
f 5885 5886 5887 5888
f 5881 5882 5886 5885
f 5882 5883 5887 5886
f 5883 5884 5888 5887
f 5884 5881 5885 5888
o Box736
v 9.72735 7.69339 3.10316
v 12.9548 7.87401 2.88547
v 12.6526 10.7841 0.81887
v 9.42509 10.6034 1.03655
v 9.73531 7.89953 3.39227
v 12.9628 8.08016 3.17458
v 12.6605 10.9902 1.10798
v 9.43306 10.8096 1.32566
f 5889 5890 5891 5892
f 5893 5894 5895 5896
f 5889 5890 5894 5893
f 5890 5891 5895 5894
f 5891 5892 5896 5895
f 5892 5889 5893 5896
o Box737
v 10.5619 8.23433 2.74336
v 12.0414 9.56602 1.48414
v 12.7316 9.31612 2.03076
v 11.252 7.98443 3.28998
v 10.5619 8.23431 2.74334
v 12.0414 9.566 1.48412
v 12.7316 9.3161 2.03075
v 11.252 7.98441 3.28997
f 5897 5898 5899 5900
f 5901 5902 5903 5904
f 5897 5898 5902 5901
f 5898 5899 5903 5902
f 5899 5900 5904 5903
f 5900 5897 5901 5904
o Box738
v 10.6983 8.34318 2.64165
v 12.3064 9.88706 1.49278
v 11.5992 10.3693 1.15076
v 9.99098 8.8254 2.29962
v 10.6983 8.34318 2.64166
v 12.3064 9.88706 1.49279
v 11.5992 10.3693 1.15077
v 9.99098 8.8254 2.29963
f 5905 5906 5907 5908
f 5909 5910 5911 5912
f 5905 5906 5910 5909
f 5906 5907 5911 5910
f 5907 5908 5912 5911
f 5908 5905 5909 5912
o Box739
v 10.1092 8.9219 2.22478
v 11.8923 10.6303 1.2067
v 11.2315 11.2737 1.12916
v 9.44844 9.56534 2.14724
v 10.1092 8.92191 2.2248
v 11.8923 10.6303 1.20672
v 11.2315 11.2737 1.12918
v 9.44845 9.56535 2.14726
f 5913 5914 5915 5916
f 5917 5918 5919 5920
f 5913 5914 5918 5917
f 5914 5915 5919 5918
f 5915 5916 5920 5919
f 5916 5913 5917 5920
o Box740
v 11.67 7.83554 3.58865
v 13.0956 9.18827 2.26775
v 12.4334 9.42407 1.7946
v 11.0079 8.07134 3.11551
v 11.67 7.83555 3.58867
v 13.0956 9.18828 2.26776
v 12.4334 9.42409 1.79462
v 11.0079 8.07135 3.11552
f 5921 5922 5923 5924
f 5925 5926 5927 5928
f 5921 5922 5926 5925
f 5922 5923 5927 5926
f 5923 5924 5928 5927
f 5924 5921 5925 5928
o Box741
v 11.114 8.0682 2.81402
v 12.6616 9.6586 1.61826
v 11.9904 10.1025 1.33997
v 10.4428 8.51212 2.53574
v 11.114 8.06821 2.81403
v 12.6616 9.65861 1.61826
v 11.9904 10.1025 1.33998
v 10.4428 8.51212 2.53575
f 5929 5930 5931 5932
f 5933 5934 5935 5936
f 5929 5930 5934 5933
f 5930 5931 5935 5934
f 5931 5932 5936 5935
f 5932 5929 5933 5936
o Box742
v 9.86205 9.1558 2.21167
v 11.5906 10.9241 1.17134
v 12.2155 10.3327 1.20453
v 10.4869 8.56449 2.24486
v 9.86205 9.15579 2.21164
v 11.5906 10.9241 1.17131
v 12.2155 10.3327 1.2045
v 10.4869 8.56448 2.24483
f 5937 5938 5939 5940
f 5941 5942 5943 5944
f 5937 5938 5942 5941
f 5938 5939 5943 5942
f 5939 5940 5944 5943
f 5940 5937 5941 5944
o Box743
v 11.1122 7.90675 3.38944
v 12.5994 8.97875 2.16391
v 13.4327 8.95357 3.15314
v 11.9455 7.88158 4.37867
v 11.1171 7.89489 3.38501
v 12.6043 8.96688 2.15948
v 13.4376 8.94171 3.14871
v 11.9504 7.86971 4.37424
f 5945 5946 5947 5948
f 5949 5950 5951 5952
f 5945 5946 5950 5949
f 5946 5947 5951 5950
f 5947 5948 5952 5951
f 5948 5945 5949 5952
o Box744
v 12.9123 8.32448 2.82242
v 11.2867 7.5588 4.62759
v 12.2093 8.33341 5.78698
v 13.8349 9.09909 3.98181
v 12.8047 8.49156 2.79641
v 11.1791 7.72588 4.60158
v 12.1017 8.50049 5.76096
v 13.7273 9.26617 3.9558
f 5953 5954 5955 5956
f 5957 5958 5959 5960
f 5953 5954 5958 5957
f 5954 5955 5959 5958
f 5955 5956 5960 5959
f 5956 5953 5957 5960
o Box745
v 11.0906 7.86892 3.42529
v 12.5066 8.95884 2.08964
v 13.1197 8.97881 2.7559
v 11.7037 7.88889 4.09155
v 11.0906 7.86888 3.42528
v 12.5066 8.9588 2.08962
v 13.1197 8.97877 2.75589
v 11.7037 7.88885 4.09154
f 5961 5962 5963 5964
f 5965 5966 5967 5968
f 5961 5962 5966 5965
f 5962 5963 5967 5966
f 5963 5964 5968 5967
f 5964 5961 5965 5968
o Box746
v 11.4853 7.88625 3.87305
v 12.8661 8.97055 2.48037
v 13.4671 8.97781 3.08186
v 12.0863 7.89352 4.47454
v 11.4853 7.88624 3.87305
v 12.8661 8.97054 2.48037
v 13.4671 8.9778 3.08186
v 12.0863 7.89351 4.47454
f 5969 5970 5971 5972
f 5973 5974 5975 5976
f 5969 5970 5974 5973
f 5970 5971 5975 5974
f 5971 5972 5976 5975
f 5972 5969 5973 5976
o Box747
v 11.5112 7.77798 4.25808
v 12.9414 8.62111 2.89612
v 13.429 8.91125 3.58775
v 11.9988 8.06812 4.94972
v 11.5112 7.77797 4.25808
v 12.9414 8.6211 2.89612
v 13.429 8.91123 3.58775
v 11.9988 8.0681 4.94972
f 5977 5978 5979 5980
f 5981 5982 5983 5984
f 5977 5978 5982 5981
f 5978 5979 5983 5982
f 5979 5980 5984 5983
f 5980 5977 5981 5984
o Box748
v 11.7719 7.97202 5.13281
v 13.2953 8.59617 3.8077
v 13.6252 9.12465 4.43585
v 12.1017 8.5005 5.76096
v 11.7719 7.97201 5.13281
v 13.2953 8.59616 3.8077
v 13.6252 9.12464 4.43585
v 12.1017 8.50049 5.76096
f 5985 5986 5987 5988
f 5989 5990 5991 5992
f 5985 5986 5990 5989
f 5986 5987 5991 5990
f 5987 5988 5992 5991
f 5988 5985 5989 5992
o Box749
v 11.8281 9.18159 2.29336
v 13.9277 10.2749 0.597688
v 15.9936 9.95564 2.95002
v 13.894 8.86237 4.64568
v 11.9142 8.82326 2.16904
v 14.0139 9.91653 0.473371
v 16.0798 9.59731 2.8257
v 13.9802 8.50404 4.52137
f 5993 5994 5995 5996
f 5997 5998 5999 6000
f 5993 5994 5998 5997
f 5994 5995 5999 5998
f 5995 5996 6000 5999
f 5996 5993 5997 6000
o Box750
v 11.5576 8.23977 4.38518
v 14.6894 9.47211 2.31267
v 15.4514 10.0545 3.8105
v 12.3197 8.82215 5.88301
v 11.7382 7.86896 4.4375
v 14.8699 9.1013 2.36499
v 15.632 9.68367 3.86282
v 12.5002 8.45134 5.93533
f 6001 6002 6003 6004
f 6005 6006 6007 6008
f 6001 6002 6006 6005
f 6002 6003 6007 6006
f 6003 6004 6008 6007
f 6004 6001 6005 6008
o Box751
v 12.415 9.43756 1.75208
v 14.4102 10.144 1.1106
v 15.3999 9.59619 3.58559
v 13.4046 8.88972 4.22706
v 12.4991 9.10202 1.64417
v 14.4943 9.80849 1.0027
v 15.484 9.26065 3.47768
v 13.4888 8.55419 4.11915
f 6009 6010 6011 6012
f 6013 6014 6015 6016
f 6009 6010 6014 6013
f 6010 6011 6015 6014
f 6011 6012 6016 6015
f 6012 6009 6013 6016
o Box752
v 12.5701 9.01836 2.6976
v 14.4137 10.13 1.10611
v 15.5562 9.81249 2.20776
v 13.7126 8.70082 3.79925
v 12.6031 8.84159 2.61239
v 14.4467 9.95327 1.0209
v 15.5892 9.63572 2.12255
v 13.7456 8.52404 3.71404
f 6017 6018 6019 6020
f 6021 6022 6023 6024
f 6017 6018 6022 6021
f 6018 6019 6023 6022
f 6019 6020 6024 6023
f 6020 6017 6021 6024
o Box753
v 12.0471 9.27055 2.11776
v 13.9441 10.3555 0.662132
v 15.1335 9.88156 1.85893
v 13.2364 8.79664 3.31456
v 12.0731 9.09952 2.02419
v 13.9701 10.1844 0.568561
v 15.1595 9.71053 1.76536
v 13.2624 8.62561 3.22099
f 6025 6026 6027 6028
f 6029 6030 6031 6032
f 6025 6026 6030 6029
f 6026 6027 6031 6030
f 6027 6028 6032 6031
f 6028 6025 6029 6032
o Box754
v 13.3229 8.85911 3.93537
v 14.9728 9.38592 2.68974
v 15.4498 9.55926 3.39484
v 13.7998 9.03245 4.64047
v 13.3229 8.85909 3.93537
v 14.9729 9.3859 2.68974
v 15.4498 9.55924 3.39484
v 13.7998 9.03243 4.64047
f 6033 6034 6035 6036
f 6037 6038 6039 6040
f 6033 6034 6038 6037
f 6034 6035 6039 6038
f 6035 6036 6040 6039
f 6036 6033 6037 6040
o Box755
v 12.693 8.89124 2.60184
v 14.3886 9.66817 1.41221
v 14.932 9.57357 2.12494
v 13.2364 8.79664 3.31456
v 12.693 8.89122 2.60183
v 14.3886 9.66815 1.41221
v 14.932 9.57355 2.12493
v 13.2364 8.79662 3.31455
f 6041 6042 6043 6044
f 6045 6046 6047 6048
f 6041 6042 6046 6045
f 6042 6043 6047 6046
f 6043 6044 6048 6047
f 6044 6041 6045 6048
o Box756
v 12.2899 9.34475 1.88337
v 14.0897 10.3405 0.770416
v 14.6659 9.96628 1.36742
v 12.8661 8.97055 2.48037
v 12.2899 9.34469 1.88333
v 14.0897 10.3404 0.770378
v 14.6659 9.96622 1.36738
v 12.8661 8.9705 2.48033
f 6049 6050 6051 6052
f 6053 6054 6055 6056
f 6049 6050 6054 6053
f 6050 6051 6055 6054
f 6051 6052 6056 6055
f 6052 6049 6053 6056
o Box757
v 13.0381 8.83329 3.07245
v 14.7041 9.61325 1.82608
v 15.2448 9.51329 2.48628
v 13.5788 8.73333 3.73265
v 13.0381 8.83324 3.07244
v 14.7041 9.6132 1.82607
v 15.2448 9.51324 2.48626
v 13.5788 8.73328 3.73263
f 6057 6058 6059 6060
f 6061 6062 6063 6064
f 6057 6058 6062 6061
f 6058 6059 6063 6062
f 6059 6060 6064 6063
f 6060 6057 6061 6064
o Box758
v 12.6553 9.10311 2.28071
v 14.4137 10.1301 1.10612
v 14.9796 9.77417 1.64211
v 13.2212 8.74723 2.81671
v 12.6553 9.10306 2.28068
v 14.4137 10.13 1.10608
v 14.9796 9.77412 1.64207
v 13.2212 8.74718 2.81667
f 6065 6066 6067 6068
f 6069 6070 6071 6072
f 6065 6066 6070 6069
f 6066 6067 6071 6070
f 6067 6068 6072 6071
f 6068 6065 6069 6072
o Box759
v 11.8174 7.97242 4.70857
v 13.2364 8.79664 3.31456
v 13.7296 9.05696 3.97052
v 12.3107 8.23275 5.36453
v 11.8174 7.97241 4.70856
v 13.2364 8.79663 3.31456
v 13.7296 9.05695 3.97052
v 12.3107 8.23274 5.36453
f 6073 6074 6075 6076
f 6077 6078 6079 6080
f 6073 6074 6078 6077
f 6074 6075 6079 6078
f 6075 6076 6080 6079
f 6076 6073 6077 6080
o Box760
v 12.6702 8.74063 3.77489
v 14.5403 9.16806 2.13851
v 15.4939 9.76276 3.38359
v 13.6238 9.33532 5.01997
v 12.7405 8.55908 3.80778
v 14.6106 8.98652 2.1714
v 15.5641 9.58121 3.41648
v 13.6941 9.15377 5.05286
f 6081 6082 6083 6084
f 6085 6086 6087 6088
f 6081 6082 6086 6085
f 6082 6083 6087 6086
f 6083 6084 6088 6087
f 6084 6081 6085 6088
o Box761
v 13.2566 8.87829 4.3639
v 14.9616 9.19436 3.18939
v 15.3288 9.6514 3.84546
v 13.6238 9.33533 5.01996
v 13.2566 8.87828 4.3639
v 14.9616 9.19435 3.1894
v 15.3288 9.65139 3.84546
v 13.6238 9.33532 5.01997
f 6089 6090 6091 6092
f 6093 6094 6095 6096
f 6089 6090 6094 6093
f 6090 6091 6095 6094
f 6091 6092 6096 6095
f 6092 6089 6093 6096
o Box762
v 13.0288 8.72917 3.46628
v 14.6905 9.26942 2.25162
v 15.1612 9.46359 2.98189
v 13.4995 8.92333 4.19655
v 13.0288 8.72916 3.46628
v 14.6905 9.26941 2.25162
v 15.1612 9.46357 2.98189
v 13.4995 8.92332 4.19655
f 6097 6098 6099 6100
f 6101 6102 6103 6104
f 6097 6098 6102 6101
f 6098 6099 6103 6102
f 6099 6100 6104 6103
f 6100 6097 6101 6104
o Box763
v 8.48312 11.1331 3.88739
v 11.1303 13.742 3.31607
v 12.678 11.7107 1.21169
v 10.0308 9.10183 1.783
v 8.06723 11.4261 3.29865
v 10.7144 14.035 2.72733
v 12.2621 12.0038 0.622942
v 9.61488 9.3949 1.19426
f 6105 6106 6107 6108
f 6109 6110 6111 6112
f 6105 6106 6110 6109
f 6106 6107 6111 6110
f 6107 6108 6112 6111
f 6108 6105 6109 6112
o Box764
v 10.1427 10.3888 3.07377
v 12.2129 15.247 3.11716
v 16.0651 13.6196 1.53838
v 13.9949 8.76137 1.49499
v 9.64386 10.6143 1.62422
v 11.7141 15.4725 1.66761
v 15.5663 13.8451 0.0888264
v 13.4961 8.98687 0.0454383
f 6113 6114 6115 6116
f 6117 6118 6119 6120
f 6113 6114 6118 6117
f 6114 6115 6119 6118
f 6115 6116 6120 6119
f 6116 6113 6117 6120
o Box765
v 9.47815 9.55557 1.71197
v 11.8609 11.3054 0.780073
v 10.7662 13.5675 2.22848
v 8.38342 11.8177 3.16037
v 9.67805 9.45089 2.02653
v 12.0608 11.2007 1.09464
v 10.9661 13.4628 2.54304
v 8.58331 11.713 3.47493
f 6121 6122 6123 6124
f 6125 6126 6127 6128
f 6121 6122 6126 6125
f 6122 6123 6127 6126
f 6123 6124 6128 6127
f 6124 6121 6125 6128
o Box766
v 9.1523 10.228 1.50728
v 11.7884 12.4971 1.02275
v 10.9574 13.8771 2.96431
v 8.32128 11.608 3.44883
v 9.39203 10.0052 1.76824
v 12.0281 12.2743 1.28371
v 11.1971 13.6543 3.22527
v 8.56101 11.3853 3.7098
f 6129 6130 6131 6132
f 6133 6134 6135 6136
f 6129 6130 6134 6133
f 6130 6131 6135 6134
f 6131 6132 6136 6135
f 6132 6129 6133 6136
o Box767
v 8.35661 11.3806 3.61515
v 10.7921 13.6928 2.90809
v 11.9915 11.963 1.38263
v 9.55594 9.6508 2.08968
v 8.13231 11.516 3.28528
v 10.5678 13.8282 2.57822
v 11.7672 12.0984 1.05276
v 9.33164 9.78619 1.75981
f 6137 6138 6139 6140
f 6141 6142 6143 6144
f 6137 6138 6142 6141
f 6138 6139 6143 6142
f 6139 6140 6144 6143
f 6140 6137 6141 6144
o Box768
v 9.86525 9.26413 1.95092
v 11.8076 11.1328 1.07326
v 11.2822 11.7896 1.30895
v 9.33987 9.92091 2.18661
v 9.86525 9.26413 1.95094
v 11.8076 11.1328 1.07328
v 11.2822 11.7896 1.30896
v 9.33987 9.92091 2.18663
f 6145 6146 6147 6148
f 6149 6150 6151 6152
f 6145 6146 6150 6149
f 6146 6147 6151 6150
f 6147 6148 6152 6151
f 6148 6145 6149 6152
o Box769
v 9.55593 9.6508 2.08966
v 11.5386 11.4616 1.21143
v 10.9828 12.1726 1.42284
v 9.00019 10.3618 2.30108
v 9.55594 9.6508 2.08968
v 11.5386 11.4616 1.21145
v 10.9828 12.1726 1.42286
v 9.0002 10.3618 2.30109
f 6153 6154 6155 6156
f 6157 6158 6159 6160
f 6153 6154 6158 6157
f 6154 6155 6159 6158
f 6155 6156 6160 6159
f 6156 6153 6157 6160
o Box770
v 8.99176 10.5322 2.11333
v 11.4006 12.5218 1.4422
v 10.7935 13.6758 2.6845
v 8.38473 11.6863 3.35564
v 9.10514 10.4419 2.25261
v 11.5139 12.4315 1.58148
v 10.9069 13.5855 2.82378
v 8.49811 11.596 3.49491
f 6161 6162 6163 6164
f 6165 6166 6167 6168
f 6161 6162 6166 6165
f 6162 6163 6167 6166
f 6163 6164 6168 6167
f 6164 6161 6165 6168
o Box771
v 9.10513 10.4419 2.25258
v 11.2895 12.2823 1.51189
v 10.8843 12.9587 1.99785
v 8.70001 11.1184 2.73854
v 9.10515 10.4419 2.25261
v 11.2895 12.2823 1.51191
v 10.8844 12.9587 1.99787
v 8.70003 11.1184 2.73857
f 6169 6170 6171 6172
f 6173 6174 6175 6176
f 6169 6170 6174 6173
f 6170 6171 6175 6174
f 6171 6172 6176 6175
f 6172 6169 6173 6176
o Box772
v 8.81121 11.1999 2.69392
v 11.1773 12.992 2.07607
v 10.9496 13.5374 2.78594
v 8.58351 11.7453 3.40379
v 8.81121 11.1999 2.69393
v 11.1773 12.992 2.07607
v 10.9496 13.5374 2.78594
v 8.58352 11.7452 3.40379
f 6177 6178 6179 6180
f 6181 6182 6183 6184
f 6177 6178 6182 6181
f 6178 6179 6183 6182
f 6179 6180 6184 6183
f 6180 6177 6181 6184
o Box773
v 9.32415 10.0812 1.96844
v 11.4842 11.9658 1.24091
v 11.1024 12.5947 1.73633
v 8.94233 10.7101 2.46386
v 9.32416 10.0812 1.96846
v 11.4842 11.9658 1.24093
v 11.1024 12.5947 1.73635
v 8.94234 10.7101 2.46388
f 6185 6186 6187 6188
f 6189 6190 6191 6192
f 6185 6186 6190 6189
f 6186 6187 6191 6190
f 6187 6188 6192 6191
f 6188 6185 6189 6192
o Box774
v 8.81858 11.0343 2.13355
v 11.392 12.9409 1.60397
v 11.0811 13.7844 3.12971
v 8.50764 11.8778 3.65929
v 8.93462 10.9042 2.22911
v 11.5081 12.8108 1.69953
v 11.1971 13.6543 3.22527
v 8.62368 11.7477 3.75485
f 6193 6194 6195 6196
f 6197 6198 6199 6200
f 6193 6194 6198 6197
f 6194 6195 6199 6198
f 6195 6196 6200 6199
f 6196 6193 6197 6200
o Box775
v 8.92855 10.9153 2.29553
v 11.2825 12.7339 1.68999
v 11.0728 13.2423 2.40185
v 8.71887 11.4238 3.00738
v 8.92856 10.9153 2.29553
v 11.2825 12.7338 1.69
v 11.0728 13.2423 2.40185
v 8.71887 11.4238 3.00739
f 6201 6202 6203 6204
f 6205 6206 6207 6208
f 6201 6202 6206 6205
f 6202 6203 6207 6206
f 6203 6204 6208 6207
f 6204 6201 6205 6208
o Box776
v 8.72548 11.6642 2.89209
v 11.2261 13.3454 2.36983
v 11.1971 13.6543 3.22527
v 8.69646 11.9731 3.74753
v 8.72549 11.6641 2.89209
v 11.2261 13.3454 2.36983
v 11.1971 13.6543 3.22527
v 8.69646 11.9731 3.74754
f 6209 6210 6211 6212
f 6213 6214 6215 6216
f 6209 6210 6214 6213
f 6210 6211 6215 6214
f 6211 6212 6216 6215
f 6212 6209 6213 6216
o Box777
v 12.6738 8.90427 1.52812
v 15.1454 10.5845 0.480558
v 13.2849 13.1071 0.137164
v 10.8133 11.4269 1.18472
v 12.7454 9.00113 1.85218
v 15.2169 10.6814 0.80462
v 13.3564 13.204 0.461226
v 10.8848 11.5237 1.50879
f 6217 6218 6219 6220
f 6221 6222 6223 6224
f 6217 6218 6222 6221
f 6218 6219 6223 6222
f 6219 6220 6224 6223
f 6220 6217 6221 6224
o Box778
v 11.3065 11.5815 0.681572
v 14.2997 13.1575 0.274624
v 13.6706 14.83 2.12488
v 10.6774 13.254 2.53183
v 11.4965 11.3023 0.998523
v 14.4898 12.8784 0.591575
v 13.8607 14.5509 2.44183
v 10.8674 12.9748 2.84878
f 6225 6226 6227 6228
f 6229 6230 6231 6232
f 6225 6226 6230 6229
f 6226 6227 6231 6230
f 6227 6228 6232 6231
f 6228 6225 6229 6232
o Box779
v 12.3397 9.3234 1.40417
v 14.7838 11.223 0.32745
v 13.1638 13.2339 0.197948
v 10.7197 11.3342 1.27467
v 12.4334 9.42407 1.7946
v 14.8775 11.3237 0.717884
v 13.2576 13.3345 0.588382
v 10.8135 11.4349 1.6651
f 6233 6234 6235 6236
f 6237 6238 6239 6240
f 6233 6234 6238 6237
f 6234 6235 6239 6238
f 6235 6236 6240 6239
f 6236 6233 6237 6240
o Box780
v 12.9461 8.74436 1.57818
v 15.2958 10.8981 0.380425
v 13.5236 12.6859 0.118321
v 11.1738 10.5321 1.31608
v 13.0228 8.87759 1.96823
v 15.3726 11.0314 0.770474
v 13.6003 12.8191 0.50837
v 11.2506 10.6653 1.70613
f 6241 6242 6243 6244
f 6245 6246 6247 6248
f 6241 6242 6246 6245
f 6242 6243 6247 6246
f 6243 6244 6248 6247
f 6244 6241 6245 6248
o Box781
v 12.4334 9.42407 1.7946
v 14.3917 10.6002 0.794159
v 13.8274 11.2058 0.401516
v 11.8691 10.0297 1.40195
v 12.4334 9.42408 1.7946
v 14.3917 10.6002 0.794166
v 13.8274 11.2058 0.401523
v 11.8691 10.0297 1.40196
f 6249 6250 6251 6252
f 6253 6254 6255 6256
f 6249 6250 6254 6253
f 6250 6251 6255 6254
f 6251 6252 6256 6255
f 6252 6249 6253 6256
o Box782
v 11.9351 10.0844 1.15098
v 14.3388 11.6177 0.300614
v 13.4037 13.1537 0.42702
v 11 11.6204 1.27739
v 11.9904 10.1025 1.33997
v 14.3941 11.6359 0.489606
v 13.459 13.1718 0.616013
v 11.0553 11.6385 1.46638
f 6257 6258 6259 6260
f 6261 6262 6263 6264
f 6257 6258 6262 6261
f 6258 6259 6263 6262
f 6259 6260 6264 6263
f 6260 6257 6261 6264
o Box783
v 11.9904 10.1025 1.33996
v 14.1407 11.407 0.474345
v 13.6321 12.1625 0.349482
v 11.4818 10.8581 1.2151
v 11.9904 10.1025 1.33997
v 14.1407 11.407 0.474354
v 13.6321 12.1625 0.349492
v 11.4818 10.8581 1.21511
f 6265 6266 6267 6268
f 6269 6270 6271 6272
f 6265 6266 6270 6269
f 6266 6267 6271 6270
f 6267 6268 6272 6271
f 6268 6265 6269 6272
o Box784
v 11.5906 10.9241 1.1713
v 13.9436 12.2943 0.451296
v 13.528 13.0974 0.62174
v 11.1751 11.7272 1.34174
v 11.5906 10.9241 1.17131
v 13.9436 12.2943 0.45131
v 13.5281 13.0974 0.621754
v 11.1751 11.7272 1.34175
f 6273 6274 6275 6276
f 6277 6278 6279 6280
f 6273 6274 6278 6277
f 6274 6275 6279 6278
f 6275 6276 6280 6279
f 6276 6273 6277 6280
o Box785
v 12.7725 9.07458 2.00368
v 14.6875 10.3061 0.956346
v 14.1366 10.874 0.616655
v 12.2216 9.6424 1.66399
v 12.7725 9.07458 2.00369
v 14.6875 10.3061 0.956351
v 14.1366 10.874 0.616659
v 12.2216 9.64241 1.664
f 6281 6282 6283 6284
f 6285 6286 6287 6288
f 6281 6282 6286 6285
f 6282 6283 6287 6286
f 6283 6284 6288 6287
f 6284 6281 6285 6288
o Box786
v 12.2886 9.58726 1.17357
v 14.6579 11.2424 0.293341
v 13.6993 12.639 0.339265
v 11.33 10.9839 1.21949
v 12.3396 9.61598 1.36487
v 14.7089 11.2711 0.484638
v 13.7503 12.6678 0.530561
v 11.381 11.0126 1.41079
f 6289 6290 6291 6292
f 6293 6294 6295 6296
f 6289 6290 6294 6293
f 6290 6291 6295 6294
f 6291 6292 6296 6295
f 6292 6289 6293 6296
o Box787
v 12.2886 9.67661 1.3929
v 14.4026 11.0463 0.504909
v 13.9062 11.7553 0.416775
v 11.7922 10.3856 1.30477
v 12.2886 9.67661 1.39292
v 14.4026 11.0463 0.504923
v 13.9062 11.7553 0.416789
v 11.7922 10.3856 1.30478
f 6297 6298 6299 6300
f 6301 6302 6303 6304
f 6297 6298 6302 6301
f 6298 6299 6303 6302
f 6299 6300 6304 6303
f 6300 6297 6301 6304
o Box788
v 11.8285 10.48 1.05932
v 14.1568 11.9092 0.339248
v 13.7503 12.6678 0.53056
v 11.4221 11.2386 1.25064
v 11.8285 10.48 1.05934
v 14.1568 11.9092 0.339262
v 13.7503 12.6678 0.530574
v 11.4221 11.2386 1.25065
f 6305 6306 6307 6308
f 6309 6310 6311 6312
f 6305 6306 6310 6309
f 6306 6307 6311 6310
f 6307 6308 6312 6311
f 6308 6305 6309 6312
o Box789
v 11.1999 11.8967 1.16426
v 13.9777 13.3634 0.670763
v 13.5217 14.6296 1.86707
v 10.7439 13.1628 2.36057
v 11.2822 11.7896 1.30896
v 14.06 13.2564 0.815466
v 13.6039 14.5225 2.01177
v 10.8261 13.0557 2.50527
f 6313 6314 6315 6316
f 6317 6318 6319 6320
f 6313 6314 6318 6317
f 6314 6315 6319 6318
f 6315 6316 6320 6319
f 6316 6313 6317 6320
o Box790
v 11.3395 11.5562 0.580121
v 14.373 13.2429 0.278642
v 13.6897 14.8091 2.16557
v 10.6562 13.1224 2.46705
v 11.5105 11.298 0.856376
v 14.544 12.9847 0.554898
v 13.8607 14.5509 2.44183
v 10.8272 12.8642 2.74331
f 6321 6322 6323 6324
f 6325 6326 6327 6328
f 6321 6322 6326 6325
f 6322 6323 6327 6326
f 6323 6324 6328 6327
f 6324 6321 6325 6328
o Box791
v 11.2822 11.7896 1.30895
v 13.8255 13.156 0.733368
v 13.5293 13.8986 1.18708
v 10.9859 12.5321 1.76267
v 11.2822 11.7896 1.30896
v 13.8255 13.156 0.73338
v 13.5293 13.8986 1.1871
v 10.9859 12.5321 1.76268
f 6329 6330 6331 6332
f 6333 6334 6335 6336
f 6329 6330 6334 6333
f 6330 6331 6335 6334
f 6331 6332 6336 6335
f 6332 6329 6333 6336
o Box792
v 11.1024 12.5947 1.73632
v 13.8024 13.8864 1.29069
v 13.6371 14.4691 1.97861
v 10.9371 13.1774 2.42424
v 11.1024 12.5947 1.73633
v 13.8024 13.8864 1.2907
v 13.6371 14.4691 1.97862
v 10.9371 13.1774 2.42425
f 6337 6338 6339 6340
f 6341 6342 6343 6344
f 6337 6338 6342 6341
f 6338 6339 6343 6342
f 6339 6340 6344 6343
f 6340 6337 6341 6344
o Box793
v 11.4476 11.3862 1.04398
v 13.9777 12.7943 0.479869
v 13.6878 13.5013 0.944262
v 11.1577 12.0932 1.50838
v 11.4476 11.3862 1.04401
v 13.9777 12.7943 0.479899
v 13.6878 13.5012 0.944292
v 11.1577 12.0932 1.50841
f 6345 6346 6347 6348
f 6349 6350 6351 6352
f 6345 6346 6350 6349
f 6346 6347 6351 6350
f 6347 6348 6352 6351
f 6348 6345 6349 6352
o Box794
v 11.1177 12.419 1.18229
v 14.0285 13.776 0.83234
v 13.7795 14.6983 2.33809
v 10.8687 13.3413 2.68805
v 11.1989 12.2715 1.28603
v 14.1097 13.6285 0.936072
v 13.8607 14.5509 2.44183
v 10.9499 13.1939 2.79178
f 6353 6354 6355 6356
f 6357 6358 6359 6360
f 6353 6354 6358 6357
f 6354 6355 6359 6358
f 6355 6356 6360 6359
f 6356 6353 6357 6360
o Box795
v 11.191 12.2841 1.34872
v 13.8853 13.5976 0.912276
v 13.7261 14.1553 1.60807
v 11.0318 12.8418 2.04451
v 11.191 12.284 1.34874
v 13.8853 13.5975 0.9123
v 13.7261 14.1552 1.6081
v 11.0319 12.8417 2.04454
f 6361 6362 6363 6364
f 6365 6366 6367 6368
f 6361 6362 6366 6365
f 6362 6363 6367 6366
f 6363 6364 6368 6367
f 6364 6361 6365 6368
o Box796
v 11.0889 13.0636 1.93614
v 13.8901 14.2231 1.58767
v 13.8607 14.5509 2.44182
v 11.0594 13.3914 2.79029
v 11.0889 13.0636 1.93615
v 13.8901 14.2231 1.58768
v 13.8607 14.5509 2.44183
v 11.0594 13.3913 2.7903
f 6369 6370 6371 6372
f 6373 6374 6375 6376
f 6369 6370 6374 6373
f 6370 6371 6375 6374
f 6371 6372 6376 6375
f 6372 6369 6373 6376
o Box797
v 8.17609 13.1991 3.37007
v 13.5844 15.3195 2.25249
v 14.9635 13.9442 6.31724
v 9.55524 11.8238 7.43483
v 8.5348 12.0076 2.84522
v 13.9431 14.128 1.72763
v 15.3222 12.7527 5.79238
v 9.91394 10.6323 6.90997
f 6377 6378 6379 6380
f 6381 6382 6383 6384
f 6377 6378 6382 6381
f 6378 6379 6383 6382
f 6379 6380 6384 6383
f 6380 6377 6381 6384
o Box798
v 10.4588 8.54933 5.65763
v 15.1415 9.12527 3.40759
v 15.2319 13.3668 4.68155
v 10.5493 12.7908 6.9316
v 11.0217 8.21146 6.74255
v 15.7043 8.7874 4.49251
v 15.7948 13.0289 5.76647
v 11.1122 12.4529 8.01652
f 6385 6386 6387 6388
f 6389 6390 6391 6392
f 6385 6386 6390 6389
f 6386 6387 6391 6390
f 6387 6388 6392 6391
f 6388 6385 6389 6392
o Box799
v 8.27306 13.0811 3.1947
v 12.1907 14.495 3.52134
v 12.4848 12.789 7.37835
v 8.56715 11.3752 7.05171
v 8.66193 12.1097 2.73539
v 12.5796 13.5236 3.06203
v 12.8737 11.8176 6.91904
v 8.95602 10.4037 6.5924
f 6393 6394 6395 6396
f 6397 6398 6399 6400
f 6393 6394 6398 6397
f 6394 6395 6399 6398
f 6395 6396 6400 6399
f 6396 6393 6397 6400
o Box800
v 10.8954 14.5437 2.19372
v 14.9794 15.2002 2.8172
v 14.6591 13.5105 6.6944
v 10.5751 12.854 6.07092
v 11.1253 13.5193 1.76629
v 15.2093 14.1758 2.38977
v 14.889 12.4861 6.26697
v 10.805 11.8296 5.64349
f 6401 6402 6403 6404
f 6405 6406 6407 6408
f 6401 6402 6406 6405
f 6402 6403 6407 6406
f 6403 6404 6408 6407
f 6404 6401 6405 6408
o Box801
v 8.49325 12.2138 3.38779
v 11.2932 13.8442 2.85269
v 11.7422 13.9149 5.41749
v 8.94228 12.2844 5.9526
v 8.70959 11.8333 3.3604
v 11.5096 13.4637 2.82529
v 11.9586 13.5344 5.3901
v 9.15862 11.9039 5.9252
f 6409 6410 6411 6412
f 6413 6414 6415 6416
f 6409 6410 6414 6413
f 6410 6411 6415 6414
f 6411 6412 6416 6415
f 6412 6409 6413 6416
o Box802
v 8.91422 12.8865 5.06004
v 11.4496 14.0494 4.29413
v 12.7658 12.6002 6.45065
v 10.2304 11.4373 7.21656
v 8.97896 12.5865 4.81897
v 11.5144 13.7495 4.05306
v 12.8305 12.3002 6.20958
v 10.2951 11.1373 6.97549
f 6417 6418 6419 6420
f 6421 6422 6423 6424
f 6417 6418 6422 6421
f 6418 6419 6423 6422
f 6419 6420 6424 6423
f 6420 6417 6421 6424
o Box803
v 8.5043 12.1995 3.38102
v 11.4931 13.891 3.09497
v 11.7391 13.8858 5.63432
v 8.75023 12.1944 5.92037
v 8.70959 11.8333 3.3604
v 11.6984 13.5247 3.07435
v 11.9444 13.5196 5.6137
v 8.95553 11.8281 5.89975
f 6425 6426 6427 6428
f 6429 6430 6431 6432
f 6425 6426 6430 6429
f 6426 6427 6431 6430
f 6427 6428 6432 6431
f 6428 6425 6429 6432
o Box804
v 8.7384 12.2364 3.68522
v 11.3223 13.7265 3.20185
v 11.4603 13.781 4.10726
v 8.87638 12.2908 4.59064
v 8.73842 12.2364 3.68522
v 11.3223 13.7265 3.20185
v 11.4603 13.781 4.10726
v 8.8764 12.2908 4.59064
f 6433 6434 6435 6436
f 6437 6438 6439 6440
f 6433 6434 6438 6437
f 6434 6435 6439 6438
f 6435 6436 6440 6439
f 6436 6433 6437 6440
o Box805
v 8.70959 11.8333 3.3604
v 11.2177 13.502 2.83785
v 11.1722 13.838 3.69242
v 8.66408 12.1693 4.21497
v 8.7096 11.8333 3.3604
v 11.2177 13.502 2.83786
v 11.1722 13.838 3.69243
v 8.66408 12.1693 4.21497
f 6441 6442 6443 6444
f 6445 6446 6447 6448
f 6441 6442 6446 6445
f 6442 6443 6447 6446
f 6443 6444 6448 6447
f 6444 6441 6445 6448
o Box806
v 8.72659 12.4429 4.21109
v 11.5171 13.8874 3.79975
v 11.8777 13.68 5.51752
v 9.08719 12.2355 5.92887
v 8.81254 12.2656 4.17164
v 11.603 13.7102 3.76029
v 11.9636 13.5027 5.47807
v 9.17314 12.0582 5.88942
f 6449 6450 6451 6452
f 6453 6454 6455 6456
f 6449 6450 6454 6453
f 6450 6451 6455 6454
f 6451 6452 6456 6455
f 6452 6449 6453 6456
o Box807
v 8.81254 12.2656 4.17164
v 11.4073 13.7471 3.70508
v 11.5261 13.8232 4.60762
v 8.93136 12.3418 5.07419
v 8.81255 12.2656 4.17164
v 11.4073 13.7471 3.70508
v 11.5261 13.8232 4.60762
v 8.93137 12.3417 5.07419
f 6457 6458 6459 6460
f 6461 6462 6463 6464
f 6457 6458 6462 6461
f 6458 6459 6463 6462
f 6459 6460 6464 6463
f 6460 6457 6461 6464
o Box808
v 9.10765 12.4449 5.02981
v 11.7237 13.6947 4.57108
v 11.9686 13.4938 5.4204
v 9.35257 12.2439 5.87913
v 9.10765 12.4448 5.0298
v 11.7237 13.6947 4.57107
v 11.9686 13.4938 5.4204
v 9.35258 12.2439 5.87913
f 6465 6466 6467 6468
f 6469 6470 6471 6472
f 6465 6466 6470 6469
f 6466 6467 6471 6470
f 6467 6468 6472 6471
f 6468 6465 6469 6472
o Box809
v 10.1466 11.1696 6.95057
v 12.9076 12.0484 6.4282
v 12.3203 13.2281 5.30902
v 9.55931 12.3493 5.83139
v 10.132 11.3042 7.10013
v 12.893 12.183 6.57777
v 12.3058 13.3628 5.45859
v 9.54475 12.484 5.98096
f 6473 6474 6475 6476
f 6477 6478 6479 6480
f 6473 6474 6478 6477
f 6474 6475 6479 6478
f 6475 6476 6480 6479
f 6476 6473 6477 6480
o Box810
v 8.82901 13.0495 4.64259
v 11.8173 14.1442 4.20155
v 12.6214 12.8033 6.32159
v 9.6331 11.7086 6.76263
v 8.91385 12.7213 4.40284
v 11.9021 13.816 3.96179
v 12.7062 12.4751 6.08184
v 9.71794 11.3804 6.52288
f 6481 6482 6483 6484
f 6485 6486 6487 6488
f 6481 6482 6486 6485
f 6482 6483 6487 6486
f 6483 6484 6488 6487
f 6484 6481 6485 6488
o Box811
v 9.5593 12.3494 5.83142
v 12.1284 13.3493 5.32813
v 12.4456 12.8886 6.03187
v 9.87646 11.8887 6.53516
v 9.55931 12.3493 5.83139
v 12.1284 13.3493 5.3281
v 12.4456 12.8886 6.03184
v 9.87647 11.8887 6.53513
f 6489 6490 6491 6492
f 6493 6494 6495 6496
f 6489 6490 6494 6493
f 6490 6491 6495 6494
f 6491 6492 6496 6495
f 6492 6489 6493 6496
o Box812
v 10.4397 11.3188 6.96629
v 12.8981 12.0805 6.36763
v 12.5714 12.7523 5.88102
v 10.113 11.9905 6.47968
v 10.4397 11.3188 6.96632
v 12.8981 12.0805 6.36765
v 12.5714 12.7523 5.88104
v 10.113 11.9906 6.47971
f 6497 6498 6499 6500
f 6501 6502 6503 6504
f 6497 6498 6502 6501
f 6498 6499 6503 6502
f 6499 6500 6504 6503
f 6500 6497 6501 6504
o Box813
v 8.96477 12.563 4.57799
v 11.5607 13.8301 4.08832
v 11.8305 13.6071 4.94145
v 9.23455 12.34 5.43112
v 8.96479 12.5629 4.57798
v 11.5608 13.83 4.08831
v 11.8305 13.607 4.94143
v 9.23456 12.3399 5.43111
f 6505 6506 6507 6508
f 6509 6510 6511 6512
f 6505 6506 6510 6509
f 6506 6507 6511 6510
f 6507 6508 6512 6511
f 6508 6505 6509 6512
o Box814
v 10.0278 11.5231 6.65216
v 12.7062 12.4751 6.08184
v 12.0346 13.6248 4.84696
v 9.35616 12.6728 5.41728
v 10.0082 11.662 6.79216
v 12.6866 12.614 6.22183
v 12.015 13.7637 4.98695
v 9.33659 12.8117 5.55728
f 6513 6514 6515 6516
f 6517 6518 6519 6520
f 6513 6514 6518 6517
f 6514 6515 6519 6518
f 6515 6516 6520 6519
f 6516 6513 6517 6520
o Box815
v 9.37633 12.6057 5.46172
v 11.9149 13.6415 4.92356
v 12.2632 13.1535 5.62721
v 9.72461 12.1177 6.16537
v 9.37634 12.6057 5.46171
v 11.915 13.6415 4.92355
v 12.2632 13.1535 5.6272
v 9.72462 12.1177 6.16535
f 6521 6522 6523 6524
f 6525 6526 6527 6528
f 6521 6522 6526 6525
f 6522 6523 6527 6526
f 6523 6524 6528 6527
f 6524 6521 6525 6528
o Box816
v 10.2844 11.6557 6.70528
v 12.7062 12.4751 6.0818
v 12.3449 13.1812 5.6062
v 9.92309 12.3618 6.22967
v 10.2844 11.6557 6.70531
v 12.7062 12.4751 6.08184
v 12.3449 13.1812 5.60624
v 9.92309 12.3618 6.22971
f 6529 6530 6531 6532
f 6533 6534 6535 6536
f 6529 6530 6534 6533
f 6530 6531 6535 6534
f 6531 6532 6536 6535
f 6532 6529 6533 6536
o Box817
v 10.9331 13.6506 2.41389
v 14.0048 14.7117 2.0742
v 14.285 14.731 4.66796
v 11.2133 13.6699 5.00765
v 11.0728 13.2423 2.40185
v 14.1445 14.3034 2.06216
v 14.4246 14.3228 4.65591
v 11.353 13.2617 4.99561
f 6537 6538 6539 6540
f 6541 6542 6543 6544
f 6537 6538 6542 6541
f 6538 6539 6543 6542
f 6539 6540 6544 6543
f 6540 6537 6541 6544
o Box818
v 11.3512 14.2434 4.1252
v 14.0881 14.9115 3.53779
v 14.9681 13.2763 5.77814
v 12.2312 12.6082 6.36556
v 11.3759 13.9378 3.89245
v 14.1127 14.6058 3.30503
v 14.9927 12.9706 5.54539
v 12.2559 12.3026 6.1328
f 6545 6546 6547 6548
f 6549 6550 6551 6552
f 6545 6546 6550 6549
f 6546 6547 6551 6550
f 6547 6548 6552 6551
f 6548 6545 6549 6552
o Box819
v 10.9413 13.6351 2.4083
v 14.1951 14.7258 2.33186
v 14.2617 14.7062 4.88652
v 11.0079 13.6155 4.96295
v 11.0728 13.2423 2.40185
v 14.3266 14.333 2.32542
v 14.3932 14.3134 4.88008
v 11.1394 13.2227 4.95651
f 6553 6554 6555 6556
f 6557 6558 6559 6560
f 6553 6554 6558 6557
f 6554 6555 6559 6558
f 6555 6556 6560 6559
f 6556 6553 6557 6560
o Box820
v 11.1523 13.6302 2.73416
v 13.9916 14.5954 2.4277
v 14.0753 14.6404 3.34501
v 11.236 13.6753 3.65147
v 11.1523 13.6302 2.73416
v 13.9916 14.5954 2.4277
v 14.0753 14.6404 3.34501
v 11.236 13.6752 3.65147
f 6561 6562 6563 6564
f 6565 6566 6567 6568
f 6561 6562 6566 6565
f 6562 6563 6567 6566
f 6563 6564 6568 6567
f 6564 6561 6565 6568
o Box821
v 11.0728 13.2423 2.40185
v 13.8781 14.3937 2.05789
v 13.8398 14.739 2.90124
v 11.0345 13.5876 3.2452
v 11.0728 13.2423 2.40186
v 13.8781 14.3937 2.0579
v 13.8398 14.739 2.90125
v 11.0345 13.5876 3.24521
f 6569 6570 6571 6572
f 6573 6574 6575 6576
f 6569 6570 6574 6573
f 6570 6571 6575 6574
f 6571 6572 6576 6575
f 6572 6569 6573 6576
o Box822
v 11.1442 13.8421 3.25849
v 14.168 14.7312 3.04435
v 14.3649 14.4796 4.78042
v 11.3412 13.5905 4.99456
v 11.1971 13.6543 3.22527
v 14.2209 14.5434 3.01113
v 14.4178 14.2917 4.74719
v 11.394 13.4027 4.96134
f 6577 6578 6579 6580
f 6581 6582 6583 6584
f 6577 6578 6582 6581
f 6578 6579 6583 6582
f 6579 6580 6584 6583
f 6580 6577 6581 6584
o Box823
v 11.1971 13.6543 3.22527
v 14.0444 14.6131 2.94207
v 14.1134 14.6744 3.84337
v 11.2661 13.7156 4.12657
v 11.1971 13.6543 3.22527
v 14.0444 14.613 2.94207
v 14.1134 14.6744 3.84337
v 11.2661 13.7156 4.12657
f 6585 6586 6587 6588
f 6589 6590 6591 6592
f 6585 6586 6590 6589
f 6586 6587 6591 6590
f 6587 6588 6592 6591
f 6588 6585 6589 6592
o Box824
v 11.4603 13.781 4.10728
v 14.2813 14.515 3.8344
v 14.4247 14.282 4.69052
v 11.6037 13.5481 4.9634
v 11.4603 13.781 4.10726
v 14.2813 14.5149 3.83438
v 14.4247 14.282 4.6905
v 11.6037 13.548 4.96338
f 6593 6594 6595 6596
f 6597 6598 6599 6600
f 6593 6594 6598 6597
f 6594 6595 6599 6598
f 6595 6596 6600 6599
f 6596 6593 6597 6600
o Box825
v 12.1091 12.3522 6.09235
v 15.0051 12.7017 5.77244
v 14.7265 13.9566 4.62154
v 11.8305 13.6071 4.94145
v 12.1091 12.4865 6.23887
v 15.005 12.8361 5.91896
v 14.7264 14.091 4.76806
v 11.8305 13.7414 5.08797
f 6601 6602 6603 6604
f 6605 6606 6607 6608
f 6601 6602 6606 6605
f 6602 6603 6607 6606
f 6603 6604 6608 6607
f 6604 6601 6605 6608
o Box826
v 11.3254 14.4143 3.69975
v 14.4724 14.934 3.4661
v 14.8727 13.4917 5.64934
v 11.7257 12.972 5.88299
v 11.3643 14.075 3.46848
v 14.5113 14.5947 3.23483
v 14.9115 13.1524 5.41807
v 11.7645 12.6327 5.65172
f 6609 6610 6611 6612
f 6613 6614 6615 6616
f 6609 6610 6614 6613
f 6610 6611 6615 6614
f 6611 6612 6616 6615
f 6612 6609 6613 6616
o Box827
v 11.8305 13.6071 4.94147
v 14.5597 14.1096 4.62389
v 14.7352 13.6087 5.33957
v 12.006 13.1062 5.65715
v 11.8305 13.6071 4.94145
v 14.5597 14.1096 4.62387
v 14.7352 13.6086 5.33954
v 12.006 13.1062 5.65712
f 6617 6618 6619 6620
f 6621 6622 6623 6624
f 6617 6618 6622 6621
f 6618 6619 6623 6622
f 6619 6620 6624 6623
f 6620 6617 6621 6624
o Box828
v 12.4242 12.4431 6.12725
v 15.006 12.7356 5.71141
v 14.845 13.446 5.21134
v 12.2632 13.1535 5.62719
v 12.4242 12.4432 6.12729
v 15.006 12.7356 5.71144
v 14.845 13.446 5.21137
v 12.2632 13.1535 5.62722
f 6625 6626 6627 6628
f 6629 6630 6631 6632
f 6625 6626 6630 6629
f 6626 6627 6631 6630
f 6627 6628 6632 6631
f 6628 6625 6629 6632
o Box829
v 11.3728 13.9156 3.64514
v 14.1784 14.6681 3.33356
v 14.344 14.4131 4.20867
v 11.5384 13.6607 4.52025
v 11.3728 13.9156 3.64513
v 14.1784 14.6681 3.33355
v 14.344 14.4131 4.20866
v 11.5384 13.6606 4.52024
f 6633 6634 6635 6636
f 6637 6638 6639 6640
f 6633 6634 6638 6637
f 6634 6635 6639 6638
f 6635 6636 6640 6639
f 6636 6633 6637 6640
o Box830
v 11.7154 14.0959 4.65021
v 14.5423 14.5346 4.26942
v 14.9081 13.2939 5.55554
v 12.0812 12.8552 5.93633
v 11.7189 13.9544 4.51274
v 14.5458 14.3931 4.13195
v 14.9115 13.1524 5.41807
v 12.0847 12.7137 5.79886
f 6641 6642 6643 6644
f 6645 6646 6647 6648
f 6641 6642 6646 6645
f 6642 6643 6647 6646
f 6643 6644 6648 6647
f 6644 6641 6645 6648
o Box831
v 11.7232 13.887 4.55812
v 14.4297 14.4303 4.19725
v 14.6344 13.8963 4.92863
v 11.9279 13.353 5.28951
v 11.7232 13.887 4.55808
v 14.4297 14.4303 4.19721
v 14.6344 13.8963 4.9286
v 11.9279 13.353 5.28947
f 6649 6650 6651 6652
f 6653 6654 6655 6656
f 6649 6650 6654 6653
f 6650 6651 6655 6654
f 6651 6652 6656 6655
f 6652 6649 6653 6656
o Box832
v 12.3556 12.7945 5.86675
v 14.9115 13.1524 5.41806
v 14.7173 13.9079 4.91406
v 12.1613 13.55 5.36275
v 12.3556 12.7945 5.86678
v 14.9115 13.1524 5.41809
v 14.7173 13.9079 4.91409
v 12.1613 13.55 5.36278
f 6657 6658 6659 6660
f 6661 6662 6663 6664
f 6657 6658 6662 6661
f 6658 6659 6663 6662
f 6659 6660 6664 6663
f 6660 6657 6661 6664
o Box833
v 13.2591 7.56413 5.35478
v 10.3507 10.1652 7.80347
v 12.3948 12.9284 7.29603
v 15.3032 10.3274 4.84734
v 12.6808 7.81653 4.3998
v 9.77244 10.4176 6.84849
v 11.8165 13.1808 6.34105
v 14.7248 10.5798 3.89236
f 6665 6666 6667 6668
f 6669 6670 6671 6672
f 6665 6666 6670 6669
f 6666 6667 6671 6670
f 6667 6668 6672 6671
f 6668 6665 6669 6672
o Box834
v 14.5808 8.20516 4.73262
v 12.0879 11.385 6.94995
v 14.6448 13.6423 6.58753
v 17.1377 10.4624 4.3702
v 14.1373 8.54842 3.74176
v 11.6444 11.7283 5.95909
v 14.2013 13.9855 5.59667
v 16.6942 10.8057 3.37934
f 6673 6674 6675 6676
f 6677 6678 6679 6680
f 6673 6674 6678 6677
f 6674 6675 6679 6678
f 6675 6676 6680 6679
f 6676 6673 6677 6680
o Box835
v 11.178 8.62128 6.07589
v 13.4789 8.85806 4.1636
v 14.1552 10.9933 5.24178
v 11.8543 10.7565 7.15407
v 11.4499 8.38472 6.37379
v 13.7508 8.6215 4.46149
v 14.4271 10.7567 5.53968
v 12.1262 10.5199 7.45197
f 6681 6682 6683 6684
f 6685 6686 6687 6688
f 6681 6682 6686 6685
f 6682 6683 6687 6686
f 6683 6684 6688 6687
f 6684 6681 6685 6688
o Box836
v 11.2318 9.7392 7.0123
v 13.5348 10.4082 6.1393
v 12.8658 12.5194 5.99229
v 10.5628 11.8505 6.86529
v 11.287 9.76841 7.18039
v 13.59 10.4374 6.3074
v 12.9211 12.5486 6.16039
v 10.6181 11.8797 7.03338
f 6689 6690 6691 6692
f 6693 6694 6695 6696
f 6689 6690 6694 6693
f 6690 6691 6695 6694
f 6691 6692 6696 6695
f 6692 6689 6693 6696
o Box837
v 11.6798 8.3816 5.94143
v 13.6239 9.02469 4.83888
v 13.6236 10.8951 5.92928
v 11.6795 10.252 7.03184
v 11.7951 8.29315 6.09319
v 13.7392 8.93624 4.99063
v 13.7389 10.8067 6.08104
v 11.7948 10.1636 7.18359
f 6697 6698 6699 6700
f 6701 6702 6703 6704
f 6697 6698 6702 6701
f 6698 6699 6703 6702
f 6699 6700 6704 6703
f 6700 6697 6701 6704
o Box838
v 11.6527 8.45663 5.84734
v 13.4995 8.92332 4.19655
v 14.0681 10.1649 5.18368
v 12.2213 9.69821 6.83446
v 11.7701 8.32746 5.94218
v 13.6169 8.79415 4.29139
v 14.1855 10.0357 5.27852
v 12.3387 9.56904 6.9293
f 6705 6706 6707 6708
f 6709 6710 6711 6712
f 6705 6706 6710 6709
f 6706 6707 6711 6710
f 6707 6708 6712 6711
f 6708 6705 6709 6712
o Box839
v 11.4073 8.43637 6.15903
v 13.4721 8.73041 4.68647
v 13.771 10.1859 5.39618
v 11.7061 9.89182 6.86874
v 11.5205 8.34467 6.29943
v 13.5853 8.6387 4.82686
v 13.8842 10.0942 5.53658
v 11.8193 9.80012 7.00914
f 6713 6714 6715 6716
f 6717 6718 6719 6720
f 6713 6714 6718 6717
f 6714 6715 6719 6718
f 6715 6716 6720 6719
f 6716 6713 6717 6720
o Box840
v 11.7141 9.52647 6.72221
v 13.5942 9.98298 5.6854
v 13.5758 10.8273 6.02383
v 11.6957 10.3708 7.06065
v 11.7141 9.52644 6.72231
v 13.5943 9.98294 5.68549
v 13.5759 10.8272 6.02393
v 11.6958 10.3707 7.06074
f 6721 6722 6723 6724
f 6725 6726 6727 6728
f 6721 6722 6726 6725
f 6722 6723 6727 6726
f 6723 6724 6728 6727
f 6724 6721 6725 6728
o Box841
v 11.7199 9.06328 6.58098
v 13.6028 9.46774 5.50656
v 13.5891 10.2963 5.79432
v 11.7061 9.89182 6.86874
v 11.72 9.06326 6.58102
v 13.6029 9.46773 5.5066
v 13.5891 10.2963 5.79436
v 11.7062 9.89181 6.86878
f 6729 6730 6731 6732
f 6733 6734 6735 6736
f 6729 6730 6734 6733
f 6730 6731 6735 6734
f 6731 6732 6736 6735
f 6732 6729 6733 6736
o Box842
v 11.8431 8.42093 5.93858
v 13.5258 8.88986 4.71452
v 13.6827 9.60279 5.20337
v 12.0001 9.13386 6.42743
v 11.8432 8.42093 5.93859
v 13.5258 8.88986 4.71452
v 13.6827 9.60279 5.20337
v 12.0001 9.13386 6.42743
f 6737 6738 6739 6740
f 6741 6742 6743 6744
f 6737 6738 6742 6741
f 6738 6739 6743 6742
f 6739 6740 6744 6743
f 6740 6737 6741 6744
o Box843
v 11.9318 8.84702 6.21317
v 13.6238 9.33533 5.01995
v 13.7916 10.0399 5.54628
v 12.0996 9.55162 6.7395
v 11.9318 8.847 6.21319
v 13.6238 9.33531 5.01997
v 13.7916 10.0399 5.5463
v 12.0996 9.5516 6.73952
f 6745 6746 6747 6748
f 6749 6750 6751 6752
f 6745 6746 6750 6749
f 6746 6747 6751 6750
f 6747 6748 6752 6751
f 6748 6745 6749 6752
o Box844
v 11.9694 8.30858 5.51856
v 13.4995 8.92333 4.19655
v 13.8448 9.4241 4.82905
v 12.3147 8.80935 6.15106
v 11.9694 8.30857 5.51856
v 13.4995 8.92332 4.19655
v 13.8448 9.42409 4.82905
v 12.3147 8.80935 6.15106
f 6753 6754 6755 6756
f 6757 6758 6759 6760
f 6753 6754 6758 6757
f 6754 6755 6759 6758
f 6755 6756 6760 6759
f 6756 6753 6757 6760
o Box845
v 11.0164 9.7622 7.03195
v 13.5189 10.1645 6.12438
v 13.2045 11.8142 5.98899
v 10.7021 11.4118 6.89656
v 11.081 9.79013 7.22236
v 13.5834 10.1925 6.31479
v 13.2691 11.8421 6.1794
v 10.7667 11.4398 7.08696
f 6761 6762 6763 6764
f 6765 6766 6767 6768
f 6761 6762 6766 6765
f 6762 6763 6767 6766
f 6763 6764 6768 6767
f 6764 6761 6765 6768
o Box846
v 10.9933 10.2498 6.98769
v 13.4144 10.7881 6.11284
v 12.957 12.5219 5.9137
v 10.5359 11.9837 6.78855
v 11.0526 10.2869 7.17459
v 13.4737 10.8252 6.29975
v 13.0163 12.559 6.10061
v 10.5952 12.0208 6.97545
f 6769 6770 6771 6772
f 6773 6774 6775 6776
f 6769 6770 6774 6773
f 6770 6771 6775 6774
f 6771 6772 6776 6775
f 6772 6769 6773 6776
o Box847
v 10.9785 10.6009 7.12282
v 13.2682 11.1758 6.3859
v 12.9918 11.9867 6.1596
v 10.7021 11.4118 6.89652
v 10.9785 10.6009 7.12285
v 13.2682 11.1758 6.38593
v 12.9918 11.9867 6.15963
v 10.7021 11.4118 6.89655
f 6777 6778 6779 6780
f 6781 6782 6783 6784
f 6777 6778 6782 6781
f 6778 6779 6783 6782
f 6779 6780 6784 6783
f 6780 6777 6781 6784
o Box848
v 11.4187 9.81949 6.99049
v 13.5145 10.2591 6.08762
v 13.3511 11.1226 6.1288
v 11.2554 10.683 7.03167
v 11.4188 9.81949 6.99052
v 13.5145 10.2591 6.08765
v 13.3511 11.1226 6.12882
v 11.2554 10.683 7.03169
f 6785 6786 6787 6788
f 6789 6790 6791 6792
f 6785 6786 6790 6789
f 6786 6787 6791 6790
f 6787 6788 6792 6791
f 6788 6785 6789 6792
o Box849
v 10.8448 11.0182 6.98967
v 13.1026 11.6617 6.25031
v 12.7983 12.5013 6.05168
v 10.5404 11.8579 6.79104
v 10.8448 11.0182 6.98969
v 13.1026 11.6617 6.25033
v 12.7983 12.5013 6.0517
v 10.5404 11.8579 6.79106
f 6793 6794 6795 6796
f 6797 6798 6799 6800
f 6793 6794 6798 6797
f 6794 6795 6799 6798
f 6795 6796 6800 6799
f 6796 6793 6797 6800
o Box850
v 11.341 10.2724 6.99292
v 13.4144 10.7881 6.11282
v 13.2257 11.6923 6.19808
v 11.1523 11.1766 7.07819
v 11.341 10.2724 6.99295
v 13.4144 10.7881 6.11285
v 13.2257 11.6923 6.19811
v 11.1523 11.1766 7.07821
f 6801 6802 6803 6804
f 6805 6806 6807 6808
f 6801 6802 6806 6805
f 6802 6803 6807 6806
f 6803 6804 6808 6807
f 6804 6801 6805 6808
o Box851
v 12.7234 9.63136 5.27528
v 15.1593 9.41814 3.56004
v 16.1367 11.4071 4.70083
v 13.7008 11.6204 6.41608
v 12.92 9.35494 5.58881
v 15.3558 9.14172 3.87356
v 16.3332 11.1307 5.01436
v 13.8974 11.3439 6.7296
f 6809 6810 6811 6812
f 6813 6814 6815 6816
f 6809 6810 6814 6813
f 6810 6811 6815 6814
f 6811 6812 6816 6815
f 6812 6809 6813 6816
o Box852
v 12.9084 10.7392 6.2304
v 15.3438 10.9636 5.53817
v 15.0869 13.1668 5.34851
v 12.6515 12.9424 6.04074
v 12.9541 10.7589 6.39743
v 15.3895 10.9834 5.70521
v 15.1325 13.1865 5.51555
v 12.6971 12.9621 6.20777
f 6817 6818 6819 6820
f 6821 6822 6823 6824
f 6817 6818 6822 6821
f 6818 6819 6823 6822
f 6819 6820 6824 6823
f 6820 6817 6821 6824
o Box853
v 13.1932 9.30095 5.17393
v 15.2822 9.57405 4.24911
v 15.5292 11.4188 5.35173
v 13.4402 11.1456 6.27656
v 13.2754 9.1972 5.32908
v 15.3645 9.4703 4.40426
v 15.6114 11.315 5.50688
v 13.5224 11.0419 6.43171
f 6825 6826 6827 6828
f 6829 6830 6831 6832
f 6825 6826 6830 6829
f 6826 6827 6831 6830
f 6827 6828 6832 6831
f 6828 6825 6829 6832
o Box854
v 13.1738 9.37047 5.0679
v 15.1874 9.47547 3.59291
v 15.8939 10.6097 4.63806
v 13.8802 10.5047 6.11304
v 13.2569 9.22379 5.17091
v 15.2705 9.32878 3.69593
v 15.977 10.463 4.74107
v 13.9634 10.358 6.21605
f 6833 6834 6835 6836
f 6837 6838 6839 6840
f 6833 6834 6838 6837
f 6834 6835 6839 6838
f 6835 6836 6840 6839
f 6836 6833 6837 6840
o Box855
v 12.9085 9.40951 5.36904
v 15.0885 9.30624 4.07761
v 15.5944 10.6848 4.82142
v 13.4144 10.7881 6.11285
v 12.9898 9.30098 5.5149
v 15.1697 9.19772 4.22347
v 15.6757 10.5763 4.96728
v 13.4957 10.6795 6.25871
f 6841 6842 6843 6844
f 6845 6846 6847 6848
f 6841 6842 6846 6845
f 6842 6843 6847 6846
f 6843 6844 6848 6847
f 6844 6841 6845 6848
o Box856
v 13.3685 10.4227 5.96548
v 15.3603 10.5251 5.09045
v 15.4663 11.3673 5.43014
v 13.4744 11.2649 6.30518
v 13.3685 10.4227 5.9655
v 15.3603 10.5251 5.09046
v 15.4663 11.3673 5.43015
v 13.4744 11.2649 6.30519
f 6849 6850 6851 6852
f 6853 6854 6855 6856
f 6849 6850 6854 6853
f 6850 6851 6855 6854
f 6851 6852 6856 6855
f 6852 6849 6853 6856
o Box857
v 13.2991 9.97621 5.82067
v 15.2888 10.0216 4.90926
v 15.4041 10.8335 5.20142
v 13.4144 10.7881 6.11283
v 13.2991 9.9762 5.82069
v 15.2888 10.0216 4.90928
v 15.4041 10.8335 5.20144
v 13.4144 10.7881 6.11284
f 6857 6858 6859 6860
f 6861 6862 6863 6864
f 6857 6858 6862 6861
f 6858 6859 6863 6862
f 6859 6860 6864 6863
f 6860 6857 6861 6864
o Box858
v 13.3498 9.31414 5.1807
v 15.1699 9.45508 4.11265
v 15.4144 10.1239 4.61744
v 13.5943 9.98294 5.68549
v 13.3499 9.31411 5.18073
v 15.17 9.45505 4.11268
v 15.4144 10.1239 4.61747
v 13.5943 9.98291 5.68552
f 6865 6866 6867 6868
f 6869 6870 6871 6872
f 6865 6866 6870 6869
f 6866 6867 6871 6870
f 6867 6868 6872 6871
f 6868 6865 6869 6872
o Box859
v 13.4927 9.70809 5.46296
v 15.322 9.87113 4.42666
v 15.5706 10.5439 4.97133
v 13.7413 10.3808 6.00762
v 13.4927 9.70809 5.46297
v 15.322 9.87112 4.42667
v 15.5706 10.5439 4.97133
v 13.7413 10.3808 6.00763
f 6873 6874 6875 6876
f 6877 6878 6879 6880
f 6873 6874 6878 6877
f 6874 6875 6879 6878
f 6875 6876 6880 6879
f 6876 6873 6877 6880
o Box860
v 13.4784 9.16596 4.76278
v 15.1874 9.47548 3.59291
v 15.5648 9.91508 4.26048
v 13.8558 9.60557 5.43035
v 13.4784 9.16595 4.76278
v 15.1874 9.47547 3.59292
v 15.5648 9.91507 4.26048
v 13.8558 9.60555 5.43035
f 6881 6882 6883 6884
f 6885 6886 6887 6888
f 6881 6882 6886 6885
f 6882 6883 6887 6886
f 6883 6884 6888 6887
f 6884 6881 6885 6888
o Box861
v 12.6956 10.8029 6.2293
v 15.2822 10.7238 5.51811
v 15.2928 12.396 5.37064
v 12.7062 12.4751 6.08184
v 12.7489 10.8195 6.4213
v 15.3355 10.7404 5.71011
v 15.3461 12.4126 5.56265
v 12.7595 12.4917 6.27384
f 6889 6890 6891 6892
f 6893 6894 6895 6896
f 6889 6890 6894 6893
f 6890 6891 6895 6894
f 6891 6892 6896 6895
f 6892 6889 6893 6896
o Box862
v 12.7728 11.2808 6.19128
v 15.2978 11.3586 5.50417
v 15.1794 13.1512 5.27242
v 12.6545 13.0734 5.95954
v 12.8233 11.3085 6.38004
v 15.3483 11.3864 5.69293
v 15.2299 13.179 5.46118
v 12.705 13.1011 6.1483
f 6897 6898 6899 6900
f 6901 6902 6903 6904
f 6897 6898 6902 6901
f 6898 6899 6903 6902
f 6899 6900 6904 6903
f 6900 6897 6901 6904
o Box863
v 12.8083 11.6451 6.31913
v 15.2019 11.7796 5.75965
v 15.0998 12.6095 5.52233
v 12.7062 12.4751 6.0818
v 12.8083 11.6451 6.31917
v 15.2019 11.7796 5.75969
v 15.0998 12.6095 5.52237
v 12.7062 12.4751 6.08184
f 6905 6906 6907 6908
f 6909 6910 6911 6912
f 6905 6906 6910 6909
f 6906 6907 6911 6910
f 6907 6908 6912 6911
f 6908 6905 6909 6912
o Box864
v 13.1058 10.7829 6.21595
v 15.2997 10.8195 5.48307
v 15.2965 11.6982 5.51736
v 13.1026 11.6617 6.25024
v 13.1058 10.7829 6.21604
v 15.2997 10.8195 5.48316
v 15.2966 11.6982 5.51745
v 13.1026 11.6617 6.25033
f 6913 6914 6915 6916
f 6917 6918 6919 6920
f 6913 6914 6918 6917
f 6914 6915 6919 6918
f 6915 6916 6920 6919
f 6916 6913 6917 6920
o Box865
v 12.7691 12.0598 6.18619
v 15.1408 12.2761 5.61765
v 15.0068 13.1611 5.39524
v 12.6351 12.9447 5.96378
v 12.7691 12.0598 6.18624
v 15.1408 12.2761 5.6177
v 15.0068 13.1611 5.39529
v 12.6351 12.9447 5.96383
f 6921 6922 6923 6924
f 6925 6926 6927 6928
f 6921 6922 6926 6925
f 6922 6923 6927 6926
f 6923 6924 6928 6927
f 6924 6921 6925 6928
o Box866
v 13.1145 11.2423 6.21823
v 15.2978 11.3586 5.50417
v 15.2716 12.2831 5.5749
v 13.0883 12.1667 6.28896
v 13.1145 11.2423 6.21825
v 15.2978 11.3586 5.50419
v 15.2717 12.2831 5.57492
v 13.0883 12.1667 6.28898
f 6929 6930 6931 6932
f 6933 6934 6935 6936
f 6929 6930 6934 6933
f 6930 6931 6935 6934
f 6931 6932 6936 6935
f 6932 6929 6933 6936
o Box867
v 19.19 8.31982 0.966403
v 19.9936 10.5759 5.80118
v 19.9127 15.7018 3.42268
v 19.1091 13.4457 -1.4121
v 13.467 8.60847 1.78294
v 14.2706 10.8646 6.61771
v 14.1897 15.9904 4.23921
v 13.3861 13.7343 -0.595562
f 6937 6938 6939 6940
f 6941 6942 6943 6944
f 6937 6938 6942 6941
f 6938 6939 6943 6942
f 6939 6940 6944 6943
f 6940 6937 6941 6944
o Box868
v 20.7989 8.04761 0.776175
v 21.5944 10.2343 5.64888
v 22.7398 14.9062 3.36534
v 21.9443 12.7195 -1.50736
v 17.9801 8.79884 0.899239
v 18.7755 10.9855 5.77194
v 19.9209 15.6574 3.48841
v 19.1254 13.4707 -1.3843
f 6945 6946 6947 6948
f 6949 6950 6951 6952
f 6945 6946 6950 6949
f 6946 6947 6951 6950
f 6947 6948 6952 6951
f 6948 6945 6949 6952
o Box869
v 12.6324 10.7137 4.43737
v 14.4446 16.408 1.57061
v 20.4025 14.5077 1.5623
v 18.5903 8.81346 4.42907
v 12.1997 9.3699 1.49455
v 14.0119 15.0642 -1.37221
v 19.9698 13.1639 -1.38052
v 18.1576 7.46961 1.48625
f 6953 6954 6955 6956
f 6957 6958 6959 6960
f 6953 6954 6958 6957
f 6954 6955 6959 6958
f 6955 6956 6960 6959
f 6956 6953 6957 6960
o Box870
v 15.9442 9.91327 6.73608
v 13.7521 15.3544 4.58686
v 19.344 17.0003 3.0503
v 21.536 11.5591 5.19952
v 15.5261 8.57963 3.78613
v 13.334 14.0208 1.63691
v 18.9259 15.6666 0.100349
v 21.118 10.2255 2.24957
f 6961 6962 6963 6964
f 6965 6966 6967 6968
f 6961 6962 6966 6965
f 6962 6963 6967 6966
f 6963 6964 6968 6967
f 6964 6961 6965 6968
o Box871
v 13.8976 12.1457 0.344382
v 18.7569 12.0758 -0.607497
v 19.5812 10.1474 3.74202
v 14.7219 10.2173 4.6939
v 13.748 10.6128 -0.306907
v 18.6073 10.5429 -1.25879
v 19.4316 8.61449 3.09073
v 14.5723 8.68439 4.04261
f 6969 6970 6971 6972
f 6973 6974 6975 6976
f 6969 6970 6974 6973
f 6970 6971 6975 6974
f 6971 6972 6976 6975
f 6972 6969 6973 6976
o Box872
v 13.6855 10.7193 -0.416377
v 19.4681 11.1104 -1.19608
v 19.3763 15.5037 0.326157
v 13.5937 15.1127 1.10586
v 13.9016 10.2502 0.95065
v 19.6842 10.6412 0.170945
v 19.5923 15.0346 1.69318
v 13.8097 14.6435 2.47289
f 6977 6978 6979 6980
f 6981 6982 6983 6984
f 6977 6978 6982 6981
f 6978 6979 6983 6982
f 6979 6980 6984 6983
f 6980 6977 6981 6984
o Box873
v 13.8616 10.9777 -0.729177
v 13.8709 8.62799 3.78218
v 16.9638 8.53302 3.72635
v 16.9545 10.8827 -0.785003
v 13.9132 12.2638 -0.0594211
v 13.9225 9.91409 4.45193
v 17.0153 9.81912 4.39611
v 17.0061 12.1688 -0.115247
f 6985 6986 6987 6988
f 6989 6990 6991 6992
f 6985 6986 6990 6989
f 6986 6987 6991 6990
f 6987 6988 6992 6991
f 6988 6985 6989 6992
o Box874
v 17.5053 10.4621 -1.16274
v 15.187 9.61229 2.73361
v 17.944 8.95026 4.22962
v 20.2623 9.80005 0.333277
v 17.589 11.3714 -0.914602
v 15.2707 10.5216 2.98174
v 18.0277 9.85961 4.47776
v 20.346 10.7094 0.581414
f 6993 6994 6995 6996
f 6997 6998 6999 7000
f 6993 6994 6998 6997
f 6994 6995 6999 6998
f 6995 6996 7000 6999
f 6996 6993 6997 7000
o Box875
v 14.8149 9.15467 1.75499
v 17.3956 9.92383 0.815241
v 16.1577 12.2433 -0.685907
v 13.577 11.4742 0.253843
v 14.8606 9.3793 2.06438
v 17.4414 10.1485 1.12463
v 16.2034 12.468 -0.376515
v 13.6227 11.6988 0.563236
f 7001 7002 7003 7004
f 7005 7006 7007 7008
f 7001 7002 7006 7005
f 7002 7003 7007 7006
f 7003 7004 7008 7007
f 7004 7001 7005 7008
o Box876
v 13.773 9.70735 2.6128
v 16.0568 9.98883 0.63702
v 17.6685 10.1592 2.52431
v 15.3847 9.87774 4.5001
v 13.8255 9.25374 2.6089
v 16.1093 9.53522 0.633115
v 17.721 9.70561 2.52041
v 15.4372 9.42413 4.49619
f 7009 7010 7011 7012
f 7013 7014 7015 7016
f 7009 7010 7014 7013
f 7010 7011 7015 7014
f 7011 7012 7016 7015
f 7012 7009 7013 7016
o Box877
v 14.6526 9.39396 1.48159
v 17.2781 10.73 0.238478
v 15.8506 12.6165 -0.748902
v 13.2251 11.2805 0.494214
v 14.7041 9.61324 1.82608
v 17.3297 10.9493 0.582963
v 15.9021 12.8358 -0.404417
v 13.2766 11.4997 0.838699
f 7017 7018 7019 7020
f 7021 7022 7023 7024
f 7017 7018 7022 7021
f 7018 7019 7023 7022
f 7019 7020 7024 7023
f 7020 7017 7021 7024
o Box878
v 15.0555 9.11333 2.09789
v 17.3479 10.0741 0.901518
v 16.4341 11.0589 -0.0585521
v 14.1417 10.0981 1.13782
v 15.0667 9.25738 2.23499
v 17.359 10.2182 1.03862
v 16.4452 11.2029 0.0785544
v 14.1529 10.2421 1.27492
f 7025 7026 7027 7028
f 7029 7030 7031 7032
f 7025 7026 7030 7029
f 7026 7027 7031 7030
f 7027 7028 7032 7031
f 7028 7025 7029 7032
o Box879
v 14.262 10.0848 1.17657
v 16.2971 10.692 0.231883
v 16.7393 10.2205 0.881396
v 14.7041 9.61325 1.82608
v 14.262 10.0848 1.17655
v 16.2971 10.692 0.231863
v 16.7393 10.2205 0.881376
v 14.7041 9.61322 1.82606
f 7033 7034 7035 7036
f 7037 7038 7039 7040
f 7033 7034 7038 7037
f 7034 7035 7039 7038
f 7035 7036 7040 7039
f 7036 7033 7037 7040
o Box880
v 14.3826 10.0531 0.927441
v 16.8891 11.0264 0.0716442
v 16.1095 12.5692 -0.457172
v 13.603 11.5958 0.398625
v 14.4137 10.13 1.10611
v 16.9202 11.1034 0.250309
v 16.1406 12.6462 -0.278507
v 13.6341 11.6728 0.57729
f 7041 7042 7043 7044
f 7045 7046 7047 7048
f 7041 7042 7046 7045
f 7042 7043 7047 7046
f 7043 7044 7048 7047
f 7044 7041 7045 7048
o Box881
v 14.4137 10.13 1.10611
v 16.6291 10.8832 0.280315
v 16.2259 11.5843 -0.162121
v 14.0105 10.8311 0.66367
v 14.4137 10.13 1.10611
v 16.6291 10.8832 0.280319
v 16.2259 11.5843 -0.162117
v 14.0105 10.8311 0.663674
f 7049 7050 7051 7052
f 7053 7054 7055 7056
f 7049 7050 7054 7053
f 7050 7051 7055 7054
f 7051 7052 7056 7055
f 7052 7049 7053 7056
o Box882
v 14.1366 10.874 0.61666
v 16.5534 11.7185 -0.0665244
v 16.2115 12.5608 -0.234891
v 13.7947 11.7163 0.448294
v 14.1366 10.874 0.616672
v 16.5534 11.7185 -0.0665122
v 16.2115 12.5608 -0.234878
v 13.7947 11.7163 0.448306
f 7057 7058 7059 7060
f 7061 7062 7063 7064
f 7057 7058 7062 7061
f 7058 7059 7063 7062
f 7059 7060 7064 7063
f 7060 7057 7061 7064
o Box883
v 14.5381 9.78163 1.6041
v 16.5439 10.4289 0.594368
v 16.9863 9.98036 1.18562
v 14.9804 9.33311 2.19535
v 14.5381 9.78163 1.6041
v 16.5439 10.4289 0.594365
v 16.9863 9.98035 1.18562
v 14.9804 9.3331 2.19535
f 7065 7066 7067 7068
f 7069 7070 7071 7072
f 7065 7066 7070 7069
f 7066 7067 7071 7070
f 7067 7068 7072 7071
f 7068 7065 7069 7072
o Box884
v 14.6611 9.72576 1.34724
v 16.8492 10.5429 0.472275
v 16.4452 11.2029 0.0785554
v 14.2572 10.3858 0.953522
v 14.6611 9.72577 1.34726
v 16.8492 10.5429 0.472297
v 16.4452 11.2029 0.0785773
v 14.2572 10.3858 0.953544
f 7073 7074 7075 7076
f 7077 7078 7079 7080
f 7073 7074 7078 7077
f 7074 7075 7079 7078
f 7075 7076 7080 7079
f 7076 7073 7077 7080
o Box885
v 14.3777 9.44319 3.09261
v 16.4149 9.48454 1.63737
v 17.3592 9.91246 2.97143
v 15.322 9.87112 4.42667
v 14.4093 9.25263 3.13139
v 16.4465 9.29398 1.67615
v 17.3908 9.7219 3.01021
v 15.3536 9.68056 4.46545
f 7081 7082 7083 7084
f 7085 7086 7087 7088
f 7081 7082 7086 7085
f 7082 7083 7087 7086
f 7083 7084 7088 7087
f 7084 7081 7085 7088
o Box886
v 14.387 9.60232 1.98285
v 16.4856 9.95539 0.96743
v 17.4575 9.80137 2.92236
v 15.3589 9.4483 3.93778
v 14.4076 9.4065 1.95721
v 16.5062 9.75957 0.941793
v 17.478 9.60556 2.89672
v 15.3794 9.25249 3.91214
f 7089 7090 7091 7092
f 7093 7094 7095 7096
f 7089 7090 7094 7093
f 7090 7091 7095 7094
f 7091 7092 7096 7095
f 7092 7089 7093 7096
o Box887
v 14.9312 9.47919 3.73568
v 16.7491 9.45276 2.72267
v 17.1399 9.84469 3.41367
v 15.322 9.87113 4.42667
v 14.9313 9.47917 3.73569
v 16.7491 9.45274 2.72268
v 17.1399 9.84467 3.41368
v 15.322 9.8711 4.42668
f 7097 7098 7099 7100
f 7101 7102 7103 7104
f 7097 7098 7102 7101
f 7098 7099 7103 7102
f 7099 7100 7104 7103
f 7100 7097 7101 7104
o Box888
v 14.7513 9.36208 2.81794
v 16.5727 9.55794 1.76413
v 17.0089 9.67138 2.5391
v 15.1874 9.47552 3.59291
v 14.7513 9.36202 2.81794
v 16.5727 9.55788 1.76413
v 17.0089 9.67131 2.5391
v 15.1874 9.47546 3.59292
f 7105 7106 7107 7108
f 7109 7110 7111 7112
f 7105 7106 7110 7109
f 7106 7107 7111 7110
f 7107 7108 7112 7111
f 7108 7105 7109 7112
o Box889
v 14.519 9.57264 1.92617
v 16.4168 9.98882 0.899993
v 16.8707 9.80209 1.66356
v 14.9728 9.38591 2.68974
v 14.519 9.57263 1.92617
v 16.4168 9.98881 0.89999
v 16.8707 9.80208 1.66356
v 14.9728 9.3859 2.68973
f 7113 7114 7115 7116
f 7117 7118 7119 7120
f 7113 7114 7118 7117
f 7114 7115 7119 7118
f 7115 7116 7120 7119
f 7116 7113 7117 7120
o Box890
v 14.636 9.51707 2.86312
v 16.6786 9.88109 1.34048
v 17.6543 9.88579 2.65048
v 15.6117 9.52177 4.17312
v 14.6588 9.32123 2.84686
v 16.7014 9.68525 1.32422
v 17.6771 9.68995 2.63422
v 15.6345 9.32593 4.15686
f 7121 7122 7123 7124
f 7125 7126 7127 7128
f 7121 7122 7126 7125
f 7122 7123 7127 7126
f 7123 7124 7128 7127
f 7124 7121 7125 7128
o Box891
v 15.0237 9.43941 3.31423
v 16.8332 9.62563 2.22692
v 17.2733 9.72253 2.97589
v 15.4638 9.53632 4.0632
v 15.0237 9.4394 3.31423
v 16.8332 9.62562 2.22692
v 17.2733 9.72252 2.97589
v 15.4638 9.53631 4.0632
f 7129 7130 7131 7132
f 7133 7134 7135 7136
f 7129 7130 7134 7133
f 7130 7131 7135 7134
f 7131 7132 7136 7135
f 7132 7129 7133 7136
o Box892
v 14.8048 9.45495 2.42692
v 16.6786 9.88109 1.34049
v 17.134 9.69403 2.05252
v 15.2601 9.2679 3.13895
v 14.8048 9.45494 2.42691
v 16.6786 9.88108 1.34048
v 17.134 9.69402 2.05252
v 15.2601 9.26788 3.13895
f 7137 7138 7139 7140
f 7141 7142 7143 7144
f 7137 7138 7142 7141
f 7138 7139 7143 7142
f 7139 7140 7144 7143
f 7140 7137 7141 7144
o Box893
v 16.1032 10.6298 0.962839
v 18.8118 11.0681 -0.253205
v 19.8236 9.81044 1.54713
v 17.115 9.37219 2.76317
v 16.0596 10.2702 0.736105
v 18.7682 10.7084 -0.479939
v 19.78 9.45079 1.3204
v 17.0714 9.01255 2.53644
f 7145 7146 7147 7148
f 7149 7150 7151 7152
f 7145 7146 7150 7149
f 7146 7147 7151 7150
f 7147 7148 7152 7151
f 7148 7145 7149 7152
o Box894
v 15.7943 10.136 1.91653
v 18.2531 9.88024 0.327997
v 19.5858 9.82014 2.4005
v 17.1271 10.0759 3.98903
v 15.7575 9.7109 1.9279
v 18.2162 9.45515 0.339374
v 19.549 9.39505 2.41188
v 17.0902 9.6508 4.00041
f 7153 7154 7155 7156
f 7157 7158 7159 7160
f 7153 7154 7158 7157
f 7154 7155 7159 7158
f 7155 7156 7160 7159
f 7156 7153 7157 7160
o Box895
v 16.5449 10.4364 0.597927
v 18.7197 10.3285 0.225065
v 18.9669 9.49805 1.90683
v 16.792 9.60597 2.27969
v 16.5253 10.2866 0.526852
v 18.7001 10.1787 0.15399
v 18.9472 9.34827 1.83575
v 16.7724 9.45619 2.20862
f 7161 7162 7163 7164
f 7165 7166 7167 7168
f 7161 7162 7166 7165
f 7162 7163 7167 7166
f 7163 7164 7168 7167
f 7164 7161 7165 7168
o Box896
v 16.901 9.33385 1.6496
v 19.4087 9.80148 0.673267
v 18.7857 10.9256 -0.388658
v 16.278 10.458 0.587677
v 16.9272 9.47631 1.78505
v 19.4349 9.94394 0.808718
v 18.8118 11.0681 -0.253206
v 16.3041 10.6005 0.723129
f 7169 7170 7171 7172
f 7173 7174 7175 7176
f 7169 7170 7174 7173
f 7170 7171 7175 7174
f 7171 7172 7176 7175
f 7172 7169 7173 7176
o Box897
v 16.3943 10.4164 0.646025
v 18.5703 10.5977 -0.105248
v 18.8546 10.0624 0.589219
v 16.6786 9.8811 1.34049
v 16.3943 10.4164 0.646008
v 18.5703 10.5977 -0.105265
v 18.8546 10.0624 0.589201
v 16.6786 9.88107 1.34047
f 7177 7178 7179 7180
f 7181 7182 7183 7184
f 7177 7178 7182 7181
f 7178 7179 7183 7182
f 7179 7180 7184 7183
f 7180 7177 7181 7184
o Box898
v 16.7036 9.71864 1.9441
v 18.7014 9.75736 1.04159
v 19.0493 9.50759 1.80097
v 17.0515 9.46887 2.70347
v 16.7036 9.71859 1.94408
v 18.7013 9.75731 1.04158
v 19.0492 9.50753 1.80095
v 17.0515 9.46881 2.70346
f 7185 7186 7187 7188
f 7189 7190 7191 7192
f 7185 7186 7190 7189
f 7186 7187 7191 7190
f 7187 7188 7192 7191
f 7188 7185 7189 7192
o Box899
v 16.5664 10.0745 1.09774
v 18.7276 10.3014 0.279055
v 19.0238 9.7912 0.91945
v 16.8625 9.56428 1.73813
v 16.5664 10.0745 1.09773
v 18.7276 10.3014 0.279046
v 19.0238 9.79119 0.919441
v 16.8625 9.56426 1.73812
f 7193 7194 7195 7196
f 7197 7198 7199 7200
f 7193 7194 7198 7197
f 7194 7195 7199 7198
f 7195 7196 7200 7199
f 7196 7193 7197 7200
o Box900
v 16.6871 9.99163 0.862809
v 19.047 10.3499 0.187698
v 18.8118 11.0681 -0.253221
v 16.4519 10.7098 0.421891
v 16.6871 9.99164 0.862824
v 19.047 10.3499 0.187712
v 18.8118 11.0681 -0.253206
v 16.4519 10.7098 0.421905
f 7201 7202 7203 7204
f 7205 7206 7207 7208
f 7201 7202 7206 7205
f 7202 7203 7207 7206
f 7203 7204 7208 7207
f 7204 7201 7205 7208
o Box901
v 16.2382 9.79783 2.56453
v 18.3541 9.42785 1.31655
v 19.2429 9.70591 2.74105
v 17.1271 10.0759 3.98903
v 16.2299 9.60637 2.60712
v 18.3457 9.2364 1.35914
v 19.2346 9.51446 2.78363
v 17.1187 9.88443 4.03162
f 7209 7210 7211 7212
f 7213 7214 7215 7216
f 7209 7210 7214 7213
f 7210 7211 7215 7214
f 7211 7212 7216 7215
f 7212 7209 7213 7216
o Box902
v 16.675 9.88967 1.34204
v 18.6903 9.76456 0.977922
v 19.0142 9.5619 2.84016
v 16.9989 9.68701 3.20428
v 16.6619 9.7244 1.32634
v 18.6772 9.59929 0.962215
v 19.0011 9.39663 2.82445
v 16.9858 9.52174 3.18857
f 7217 7218 7219 7220
f 7221 7222 7223 7224
f 7217 7218 7222 7221
f 7218 7219 7223 7222
f 7219 7220 7224 7223
f 7220 7217 7221 7224
o Box903
v 16.7321 9.74638 3.26228
v 18.5861 9.36313 2.42834
v 18.9811 9.69264 3.1551
v 17.1271 10.0759 3.98903
v 16.7321 9.74635 3.26229
v 18.5861 9.36311 2.42835
v 18.9811 9.69262 3.15511
v 17.1271 10.0759 3.98904
f 7225 7226 7227 7228
f 7229 7230 7231 7232
f 7225 7226 7230 7229
f 7226 7227 7231 7230
f 7227 7228 7232 7231
f 7228 7225 7229 7232
o Box904
v 16.6097 9.6459 2.32945
v 18.511 9.47334 1.45723
v 18.8902 9.52071 2.27452
v 16.9889 9.69328 3.14675
v 16.6097 9.6459 2.32945
v 18.511 9.47334 1.45723
v 18.8902 9.52071 2.27452
v 16.9889 9.69327 3.14675
f 7233 7234 7235 7236
f 7237 7238 7239 7240
f 7233 7234 7238 7237
f 7234 7235 7239 7238
f 7235 7236 7240 7239
f 7236 7233 7237 7240
o Box905
v 16.493 9.87893 1.41789
v 18.5066 9.90239 0.578437
v 18.8468 9.6491 1.38748
v 16.8332 9.62564 2.22692
v 16.493 9.87888 1.41787
v 18.5066 9.90234 0.578423
v 18.8468 9.64905 1.38746
v 16.8332 9.62559 2.22691
f 7241 7242 7243 7244
f 7245 7246 7247 7248
f 7241 7242 7246 7245
f 7242 7243 7247 7246
f 7243 7244 7248 7247
f 7244 7241 7245 7248
o Box906
v 16.8454 9.67999 2.85051
v 18.7361 9.50152 1.94241
v 19.1192 9.53715 2.73292
v 17.2284 9.71562 3.64103
v 16.8454 9.67991 2.85052
v 18.7361 9.50145 1.94242
v 19.1192 9.53708 2.73293
v 17.2284 9.71555 3.64103
f 7249 7250 7251 7252
f 7253 7254 7255 7256
f 7249 7250 7254 7253
f 7250 7251 7255 7254
f 7251 7252 7256 7255
f 7252 7249 7253 7256
o Box907
v 14.23 10.5721 -0.587369
v 17.8367 12.2569 -0.72999
v 16.3411 15.6108 1.06813
v 12.7344 13.926 1.21075
v 14.4574 10.1656 0.359981
v 18.0641 11.8504 0.21736
v 16.5684 15.2043 2.01548
v 12.9617 13.5195 2.1581
f 7257 7258 7259 7260
f 7261 7262 7263 7264
f 7257 7258 7262 7261
f 7258 7259 7263 7262
f 7259 7260 7264 7263
f 7260 7257 7261 7264
o Box908
v 16.9815 10.0159 -1.01129
v 21.0848 12.8563 -0.623472
v 18.6504 16.2052 0.605837
v 14.5471 13.3648 0.218016
v 17.1211 9.6349 0.302919
v 21.2243 12.4753 0.69074
v 18.7899 15.8243 1.92005
v 14.6866 12.9839 1.53223
f 7265 7266 7267 7268
f 7269 7270 7271 7272
f 7265 7266 7270 7269
f 7266 7267 7271 7270
f 7267 7268 7272 7271
f 7268 7265 7269 7272
o Box909
v 13.5079 11.0293 0.111495
v 16.3567 11.1593 -0.575565
v 16.4344 14.7044 0.417712
v 13.5856 14.5744 1.10477
v 13.6652 10.8525 0.730352
v 16.514 10.9825 0.0432919
v 16.5918 14.5276 1.03657
v 13.7429 14.3976 1.72363
f 7273 7274 7275 7276
f 7277 7278 7279 7280
f 7273 7274 7278 7277
f 7274 7275 7279 7278
f 7275 7276 7280 7279
f 7276 7273 7277 7280
o Box910
v 13.817 12.4121 -0.183367
v 17.1148 13.4748 -0.255934
v 16.6008 15.1948 1.5714
v 13.303 14.1321 1.64397
v 13.9132 12.1333 0.106116
v 17.211 13.196 0.0335487
v 16.697 14.916 1.86088
v 13.3992 13.8533 1.93345
f 7281 7282 7283 7284
f 7285 7286 7287 7288
f 7281 7282 7286 7285
f 7282 7283 7287 7286
f 7283 7284 7288 7287
f 7284 7281 7285 7288
o Box911
v 13.8025 11.9462 0.0654507
v 16.961 13.1011 -0.23963
v 16.3069 15.2495 1.12094
v 13.1483 14.0946 1.42602
v 13.9062 11.7553 0.416775
v 17.0648 12.9102 0.111695
v 16.4106 15.0586 1.47226
v 13.2521 13.9037 1.77734
f 7289 7290 7291 7292
f 7293 7294 7295 7296
f 7289 7290 7294 7293
f 7290 7291 7295 7294
f 7291 7292 7296 7295
f 7292 7289 7293 7296
o Box912
v 14.3419 10.3085 0.481354
v 17.0342 11.4487 -0.198096
v 16.3585 13.0177 -0.242672
v 13.6662 11.8776 0.436779
v 14.3813 10.331 0.675458
v 17.0737 11.4712 -0.0039928
v 16.3979 13.0402 -0.0485683
v 13.7056 11.9001 0.630882
f 7297 7298 7299 7300
f 7301 7302 7303 7304
f 7297 7298 7302 7301
f 7298 7299 7303 7302
f 7299 7300 7304 7303
f 7300 7297 7301 7304
o Box913
v 13.9062 11.7553 0.41676
v 16.5222 12.6305 -0.112197
v 16.2567 13.5063 0.0237737
v 13.6407 12.6311 0.552731
v 13.9062 11.7553 0.416775
v 16.5222 12.6305 -0.112182
v 16.2567 13.5063 0.023788
v 13.6407 12.6311 0.552745
f 7305 7306 7307 7308
f 7309 7310 7311 7312
f 7305 7306 7310 7309
f 7306 7307 7311 7310
f 7307 7308 7312 7311
f 7308 7305 7309 7312
o Box914
v 13.7015 12.7856 0.379944
v 16.7264 13.6812 0.100673
v 16.4311 15.0402 1.25965
v 13.4062 14.1447 1.53892
v 13.7503 12.6678 0.530561
v 16.7752 13.5633 0.25129
v 16.4798 14.9224 1.41027
v 13.455 14.0269 1.68954
f 7313 7314 7315 7316
f 7317 7318 7319 7320
f 7313 7314 7318 7317
f 7314 7315 7319 7318
f 7315 7316 7320 7319
f 7316 7313 7317 7320
o Box915
v 13.7503 12.6678 0.530522
v 16.5403 13.5096 0.154642
v 16.3577 14.3068 0.584592
v 13.5677 13.465 0.960473
v 13.7503 12.6678 0.530561
v 16.5403 13.5096 0.154681
v 16.3577 14.3068 0.584631
v 13.5677 13.465 0.960511
f 7321 7322 7323 7324
f 7325 7326 7327 7328
f 7321 7322 7326 7325
f 7322 7323 7327 7326
f 7323 7324 7328 7327
f 7324 7321 7325 7328
o Box916
v 13.6878 13.5013 0.944293
v 16.6065 14.2474 0.706057
v 16.5036 14.8653 1.38134
v 13.585 14.1192 1.61957
v 13.6878 13.5012 0.944312
v 16.6065 14.2474 0.706076
v 16.5036 14.8653 1.38136
v 13.585 14.1192 1.61959
f 7329 7330 7331 7332
f 7333 7334 7335 7336
f 7329 7330 7334 7333
f 7330 7331 7335 7334
f 7331 7332 7336 7335
f 7332 7329 7333 7336
o Box917
v 14.3423 10.3989 0.698433
v 16.7387 11.3151 -0.00795656
v 16.3945 12.1098 -0.144752
v 13.9982 11.1936 0.561638
v 14.3424 10.3989 0.69845
v 16.7387 11.3151 -0.00793979
v 16.3946 12.1098 -0.144735
v 13.9982 11.1936 0.561655
f 7337 7338 7339 7340
f 7341 7342 7343 7344
f 7337 7338 7342 7341
f 7338 7339 7343 7342
f 7339 7340 7344 7343
f 7340 7337 7341 7344
o Box918
v 14.0629 11.2703 0.328518
v 16.6669 12.2079 -0.200015
v 16.3979 13.0402 -0.0485754
v 13.794 12.1026 0.479958
v 14.0629 11.2703 0.328526
v 16.6669 12.2079 -0.200007
v 16.3979 13.0402 -0.0485676
v 13.794 12.1026 0.479966
f 7345 7346 7347 7348
f 7349 7350 7351 7352
f 7345 7346 7350 7349
f 7346 7347 7351 7350
f 7347 7348 7352 7351
f 7348 7345 7349 7352
o Box919
v 13.856 12.2331 0.282892
v 16.6409 13.1174 -0.0802544
v 16.455 13.8819 0.355415
v 13.6701 12.9977 0.718562
v 13.856 12.2331 0.282932
v 16.6409 13.1174 -0.0802152
v 16.455 13.8819 0.355454
v 13.6701 12.9977 0.718601
f 7353 7354 7355 7356
f 7357 7358 7359 7360
f 7353 7354 7358 7357
f 7354 7355 7359 7358
f 7355 7356 7360 7359
f 7356 7353 7357 7360
o Box920
v 13.7118 13.3128 0.396586
v 16.837 14.0828 0.268378
v 16.6537 15.0734 1.75026
v 13.5285 14.3034 1.87847
v 13.7551 13.1553 0.507213
v 16.8803 13.9254 0.379004
v 16.697 14.916 1.86089
v 13.5718 14.1459 1.98909
f 7361 7362 7363 7364
f 7365 7366 7367 7368
f 7361 7362 7366 7365
f 7362 7363 7367 7366
f 7363 7364 7368 7367
f 7364 7361 7365 7368
o Box921
v 13.7455 13.1698 0.567001
v 16.6627 13.9365 0.339239
v 16.5589 14.5334 1.01857
v 13.6416 13.7667 1.24633
v 13.7455 13.1698 0.567029
v 16.6627 13.9365 0.339268
v 16.5589 14.5333 1.0186
v 13.6416 13.7666 1.24636
f 7369 7370 7371 7372
f 7373 7374 7375 7376
f 7369 7370 7374 7373
f 7370 7371 7375 7374
f 7371 7372 7376 7375
f 7372 7369 7373 7376
o Box922
v 13.7434 13.9658 1.14573
v 16.7288 14.5676 1.01092
v 16.697 14.916 1.86086
v 13.7116 14.3142 1.99567
v 13.7435 13.9657 1.14576
v 16.7289 14.5676 1.01095
v 16.697 14.916 1.86088
v 13.7116 14.3141 1.99569
f 7377 7378 7379 7380
f 7381 7382 7383 7384
f 7377 7378 7382 7381
f 7378 7379 7383 7382
f 7379 7380 7384 7383
f 7380 7377 7381 7384
o Box923
v 16.4766 10.3512 0.151099
v 19.4937 10.959 -0.4136
v 18.9124 13.5111 -0.772713
v 15.8953 12.9033 -0.208014
v 16.5439 10.4289 0.594366
v 19.561 11.0367 0.0296672
v 18.9797 13.5888 -0.329445
v 15.9626 12.981 0.235254
f 7385 7386 7387 7388
f 7389 7390 7391 7392
f 7385 7386 7390 7389
f 7386 7387 7391 7390
f 7387 7388 7392 7391
f 7388 7385 7389 7392
o Box924
v 16.4342 12.8003 -0.652074
v 19.7866 13.1171 -0.576659
v 19.5662 15.0339 1.16532
v 16.2138 14.7171 1.08991
v 16.4554 12.4954 -0.313883
v 19.8078 12.8122 -0.238468
v 19.5874 14.729 1.50351
v 16.2351 14.4122 1.4281
f 7393 7394 7395 7396
f 7397 7398 7399 7400
f 7393 7394 7398 7397
f 7394 7395 7399 7398
f 7395 7396 7400 7399
f 7396 7393 7397 7400
o Box925
v 16.4831 10.3487 0.196531
v 19.5355 11.0747 -0.416402
v 18.8587 13.5814 -0.817944
v 15.8063 12.8554 -0.205011
v 16.5439 10.4289 0.594367
v 19.5964 11.1548 -0.0185661
v 18.9196 13.6615 -0.420108
v 15.8671 12.9356 0.192825
f 7401 7402 7403 7404
f 7405 7406 7407 7408
f 7401 7402 7406 7405
f 7402 7403 7407 7406
f 7403 7404 7408 7407
f 7404 7401 7405 7408
o Box926
v 16.5471 10.6075 -0.0291697
v 19.4352 11.1829 -0.477547
v 19.0811 12.8637 -0.6012
v 16.1931 12.2883 -0.152823
v 16.5735 10.6274 0.166396
v 19.4616 11.2028 -0.281981
v 19.1075 12.8836 -0.405634
v 16.2195 12.3082 0.0427434
f 7409 7410 7411 7412
f 7413 7414 7415 7416
f 7409 7410 7414 7413
f 7410 7411 7415 7414
f 7411 7412 7416 7415
f 7412 7409 7413 7416
o Box927
v 16.5439 10.4289 0.594365
v 18.9133 10.7185 -0.0304693
v 18.6929 11.4776 -0.514251
v 16.3235 11.188 0.110583
v 16.5439 10.4289 0.594426
v 18.9133 10.7185 -0.030408
v 18.6929 11.4777 -0.51419
v 16.3236 11.188 0.110645
f 7417 7418 7419 7420
f 7421 7422 7423 7424
f 7417 7418 7422 7421
f 7418 7419 7423 7422
f 7419 7420 7424 7423
f 7420 7417 7421 7424
o Box928
v 16.4178 11.1961 -0.115995
v 19.2827 11.6459 -0.535787
v 18.9967 13.4466 -0.558547
v 16.1318 12.9968 -0.138755
v 16.4452 11.2029 0.0785552
v 19.3102 11.6527 -0.341237
v 19.0241 13.4534 -0.363997
v 16.1592 13.0036 0.055795
f 7425 7426 7427 7428
f 7429 7430 7431 7432
f 7425 7426 7430 7429
f 7426 7427 7431 7430
f 7427 7428 7432 7431
f 7428 7425 7429 7432
o Box929
v 16.4452 11.2029 0.0785454
v 19.0172 11.5468 -0.395591
v 18.8603 12.4395 -0.599296
v 16.2883 12.0956 -0.12516
v 16.4452 11.2029 0.0785554
v 19.0172 11.5468 -0.395581
v 18.8603 12.4395 -0.599286
v 16.2883 12.0956 -0.125149
f 7433 7434 7435 7436
f 7437 7438 7439 7440
f 7433 7434 7438 7437
f 7434 7435 7439 7438
f 7435 7436 7440 7439
f 7436 7433 7437 7440
o Box930
v 16.3945 12.1098 -0.14474
v 19.1552 12.4515 -0.456498
v 19.0539 13.3689 -0.34851
v 16.2932 13.0273 -0.0367524
v 16.3946 12.1098 -0.144728
v 19.1552 12.4515 -0.456486
v 19.0539 13.3689 -0.348498
v 16.2932 13.0273 -0.0367404
f 7441 7442 7443 7444
f 7445 7446 7447 7448
f 7441 7442 7446 7445
f 7442 7443 7447 7446
f 7443 7444 7448 7447
f 7444 7441 7445 7448
o Box931
v 16.5479 10.6992 0.184872
v 19.1164 11.1177 -0.312155
v 18.9437 11.9649 -0.490994
v 16.3752 11.5464 0.00603241
v 16.5479 10.6992 0.184889
v 19.1164 11.1177 -0.312138
v 18.9437 11.9649 -0.490977
v 16.3752 11.5464 0.00604936
f 7449 7450 7451 7452
f 7453 7454 7455 7456
f 7449 7450 7454 7453
f 7450 7451 7455 7454
f 7451 7452 7456 7455
f 7452 7449 7453 7456
o Box932
v 16.4616 11.6008 -0.212419
v 19.2231 12.0059 -0.522353
v 19.1075 12.8836 -0.405637
v 16.346 12.4786 -0.0957034
v 16.4616 11.6008 -0.212416
v 19.2231 12.0059 -0.52235
v 19.1075 12.8836 -0.405634
v 16.346 12.4785 -0.0957004
f 7457 7458 7459 7460
f 7461 7462 7463 7464
f 7457 7458 7462 7461
f 7458 7459 7463 7462
f 7459 7460 7464 7463
f 7460 7457 7461 7464
o Box933
v 16.3846 13.1611 -0.202939
v 19.5224 13.4545 -0.243748
v 19.4039 14.8784 0.881558
v 16.2661 14.585 0.922367
v 16.3979 13.0402 -0.0485703
v 19.5357 13.3336 -0.0893797
v 19.4172 14.7575 1.03593
v 16.2794 14.4641 1.07674
f 7465 7466 7467 7468
f 7469 7470 7471 7472
f 7465 7466 7470 7469
f 7466 7467 7471 7470
f 7467 7468 7472 7471
f 7468 7465 7469 7472
o Box934
v 16.4683 12.7588 -0.743342
v 19.8831 13.1657 -0.562577
v 19.5695 15.0114 1.20558
v 16.1547 14.6045 1.02482
v 16.4861 12.4764 -0.445412
v 19.901 12.8833 -0.264648
v 19.5874 14.729 1.50351
v 16.1726 14.3221 1.32275
f 7473 7474 7475 7476
f 7477 7478 7479 7480
f 7473 7474 7478 7477
f 7474 7475 7479 7478
f 7475 7476 7480 7479
f 7476 7473 7477 7480
o Box935
v 16.3979 13.0402 -0.0485856
v 19.3112 13.3238 -0.199916
v 19.2517 14.1541 0.210179
v 16.3384 13.8706 0.36151
v 16.3979 13.0402 -0.0485685
v 19.3112 13.3237 -0.199899
v 19.2517 14.1541 0.210196
v 16.3384 13.8706 0.361527
f 7481 7482 7483 7484
f 7485 7486 7487 7488
f 7481 7482 7486 7485
f 7482 7483 7487 7486
f 7483 7484 7488 7487
f 7484 7481 7485 7488
o Box936
v 16.455 13.8819 0.355422
v 19.4664 14.0555 0.347376
v 19.4311 14.6989 1.01092
v 16.4197 14.5253 1.01897
v 16.455 13.8819 0.355453
v 19.4664 14.0555 0.347407
v 19.4311 14.6989 1.01095
v 16.4197 14.5253 1.019
f 7489 7490 7491 7492
f 7493 7494 7495 7496
f 7489 7490 7494 7493
f 7490 7491 7495 7494
f 7491 7492 7496 7495
f 7492 7489 7493 7496
o Box937
v 16.4377 12.5861 -0.280572
v 19.3535 12.9111 -0.417224
v 19.2833 13.7135 -0.00741921
v 16.3675 13.3885 0.129233
v 16.4377 12.586 -0.280514
v 19.3535 12.911 -0.417166
v 19.2833 13.7134 -0.00736065
v 16.3675 13.3884 0.129291
f 7497 7498 7499 7500
f 7501 7502 7503 7504
f 7497 7498 7502 7501
f 7498 7499 7503 7502
f 7499 7500 7504 7503
f 7500 7497 7501 7504
o Box938
v 16.4847 13.677 -0.182991
v 19.6887 13.8366 -0.0671116
v 19.5837 14.8882 1.38826
v 16.3797 14.7286 1.27238
v 16.4885 13.5179 -0.067736
v 19.6924 13.6774 0.0481431
v 19.5874 14.729 1.50351
v 16.3834 14.5695 1.38763
f 7505 7506 7507 7508
f 7509 7510 7511 7512
f 7505 7506 7510 7509
f 7506 7507 7511 7510
f 7507 7508 7512 7511
f 7508 7505 7509 7512
o Box939
v 16.4777 13.5345 -0.0113979
v 19.491 13.7267 -0.00712544
v 19.45 14.3544 0.655597
v 16.4367 14.1622 0.651324
v 16.4777 13.5344 -0.0113723
v 19.491 13.7267 -0.00709981
v 19.45 14.3544 0.655622
v 16.4367 14.1621 0.65135
f 7513 7514 7515 7516
f 7517 7518 7519 7520
f 7513 7514 7518 7517
f 7514 7515 7519 7518
f 7515 7516 7520 7519
f 7516 7513 7517 7520
o Box940
v 16.5755 14.3309 0.561481
v 19.6181 14.3558 0.661097
v 19.5874 14.729 1.50351
v 16.5449 14.7041 1.4039
v 16.5755 14.3309 0.561511
v 19.6181 14.3558 0.661127
v 19.5874 14.729 1.50354
v 16.5449 14.7041 1.40393
f 7521 7522 7523 7524
f 7525 7526 7527 7528
f 7521 7522 7526 7525
f 7522 7523 7527 7526
f 7523 7524 7528 7527
f 7524 7521 7525 7528
o Box941
v 13.8233 10.5241 4.09063
v 18.6752 9.24674 2.64237
v 20.1256 13.2559 3.96508
v 15.2737 14.5333 5.41334
v 14.0488 10.0576 5.25743
v 18.9007 8.78022 3.80917
v 20.351 12.7894 5.13188
v 15.4992 14.0668 6.58014
f 7529 7530 7531 7532
f 7533 7534 7535 7536
f 7529 7530 7534 7533
f 7530 7531 7535 7534
f 7531 7532 7536 7535
f 7532 7529 7533 7536
o Box942
v 13.7324 15.5986 1.53871
v 19.631 15.5601 1.26988
v 19.8141 13.9738 5.51365
v 13.9154 14.0123 5.78247
v 13.7031 14.3545 1.07494
v 19.6018 14.316 0.806116
v 19.7848 12.7297 5.04988
v 13.8862 12.7682 5.31871
f 7537 7538 7539 7540
f 7541 7542 7543 7544
f 7537 7538 7542 7541
f 7538 7539 7543 7542
f 7539 7540 7544 7543
f 7540 7537 7541 7544
o Box943
v 16.0512 8.58652 4.23877
v 14.0601 12.2429 6.23471
v 17.0006 13.9369 6.06483
v 18.9917 10.2805 4.06889
v 15.7618 8.98636 3.21764
v 13.7707 12.6428 5.21358
v 16.7113 14.3368 5.0437
v 18.7024 10.6804 3.04776
f 7545 7546 7547 7548
f 7549 7550 7551 7552
f 7545 7546 7550 7549
f 7546 7547 7551 7550
f 7547 7548 7552 7551
f 7548 7545 7549 7552
o Box944
v 17.6047 8.68508 3.88863
v 16.1956 12.7085 5.67604
v 19.3866 13.8 5.73443
v 20.7957 9.77666 3.94702
v 17.4805 9.10378 2.84824
v 16.0714 13.1272 4.63565
v 19.2624 14.2187 4.69403
v 20.6715 10.1954 2.90662
f 7553 7554 7555 7556
f 7557 7558 7559 7560
f 7553 7554 7558 7557
f 7554 7555 7559 7558
f 7555 7556 7560 7559
f 7556 7553 7557 7560
o Box945
v 14.4694 10.3333 4.61456
v 16.9496 9.63635 3.10834
v 18.1938 11.4376 4.32369
v 15.7136 12.1345 5.8299
v 14.5839 10.0332 4.94201
v 17.0642 9.33628 3.4358
v 18.3084 11.1375 4.65114
v 15.8281 11.8344 6.15736
f 7561 7562 7563 7564
f 7565 7566 7567 7568
f 7561 7562 7566 7565
f 7562 7563 7567 7566
f 7563 7564 7568 7567
f 7564 7561 7565 7568
o Box946
v 14.7785 11.4063 5.58789
v 17.2576 11.1696 5.09532
v 17.4262 13.3872 4.87809
v 14.9472 13.6239 5.37067
v 14.8132 11.4201 5.75577
v 17.2923 11.1834 5.2632
v 17.4609 13.401 5.04598
v 14.9818 13.6377 5.53855
f 7569 7570 7571 7572
f 7573 7574 7575 7576
f 7569 7570 7574 7573
f 7570 7571 7575 7574
f 7571 7572 7576 7575
f 7572 7569 7573 7576
o Box947
v 14.8853 9.91454 4.54794
v 17.048 9.78675 3.808
v 17.538 11.5795 4.9304
v 15.3752 11.7073 5.67034
v 14.933 9.80208 4.70674
v 17.0957 9.67429 3.9668
v 17.5857 11.467 5.08919
v 15.4229 11.5948 5.82914
f 7577 7578 7579 7580
f 7581 7582 7583 7584
f 7577 7578 7582 7581
f 7578 7579 7583 7582
f 7579 7580 7584 7583
f 7580 7577 7581 7584
o Box948
v 14.8849 9.98817 4.43891
v 16.9889 9.69327 3.14675
v 17.8067 10.7018 4.24809
v 15.7027 10.9967 5.54025
v 14.9305 9.83108 4.54894
v 17.0345 9.53617 3.25678
v 17.8522 10.5447 4.35812
v 15.7482 10.8396 5.65028
f 7585 7586 7587 7588
f 7589 7590 7591 7592
f 7585 7586 7590 7589
f 7586 7587 7591 7590
f 7587 7588 7592 7591
f 7588 7585 7589 7592
o Box949
v 14.6036 10.0825 4.71798
v 16.8188 9.55521 3.61782
v 17.513 10.8314 4.40401
v 15.2978 11.3586 5.50417
v 14.6506 9.96344 4.86967
v 16.8658 9.43619 3.76951
v 17.56 10.7124 4.5557
v 15.3448 11.2396 5.65586
f 7593 7594 7595 7596
f 7597 7598 7599 7600
f 7593 7594 7598 7597
f 7594 7595 7599 7598
f 7595 7596 7600 7599
f 7596 7593 7597 7600
o Box950
v 15.198 11.0042 5.35509
v 17.2309 10.7273 4.65217
v 17.4613 11.5454 4.99627
v 15.4283 11.8223 5.69919
v 15.198 11.0042 5.35509
v 17.2309 10.7273 4.65217
v 17.4613 11.5454 4.99627
v 15.4283 11.8223 5.69919
f 7601 7602 7603 7604
f 7605 7606 7607 7608
f 7601 7602 7606 7605
f 7602 7603 7607 7606
f 7603 7604 7608 7607
f 7604 7601 7605 7608
o Box951
v 15.0578 10.5751 5.20061
v 17.0818 10.2406 4.4636
v 17.3218 11.0241 4.76715
v 15.2978 11.3586 5.50416
v 15.0578 10.5751 5.20062
v 17.0818 10.2406 4.46361
v 17.3218 11.0241 4.76716
v 15.2978 11.3586 5.50417
f 7609 7610 7611 7612
f 7613 7614 7615 7616
f 7609 7610 7614 7613
f 7610 7611 7615 7614
f 7611 7612 7616 7615
f 7612 7609 7613 7616
o Box952
v 15.0376 9.90338 4.56246
v 16.9263 9.6891 3.66056
v 17.249 10.3109 4.18853
v 15.3603 10.5252 5.09042
v 15.0377 9.90335 4.56248
v 16.9263 9.68907 3.66059
v 17.249 10.3109 4.18855
v 15.3603 10.5251 5.09045
f 7617 7618 7619 7620
f 7621 7622 7623 7624
f 7617 7618 7622 7621
f 7618 7619 7623 7622
f 7619 7620 7624 7623
f 7620 7617 7621 7624
o Box953
v 15.2287 10.2681 4.86047
v 17.1271 10.0759 3.98903
v 17.4492 10.7052 4.55197
v 15.5509 10.8974 5.42341
v 15.2287 10.268 4.86048
v 17.1271 10.0759 3.98905
v 17.4492 10.7052 4.55199
v 15.5509 10.8974 5.42343
f 7625 7626 7627 7628
f 7629 7630 7631 7632
f 7625 7626 7630 7629
f 7626 7627 7631 7630
f 7627 7628 7632 7631
f 7628 7625 7629 7632
o Box954
v 15.1695 9.72511 4.15647
v 16.9889 9.69327 3.14675
v 17.3839 10.0714 3.8465
v 15.5645 10.1032 4.85623
v 15.1695 9.72511 4.15648
v 16.9889 9.69327 3.14675
v 17.3839 10.0714 3.8465
v 15.5645 10.1032 4.85623
f 7633 7634 7635 7636
f 7637 7638 7639 7640
f 7633 7634 7638 7637
f 7634 7635 7639 7638
f 7635 7636 7640 7639
f 7636 7633 7637 7640
o Box955
v 14.5788 11.5099 5.56619
v 17.1529 10.9436 5.06892
v 17.4856 12.5861 4.92081
v 14.9115 13.1524 5.41807
v 14.6186 11.5194 5.76119
v 17.1926 10.9531 5.26392
v 17.5254 12.5956 5.1158
v 14.9513 13.1619 5.61307
f 7641 7642 7643 7644
f 7645 7646 7647 7648
f 7641 7642 7646 7645
f 7642 7643 7647 7646
f 7643 7644 7648 7647
f 7644 7641 7645 7648
o Box956
v 14.7481 11.9678 5.53717
v 17.288 11.569 5.05619
v 17.5206 13.3525 4.80567
v 14.9807 13.7513 5.28665
v 14.7878 11.9896 5.72897
v 17.3277 11.5908 5.248
v 17.5603 13.3742 4.99748
v 15.0204 13.773 5.47845
f 7649 7650 7651 7652
f 7653 7654 7655 7656
f 7649 7650 7654 7653
f 7650 7651 7655 7654
f 7651 7652 7656 7655
f 7652 7649 7653 7656
o Box957
v 14.8387 12.3158 5.66331
v 17.2476 11.9995 5.29939
v 17.3204 12.8361 5.05415
v 14.9115 13.1524 5.41807
v 14.8388 12.3158 5.66334
v 17.2476 11.9995 5.29942
v 17.3204 12.8361 5.05419
v 14.9115 13.1524 5.4181
f 7657 7658 7659 7660
f 7661 7662 7663 7664
f 7657 7658 7662 7661
f 7658 7659 7663 7662
f 7659 7660 7664 7663
f 7660 7657 7661 7664
o Box958
v 14.9856 11.4114 5.58163
v 17.1926 11.038 5.03404
v 17.3479 11.9026 5.0701
v 15.1408 12.2761 5.61769
v 14.9856 11.4114 5.58165
v 17.1926 11.038 5.03405
v 17.3479 11.9026 5.07011
v 15.1408 12.2761 5.6177
f 7665 7666 7667 7668
f 7669 7670 7671 7672
f 7665 7666 7670 7669
f 7666 7667 7671 7670
f 7667 7668 7672 7671
f 7668 7665 7669 7672
o Box959
v 14.8887 12.7332 5.52985
v 17.2913 12.5018 5.15217
v 17.34 13.3967 4.91346
v 14.9374 13.6281 5.29114
v 14.8887 12.7332 5.52988
v 17.2913 12.5018 5.1522
v 17.34 13.3967 4.91349
v 14.9374 13.6282 5.29117
f 7673 7674 7675 7676
f 7677 7678 7679 7680
f 7673 7674 7678 7677
f 7674 7675 7679 7678
f 7675 7676 7680 7679
f 7676 7673 7677 7680
o Box960
v 15.079 11.8612 5.58872
v 17.288 11.569 5.05619
v 17.4244 12.4842 5.12007
v 15.2154 12.7764 5.6526
v 15.079 11.8612 5.58875
v 17.288 11.569 5.05621
v 17.4244 12.4842 5.12009
v 15.2154 12.7764 5.65263
f 7681 7682 7683 7684
f 7685 7686 7687 7688
f 7681 7682 7686 7685
f 7682 7683 7687 7686
f 7683 7684 7688 7687
f 7684 7681 7685 7688
o Box961
v 16.3591 10.6885 4.10418
v 18.7798 9.51265 2.82979
v 20.2343 11.0902 4.13701
v 17.8136 12.2661 5.41141
v 16.3879 10.3836 4.44023
v 18.8086 9.20768 3.16583
v 20.2631 10.7853 4.47306
v 17.8424 11.9611 5.74745
f 7689 7690 7691 7692
f 7693 7694 7695 7696
f 7689 7690 7694 7693
f 7690 7691 7695 7694
f 7691 7692 7696 7695
f 7692 7689 7693 7696
o Box962
v 16.7774 11.7135 5.10277
v 19.2013 11.0213 4.82225
v 19.7896 13.1715 4.59978
v 17.3657 13.8637 4.88031
v 16.7999 11.7247 5.27014
v 19.2239 11.0325 4.98962
v 19.8122 13.1827 4.76716
v 17.3882 13.8749 5.04768
f 7697 7698 7699 7700
f 7701 7702 7703 7704
f 7697 7698 7702 7701
f 7698 7699 7703 7702
f 7699 7700 7704 7703
f 7700 7697 7701 7704
o Box963
v 16.703 10.1944 4.07474
v 18.8511 9.66511 3.53555
v 19.56 11.3694 4.68685
v 17.4119 11.8987 5.22604
v 16.7152 10.0812 4.23467
v 18.8634 9.55197 3.69548
v 19.5723 11.2563 4.84679
v 17.4241 11.7856 5.38598
f 7705 7706 7707 7708
f 7709 7710 7711 7712
f 7705 7706 7710 7709
f 7706 7707 7711 7710
f 7707 7708 7712 7711
f 7708 7705 7709 7712
o Box964
v 16.7206 10.2672 3.96133
v 18.8277 9.56466 2.87289
v 19.7211 10.4396 4.03755
v 17.614 11.1421 5.12599
v 16.7269 10.108 4.07613
v 18.834 9.40548 2.98769
v 19.7273 10.2804 4.15236
v 17.6202 10.9829 5.2408
f 7713 7714 7715 7716
f 7717 7718 7719 7720
f 7713 7714 7718 7717
f 7714 7715 7719 7718
f 7715 7716 7720 7719
f 7716 7713 7717 7720
o Box965
v 16.4375 10.4206 4.216
v 18.5971 9.47397 3.32363
v 19.4477 10.6224 4.16382
v 17.288 11.569 5.05619
v 16.4483 10.2989 4.37127
v 18.608 9.35234 3.4789
v 19.4585 10.5008 4.3191
v 17.2988 11.4474 5.21146
f 7721 7722 7723 7724
f 7725 7726 7727 7728
f 7721 7722 7726 7725
f 7722 7723 7727 7726
f 7723 7724 7728 7727
f 7724 7721 7725 7728
o Box966
v 17.1382 11.2337 4.90291
v 19.1319 10.5802 4.3838
v 19.4778 11.3544 4.7377
v 17.4841 12.0079 5.25681
v 17.1382 11.2337 4.90295
v 19.1319 10.5802 4.38384
v 19.4778 11.3544 4.73774
v 17.4841 12.0079 5.25685
f 7729 7730 7731 7732
f 7733 7734 7735 7736
f 7729 7730 7734 7733
f 7730 7731 7735 7734
f 7731 7732 7736 7735
f 7732 7729 7733 7736
o Box967
v 16.9343 10.8339 4.73467
v 18.9121 10.1233 4.18398
v 19.2657 10.8584 4.50549
v 17.288 11.569 5.05618
v 16.9344 10.8339 4.73475
v 18.9121 10.1233 4.18406
v 19.2657 10.8584 4.50557
v 17.288 11.569 5.05626
f 7737 7738 7739 7740
f 7741 7742 7743 7744
f 7737 7738 7742 7741
f 7738 7739 7743 7742
f 7739 7740 7744 7743
f 7740 7737 7741 7744
o Box968
v 16.8454 10.1619 4.09703
v 18.7256 9.58795 3.3758
v 19.1112 10.1534 3.93093
v 17.2309 10.7273 4.65217
v 16.8454 10.1619 4.09708
v 18.7256 9.5879 3.37584
v 19.1112 10.1533 3.93098
v 17.2309 10.7273 4.65222
f 7745 7746 7747 7748
f 7749 7750 7751 7752
f 7745 7746 7750 7749
f 7746 7747 7751 7750
f 7747 7748 7752 7751
f 7748 7745 7749 7752
o Box969
v 17.0744 10.4909 4.41317
v 18.9652 9.93934 3.72075
v 19.3477 10.5173 4.30479
v 17.4569 11.0688 4.9972
v 17.0744 10.4908 4.41319
v 18.9652 9.93932 3.72078
v 19.3477 10.5173 4.30482
v 17.4569 11.0688 4.99723
f 7753 7754 7755 7756
f 7757 7758 7759 7760
f 7753 7754 7758 7757
f 7754 7755 7759 7758
f 7755 7756 7760 7759
f 7756 7753 7757 7760
o Box970
v 16.9737 9.95159 3.70517
v 18.8277 9.56473 2.87286
v 19.2233 9.88546 3.60491
v 17.3692 10.2723 4.43722
v 16.9737 9.95153 3.7052
v 18.8277 9.56466 2.87289
v 19.2233 9.8854 3.60494
v 17.3692 10.2723 4.43725
f 7761 7762 7763 7764
f 7765 7766 7767 7768
f 7761 7762 7766 7765
f 7762 7763 7767 7766
f 7763 7764 7768 7767
f 7764 7761 7765 7768
o Box971
v 16.6005 11.8526 5.05964
v 19.0582 10.8169 4.78658
v 19.6984 12.3706 4.65601
v 17.2407 13.4063 4.92907
v 16.625 11.859 5.25632
v 19.0828 10.8233 4.98326
v 19.723 12.377 4.85268
v 17.2652 13.4127 5.12574
f 7769 7770 7771 7772
f 7773 7774 7775 7776
f 7769 7770 7774 7773
f 7770 7771 7775 7774
f 7771 7772 7776 7775
f 7772 7769 7773 7776
o Box972
v 16.8545 12.2737 5.04572
v 19.3077 11.4101 4.78202
v 19.8819 13.1176 4.53171
v 17.4287 13.9812 4.79541
v 16.8821 12.2929 5.23932
v 19.3352 11.4292 4.97562
v 19.9094 13.1367 4.72531
v 17.4563 14.0003 4.989
f 7777 7778 7779 7780
f 7781 7782 7783 7784
f 7777 7778 7782 7781
f 7778 7779 7783 7782
f 7779 7780 7784 7783
f 7780 7777 7781 7784
o Box973
v 16.9952 12.5978 5.17234
v 19.3238 11.8429 5.01373
v 19.5693 12.6514 4.77046
v 17.2407 13.4063 4.92907
v 16.9952 12.5978 5.17236
v 19.3238 11.8429 5.01375
v 19.5693 12.6514 4.77049
v 17.2407 13.4063 4.92909
f 7785 7786 7787 7788
f 7789 7790 7791 7792
f 7785 7786 7790 7789
f 7786 7787 7791 7790
f 7787 7788 7792 7791
f 7788 7785 7789 7792
o Box974
v 16.9851 11.6789 5.1062
v 19.1195 10.9044 4.75377
v 19.4257 11.7273 4.79971
v 17.2913 12.5018 5.15213
v 16.9851 11.6789 5.10625
v 19.1195 10.9044 4.75382
v 19.4257 11.7273 4.79976
v 17.2913 12.5018 5.15218
f 7793 7794 7795 7796
f 7797 7798 7799 7800
f 7793 7794 7798 7797
f 7794 7795 7799 7798
f 7795 7796 7800 7799
f 7796 7793 7797 7800
o Box975
v 17.1329 13.0005 5.04373
v 19.4715 12.3294 4.86733
v 19.7021 13.1972 4.62207
v 17.3634 13.8683 4.79847
v 17.1329 13.0005 5.0438
v 19.4715 12.3295 4.8674
v 19.7021 13.1973 4.62215
v 17.3634 13.8683 4.79855
f 7801 7802 7803 7804
f 7805 7806 7807 7808
f 7801 7802 7806 7805
f 7802 7803 7807 7806
f 7803 7804 7808 7807
f 7804 7801 7805 7808
o Box976
v 17.1583 12.104 5.1228
v 19.3077 11.4101 4.78199
v 19.6012 12.2876 4.84676
v 17.4518 12.9815 5.18757
v 17.1583 12.104 5.12283
v 19.3077 11.4101 4.78202
v 19.6012 12.2876 4.8468
v 17.4518 12.9815 5.18761
f 7809 7810 7811 7812
f 7813 7814 7815 7816
f 7809 7810 7814 7813
f 7810 7811 7815 7814
f 7811 7812 7816 7815
f 7812 7809 7813 7816
o Box977
v 13.8182 15.4655 1.36901
v 17.9061 15.3543 2.33367
v 16.9548 13.8209 6.18829
v 12.8669 13.932 5.22363
v 13.8846 14.4108 0.965827
v 17.9726 14.2996 1.93049
v 17.0213 12.7662 5.78511
v 12.9333 12.8773 4.82044
f 7817 7818 7819 7820
f 7821 7822 7823 7824
f 7817 7818 7822 7821
f 7818 7819 7823 7822
f 7819 7820 7824 7823
f 7820 7817 7821 7824
o Box978
v 16.9167 15.796 0.768115
v 20.8311 14.9467 2.07963
v 19.2953 13.7097 5.86245
v 15.3809 14.559 4.55093
v 16.817 14.7413 0.382733
v 20.7314 13.892 1.69425
v 19.1956 12.655 5.47706
v 15.2812 13.5043 4.16555
f 7825 7826 7827 7828
f 7829 7830 7831 7832
f 7825 7826 7830 7829
f 7826 7827 7831 7830
f 7827 7828 7832 7831
f 7828 7825 7829 7832
o Box979
v 13.6653 14.5804 1.60771
v 16.8903 15.0413 1.50028
v 16.9755 15.0557 4.11953
v 13.7505 14.5948 4.22697
v 13.7261 14.1553 1.60807
v 16.9511 14.6162 1.50063
v 17.0363 14.6306 4.11989
v 13.8113 14.1697 4.22733
f 7833 7834 7835 7836
f 7837 7838 7839 7840
f 7833 7834 7838 7837
f 7834 7835 7839 7838
f 7835 7836 7840 7839
f 7836 7833 7837 7840
o Box980
v 14.0525 15.1131 3.35163
v 16.8987 15.2553 2.9762
v 17.2909 13.5227 5.29233
v 14.4446 13.3805 5.66776
v 14.0379 14.8057 3.12414
v 16.8841 14.9479 2.74872
v 17.2762 13.2153 5.06485
v 14.43 13.0731 5.44027
f 7841 7842 7843 7844
f 7845 7846 7847 7848
f 7841 7842 7846 7845
f 7842 7843 7847 7846
f 7843 7844 7848 7847
f 7844 7841 7845 7848
o Box981
v 13.6707 14.5641 1.60303
v 17.062 15.026 1.77375
v 16.9311 15.0398 4.33742
v 13.5398 14.578 4.1667
v 13.7261 14.1553 1.60807
v 17.1175 14.6171 1.77879
v 16.9865 14.631 4.34246
v 13.5952 14.1691 4.17173
f 7849 7850 7851 7852
f 7853 7854 7855 7856
f 7849 7850 7854 7853
f 7850 7851 7855 7854
f 7851 7852 7856 7855
f 7852 7849 7853 7856
o Box982
v 13.8492 14.5246 1.94795
v 16.8313 14.9344 1.85678
v 16.8527 14.9836 2.78072
v 13.8707 14.5738 2.87188
v 13.8492 14.5246 1.94795
v 16.8313 14.9344 1.85678
v 16.8527 14.9836 2.78072
v 13.8707 14.5738 2.87188
f 7857 7858 7859 7860
f 7861 7862 7863 7864
f 7857 7858 7862 7861
f 7858 7859 7863 7862
f 7859 7860 7864 7863
f 7860 7857 7861 7864
o Box983
v 13.6929 14.3459 1.56965
v 16.8564 14.8902 1.53809
v 16.8143 15.2365 3.29305
v 13.6508 14.6923 3.3246
v 13.7261 14.1553 1.60807
v 16.8896 14.6995 1.57652
v 16.8475 15.0459 3.33147
v 13.684 14.5016 3.36302
f 7865 7866 7867 7868
f 7869 7870 7871 7872
f 7865 7866 7870 7869
f 7866 7867 7871 7870
f 7867 7868 7872 7871
f 7868 7865 7869 7872
o Box984
v 14.0753 14.6404 3.345
v 16.9928 14.8343 3.28779
v 17.026 14.5913 4.15607
v 14.1084 14.3975 4.21328
v 14.0753 14.6404 3.345
v 16.9928 14.8343 3.28778
v 17.026 14.5913 4.15606
v 14.1084 14.3974 4.21328
f 7873 7874 7875 7876
f 7877 7878 7879 7880
f 7873 7874 7878 7877
f 7874 7875 7879 7878
f 7875 7876 7880 7879
f 7876 7873 7877 7880
o Box985
v 13.7261 14.1553 1.60807
v 16.7131 14.751 1.47722
v 16.6778 15.1128 2.3184
v 13.6908 14.5171 2.44925
v 13.7261 14.1552 1.60809
v 16.7131 14.751 1.47724
v 16.6778 15.1127 2.31842
v 13.6908 14.517 2.44927
f 7881 7882 7883 7884
f 7885 7886 7887 7888
f 7881 7882 7886 7885
f 7882 7883 7887 7886
f 7883 7884 7888 7887
f 7884 7881 7885 7888
o Box986
v 13.8607 14.5509 2.44183
v 16.8474 14.9559 2.37465
v 16.8594 15.0179 3.28239
v 13.8727 14.613 3.34956
v 13.8607 14.5509 2.44183
v 16.8474 14.9558 2.37465
v 16.8594 15.0179 3.28239
v 13.8727 14.613 3.34956
f 7889 7890 7891 7892
f 7893 7894 7895 7896
f 7889 7890 7894 7893
f 7890 7891 7895 7894
f 7891 7892 7896 7895
f 7892 7889 7893 7896
o Box987
v 14.2959 13.1436 5.38339
v 17.2214 12.9483 5.29213
v 17.2696 14.2178 4.1174
v 14.344 14.4131 4.20866
v 14.3094 13.2778 5.52895
v 17.2349 13.0825 5.43769
v 17.2831 14.352 4.26296
v 14.3575 14.5473 4.35422
f 7897 7898 7899 7900
f 7901 7902 7903 7904
f 7897 7898 7902 7901
f 7898 7899 7903 7902
f 7899 7900 7904 7903
f 7900 7897 7901 7904
o Box988
v 14.092 15.2788 2.92059
v 17.2907 15.2027 2.93231
v 17.2481 13.7504 5.15415
v 14.0493 13.8265 5.14243
v 14.0846 14.9346 2.69551
v 17.2834 14.8585 2.70723
v 17.2407 13.4063 4.92907
v 14.042 13.4824 4.91735
f 7905 7906 7907 7908
f 7909 7910 7911 7912
f 7905 7906 7910 7909
f 7906 7907 7911 7910
f 7907 7908 7912 7911
f 7908 7905 7909 7912
o Box989
v 14.344 14.4131 4.20867
v 17.1313 14.3995 4.10295
v 17.1565 13.884 4.83298
v 14.3691 13.8976 4.93869
v 14.344 14.4131 4.20866
v 17.1313 14.3995 4.10295
v 17.1565 13.8839 4.83297
v 14.3691 13.8976 4.93869
f 7913 7914 7915 7916
f 7917 7918 7919 7920
f 7913 7914 7918 7917
f 7914 7915 7919 7918
f 7915 7916 7920 7919
f 7916 7913 7917 7920
o Box990
v 14.6226 13.1736 5.44141
v 17.2338 12.9814 5.23048
v 17.2455 13.7041 4.71763
v 14.6344 13.8963 4.92856
v 14.6226 13.1737 5.44149
v 17.2338 12.9815 5.23056
v 17.2455 13.7041 4.71771
v 14.6344 13.8963 4.92864
f 7921 7922 7923 7924
f 7925 7926 7927 7928
f 7921 7922 7926 7925
f 7922 7923 7927 7926
f 7923 7924 7928 7927
f 7924 7921 7925 7928
o Box991
v 14.0493 14.7793 2.8754
v 16.9581 14.9913 2.77716
v 17.0073 14.7282 3.66715
v 14.0985 14.5162 3.76539
v 14.0493 14.7793 2.87539
v 16.9581 14.9913 2.77715
v 17.0073 14.7281 3.66715
v 14.0985 14.5161 3.76539
f 7929 7930 7931 7932
f 7933 7934 7935 7936
f 7929 7930 7934 7933
f 7930 7931 7935 7934
f 7931 7932 7936 7935
f 7932 7929 7933 7936
o Box992
v 14.3435 14.9092 3.90413
v 17.2214 14.8132 3.74339
v 17.253 13.5485 5.06485
v 14.3751 13.6445 5.22559
v 14.3312 14.767 3.76835
v 17.2091 14.671 3.60761
v 17.2407 13.4063 4.92907
v 14.3628 13.5023 5.08981
f 7937 7938 7939 7940
f 7941 7942 7943 7944
f 7937 7938 7942 7941
f 7938 7939 7943 7942
f 7939 7940 7944 7943
f 7940 7937 7941 7944
o Box993
v 14.3194 14.7007 3.81512
v 17.0951 14.7291 3.66233
v 17.142 14.1803 4.41326
v 14.3663 14.152 4.56605
v 14.3194 14.7007 3.8151
v 17.0951 14.729 3.66231
v 17.142 14.1803 4.41324
v 14.3663 14.152 4.56603
f 7945 7946 7947 7948
f 7949 7950 7951 7952
f 7945 7946 7950 7949
f 7946 7947 7951 7950
f 7947 7948 7952 7951
f 7948 7945 7949 7952
o Box994
v 14.6407 13.5306 5.17748
v 17.2407 13.4063 4.92906
v 17.2274 14.1763 4.4051
v 14.6275 14.3006 4.65352
v 14.6407 13.5306 5.17748
v 17.2407 13.4063 4.92907
v 17.2274 14.1763 4.40511
v 14.6275 14.3006 4.65352
f 7953 7954 7955 7956
f 7957 7958 7959 7960
f 7953 7954 7958 7957
f 7954 7955 7959 7958
f 7955 7956 7960 7959
f 7956 7953 7957 7960
o Box995
v 16.579 14.9595 1.00968
v 19.8226 14.8096 1.15265
v 19.7096 14.8699 3.78013
v 16.4659 15.0198 3.63717
v 16.5589 14.5333 1.0186
v 19.8025 14.3834 1.16156
v 19.6895 14.4438 3.78905
v 16.4459 14.5937 3.64608
f 7961 7962 7963 7964
f 7965 7966 7967 7968
f 7961 7962 7966 7965
f 7962 7963 7967 7966
f 7963 7964 7968 7967
f 7964 7961 7965 7968
o Box996
v 16.9165 15.4492 2.78067
v 19.7577 15.0601 2.63308
v 19.6445 13.338 4.99452
v 16.8033 13.7272 5.1421
v 16.8634 15.1465 2.55735
v 19.7047 14.7573 2.40977
v 19.5914 13.0353 4.7712
v 16.7502 13.4244 4.91879
f 7969 7970 7971 7972
f 7973 7974 7975 7976
f 7969 7970 7974 7973
f 7970 7971 7975 7974
f 7971 7972 7976 7975
f 7972 7969 7973 7976
o Box997
v 16.5814 14.943 1.00579
v 19.9687 14.7703 1.44017
v 19.6461 14.8679 3.99505
v 16.2588 15.0407 3.56068
v 16.5589 14.5334 1.0186
v 19.9462 14.3606 1.45297
v 19.6235 14.4582 4.00786
v 16.2362 14.631 3.57348
f 7977 7978 7979 7980
f 7981 7982 7983 7984
f 7977 7978 7982 7981
f 7978 7979 7983 7982
f 7979 7980 7984 7983
f 7980 7977 7981 7984
o Box998
v 16.7184 14.8786 1.36765
v 19.7192 14.7222 1.50975
v 19.6791 14.7922 2.43399
v 16.6783 14.9486 2.29189
v 16.7184 14.8786 1.36765
v 19.7192 14.7222 1.50975
v 19.6791 14.7922 2.43399
v 16.6783 14.9486 2.29189
f 7985 7986 7987 7988
f 7989 7990 7991 7992
f 7985 7986 7990 7989
f 7986 7987 7991 7990
f 7987 7988 7992 7991
f 7988 7985 7989 7992
o Box999
v 16.5651 14.7252 0.976294
v 19.7601 14.6681 1.19035
v 19.6499 15.0576 2.94051
v 16.4549 15.1147 2.72646
v 16.5589 14.5333 1.0186
v 19.7539 14.4762 1.23265
v 19.6436 14.8657 2.98282
v 16.4486 14.9229 2.76877
f 7993 7994 7995 7996
f 7997 7998 7999 8000
f 7993 7994 7998 7997
f 7994 7995 7999 7998
f 7995 7996 8000 7999
f 7996 7993 7997 8000
o Box1000
v 16.8527 14.9836 2.78072
v 19.7485 14.6357 2.95368
v 19.6691 14.4083 3.82614
v 16.7733 14.7563 3.65318
v 16.8527 14.9836 2.78071
v 19.7485 14.6357 2.95367
v 19.6691 14.4083 3.82613
v 16.7733 14.7562 3.65317
f 8001 8002 8003 8004
f 8005 8006 8007 8008
f 8001 8002 8006 8005
f 8002 8003 8007 8006
f 8003 8004 8008 8007
f 8004 8001 8005 8008
o Box1001
v 16.5589 14.5334 1.01859
v 19.6015 14.5547 1.12104
v 19.5707 14.9361 1.95765
v 16.528 14.9148 1.85519
v 16.5589 14.5333 1.0186
v 19.6015 14.5546 1.12105
v 19.5707 14.936 1.95766
v 16.528 14.9148 1.85521
f 8009 8010 8011 8012
f 8013 8014 8015 8016
f 8009 8010 8014 8013
f 8010 8011 8015 8014
f 8011 8012 8016 8015
f 8012 8009 8013 8016
o Box1002
v 16.697 14.916 1.86088
v 19.6997 14.7572 2.02707
v 19.6536 14.8355 2.93573
v 16.6509 14.9943 2.76954
v 16.697 14.916 1.86089
v 19.6997 14.7571 2.02708
v 19.6536 14.8354 2.93574
v 16.6509 14.9943 2.76954
f 8017 8018 8019 8020
f 8021 8022 8023 8024
f 8017 8018 8022 8021
f 8018 8019 8023 8022
f 8019 8020 8024 8023
f 8020 8017 8021 8024
o Box1003
v 16.6335 13.5123 4.84586
v 19.4709 12.7839 4.99435
v 19.8447 13.9997 3.81563
v 17.0073 14.7281 3.66715
v 16.6599 13.6445 4.99057
v 19.4972 12.9161 5.13906
v 19.871 14.1319 3.96034
v 17.0337 14.8603 3.81186
f 8025 8026 8027 8028
f 8029 8030 8031 8032
f 8025 8026 8030 8029
f 8026 8027 8031 8030
f 8027 8028 8032 8031
f 8028 8025 8029 8032
o Box1004
v 17.02 15.5949 2.34916
v 20.14 14.9318 2.61924
v 19.6568 13.5667 4.84992
v 16.5368 14.2298 4.57984
v 16.9666 15.2538 2.12884
v 20.0866 14.5907 2.39892
v 19.6033 13.2256 4.6296
v 16.4834 13.8887 4.35951
f 8033 8034 8035 8036
f 8037 8038 8039 8040
f 8033 8034 8038 8037
f 8034 8035 8039 8038
f 8035 8036 8040 8039
f 8036 8033 8037 8040
o Box1005
v 17.0073 14.7282 3.66718
v 19.7415 14.2035 3.78543
v 19.6143 13.706 4.52018
v 16.88 14.2306 4.40193
v 17.0073 14.7281 3.66715
v 19.7415 14.2035 3.7854
v 19.6143 13.7059 4.52015
v 16.88 14.2306 4.4019
f 8041 8042 8043 8044
f 8045 8046 8047 8048
f 8041 8042 8046 8045
f 8042 8043 8047 8046
f 8043 8044 8048 8047
f 8044 8041 8045 8048
o Box1006
v 16.9572 13.4808 4.92855
v 19.4945 12.8137 4.93295
v 19.6793 13.5133 4.41766
v 17.142 14.1803 4.41326
v 16.9572 13.4808 4.92857
v 19.4945 12.8138 4.93297
v 19.6793 13.5133 4.41768
v 17.142 14.1804 4.41328
f 8049 8050 8051 8052
f 8053 8054 8055 8056
f 8049 8050 8054 8053
f 8050 8051 8055 8054
f 8051 8052 8056 8055
f 8052 8049 8053 8056
o Box1007
v 16.8888 15.1123 2.30824
v 19.7822 14.7804 2.43865
v 19.7138 14.5364 3.33482
v 16.8204 14.8682 3.20441
v 16.8888 15.1123 2.30823
v 19.7822 14.7804 2.43864
v 19.7138 14.5363 3.33481
v 16.8204 14.8682 3.2044
f 8057 8058 8059 8060
f 8061 8062 8063 8064
f 8057 8058 8062 8061
f 8058 8059 8063 8062
f 8059 8060 8064 8063
f 8060 8057 8061 8064
o Box1008
v 17.1216 15.2075 3.35619
v 19.9352 14.5833 3.42801
v 19.6311 13.3661 4.76393
v 16.8174 13.9903 4.69211
v 17.0938 15.067 3.22186
v 19.9075 14.4428 3.29368
v 19.6033 13.2256 4.6296
v 16.7897 13.8498 4.55778
f 8065 8066 8067 8068
f 8069 8070 8071 8072
f 8065 8066 8070 8069
f 8066 8067 8071 8070
f 8067 8068 8072 8071
f 8068 8065 8069 8072
o Box1009
v 17.0663 15.0053 3.26866
v 19.8002 14.5211 3.33697
v 19.6875 13.9923 4.09738
v 16.9537 14.4765 4.02907
v 17.0663 15.0052 3.26862
v 19.8002 14.521 3.33694
v 19.6875 13.9923 4.09734
v 16.9537 14.4765 4.02903
f 8073 8074 8075 8076
f 8077 8078 8079 8080
f 8073 8074 8078 8077
f 8074 8075 8079 8078
f 8075 8076 8080 8079
f 8076 8073 8077 8080
o Box1010
v 17.062 13.8259 4.66642
v 19.6033 13.2255 4.62953
v 19.772 13.9723 4.09611
v 17.2306 14.5727 4.133
v 17.062 13.8259 4.66649
v 19.6033 13.2256 4.62959
v 19.772 13.9724 4.09618
v 17.2307 14.5727 4.13307
f 8081 8082 8083 8084
f 8085 8086 8087 8088
f 8081 8082 8086 8085
f 8082 8083 8087 8086
f 8083 8084 8088 8087
f 8084 8081 8085 8088
o Box1011
v 18.1515 10.1679 3.69413
v 19.5612 14.8626 1.40633
v 22.4214 14.0511 1.5036
v 21.0116 9.35647 3.7914
v 17.8652 8.80156 0.713839
v 19.2749 13.4962 -1.57396
v 22.1351 12.6847 -1.47669
v 20.7253 7.99008 0.811107
f 8089 8090 8091 8092
f 8093 8094 8095 8096
f 8089 8090 8094 8093
f 8090 8091 8095 8094
f 8091 8092 8096 8095
f 8092 8089 8093 8096
o Box1012
v 18.7983 10.8331 5.78837
v 19.7232 15.6522 3.52066
v 22.643 15.0823 3.50039
v 21.7181 10.2632 5.7681
v 18.5123 9.47488 2.78543
v 19.4372 14.294 0.517716
v 22.357 13.7241 0.49745
v 21.4321 8.90496 2.76516
f 8097 8098 8099 8100
f 8101 8102 8103 8104
f 8097 8098 8102 8101
f 8098 8099 8103 8102
f 8099 8100 8104 8103
f 8100 8097 8101 8104
o Box1013
v 18.7082 10.4808 -0.943117
v 17.7103 9.24933 3.21532
v 20.5865 8.2713 3.61586
v 21.5843 9.50279 -0.542584
v 19.0037 11.5028 -0.569573
v 18.0058 10.2713 3.58887
v 20.882 9.29325 3.9894
v 21.8798 10.5247 -0.16904
f 8105 8106 8107 8108
f 8109 8110 8111 8112
f 8105 8106 8110 8109
f 8106 8107 8111 8110
f 8107 8108 8112 8111
f 8108 8105 8109 8112
o Box1014
v 20.4227 9.99026 -1.441
v 23.7101 13.3062 0.00838482
v 20.799 15.8581 0.772806
v 17.5116 12.5422 -0.676575
v 20.3549 9.59817 -0.390197
v 23.6423 12.9141 1.05918
v 20.7312 15.4661 1.8236
v 17.4438 12.1501 0.374224
f 8113 8114 8115 8116
f 8117 8118 8119 8120
f 8113 8114 8118 8117
f 8114 8115 8119 8118
f 8115 8116 8120 8119
f 8116 8113 8117 8120
o Box1015
v 18.8602 11.2412 -0.0976571
v 21.1921 10.7402 -0.265752
v 20.9526 8.92093 1.8329
v 18.6207 9.42187 2.00099
v 18.7578 10.8748 -0.426963
v 21.0897 10.3738 -0.595058
v 20.8501 8.55454 1.50359
v 18.5182 9.05549 1.67169
f 8121 8122 8123 8124
f 8125 8126 8127 8128
f 8121 8122 8126 8125
f 8122 8123 8127 8126
f 8123 8124 8128 8127
f 8124 8121 8125 8128
o Box1016
v 18.3221 10.0103 1.14256
v 20.7252 9.3275 0.524336
v 21.4707 9.25749 3.49925
v 19.0675 9.94029 4.11748
v 18.2127 9.60913 1.16053
v 20.6159 8.92633 0.542298
v 21.3613 8.85632 3.51722
v 18.9582 9.53912 4.13545
f 8129 8130 8131 8132
f 8133 8134 8135 8136
f 8129 8130 8134 8133
f 8130 8131 8135 8134
f 8131 8132 8136 8135
f 8132 8129 8133 8136
o Box1017
v 18.6774 9.36242 1.19289
v 21.094 9.05401 0.7701
v 21.0323 10.6708 -0.761885
v 18.6157 10.9792 -0.339097
v 18.7121 9.47441 1.30967
v 21.1287 9.16599 0.886884
v 21.067 10.7828 -0.645102
v 18.6505 11.0912 -0.222313
f 8137 8138 8139 8140
f 8141 8142 8143 8144
f 8137 8138 8142 8141
f 8138 8139 8143 8142
f 8139 8140 8144 8143
f 8140 8137 8141 8144
o Box1018
v 21.0566 10.2746 -0.533606
v 20.6378 8.63393 1.56425
v 20.8062 8.94539 1.84146
v 21.225 10.5861 -0.256401
v 20.9448 10.322 -0.518889
v 20.526 8.68128 1.57897
v 20.6944 8.99274 1.85617
v 21.1132 10.6334 -0.241685
f 8145 8146 8147 8148
f 8149 8150 8151 8152
f 8145 8146 8150 8149
f 8146 8147 8151 8150
f 8147 8148 8152 8151
f 8148 8145 8149 8152
o Box1019
v 18.66 9.62963 0.898604
v 21.166 9.45938 0.326222
v 20.9905 10.8343 -0.851022
v 18.4845 11.0045 -0.27864
v 18.7014 9.75733 1.04158
v 21.2073 9.58708 0.469202
v 21.0318 10.962 -0.708042
v 18.5259 11.1322 -0.135659
f 8153 8154 8155 8156
f 8157 8158 8159 8160
f 8153 8154 8158 8157
f 8154 8155 8159 8158
f 8155 8156 8160 8159
f 8156 8153 8157 8160
o Box1020
v 18.5501 10.6081 0.280456
v 21.0783 10.4829 -0.361834
v 21.3258 9.22747 0.857293
v 18.7977 9.35274 1.49958
v 18.5092 10.4699 0.146415
v 21.0374 10.3446 -0.495875
v 21.2849 9.08924 0.723251
v 18.7568 9.21451 1.36554
f 8161 8162 8163 8164
f 8165 8166 8167 8168
f 8161 8162 8166 8165
f 8162 8163 8167 8166
f 8163 8164 8168 8167
f 8164 8161 8165 8168
o Box1021
v 18.597 10.3176 0.310059
v 20.847 10.0393 -0.223959
v 20.9513 9.47903 0.507585
v 18.7014 9.75736 1.0416
v 18.597 10.3176 0.310041
v 20.847 10.0392 -0.223976
v 20.9513 9.47901 0.507567
v 18.7013 9.75733 1.04158
f 8169 8170 8171 8172
f 8173 8174 8175 8176
f 8169 8170 8174 8173
f 8170 8171 8175 8174
f 8171 8172 8176 8175
f 8172 8169 8173 8176
o Box1022
v 18.7276 10.3014 0.279055
v 21.0919 10.1238 -0.124277
v 21.0626 10.899 -0.63721
v 18.6984 11.0766 -0.233878
v 18.7277 10.3014 0.279082
v 21.0919 10.1238 -0.12425
v 21.0626 10.899 -0.637182
v 18.6984 11.0766 -0.23385
f 8177 8178 8179 8180
f 8181 8182 8183 8184
f 8177 8178 8182 8181
f 8178 8179 8183 8182
f 8179 8180 8184 8183
f 8180 8177 8181 8184
o Box1023
v 18.6525 9.99147 0.741337
v 20.9038 9.73402 0.174625
v 21.0194 9.17962 0.885545
v 18.7681 9.43707 1.45226
v 18.6525 9.99146 0.741326
v 20.9038 9.734 0.174614
v 21.0194 9.1796 0.885534
v 18.7681 9.43706 1.45225
f 8185 8186 8187 8188
f 8189 8190 8191 8192
f 8185 8186 8190 8189
f 8186 8187 8191 8190
f 8187 8188 8192 8191
f 8188 8185 8189 8192
o Box1024
v 18.7525 9.86525 0.56351
v 21.1217 9.72069 0.135196
v 21.0783 10.4828 -0.361852
v 18.7091 10.6274 0.066462
v 18.7525 9.86527 0.56354
v 21.1217 9.72071 0.135226
v 21.0783 10.4829 -0.361822
v 18.7091 10.6274 0.0664925
f 8193 8194 8195 8196
f 8197 8198 8199 8200
f 8193 8194 8198 8197
f 8194 8195 8199 8198
f 8195 8196 8200 8199
f 8196 8193 8197 8200
o Box1025
v 20.8584 9.74805 0.175261
v 21.0795 10.4866 -0.364589
v 21.1274 10.4721 -0.364857
v 20.9063 9.73352 0.174994
v 20.8584 9.74775 0.174811
v 21.0794 10.4863 -0.365039
v 21.1273 10.4718 -0.365307
v 20.9063 9.73322 0.174544
f 8201 8202 8203 8204
f 8205 8206 8207 8208
f 8201 8202 8206 8205
f 8202 8203 8207 8206
f 8203 8204 8208 8207
f 8204 8201 8205 8208
o Box1026
v 20.856 9.61973 0.102304
v 20.7052 8.75239 1.72915
v 20.8316 8.92431 1.83253
v 20.9824 9.79165 0.205678
v 20.7562 9.6795 0.124923
v 20.6054 8.81216 1.75177
v 20.7319 8.98408 1.85514
v 20.8826 9.85142 0.228296
f 8209 8210 8211 8212
f 8213 8214 8215 8216
f 8209 8210 8214 8213
f 8210 8211 8215 8214
f 8211 8212 8216 8215
f 8212 8209 8213 8216
o Box1027
v 20.8641 9.74828 0.176031
v 21.1074 10.4795 -0.363866
v 21.1471 10.4652 -0.365281
v 20.9038 9.734 0.174616
v 20.8637 9.7473 0.17453
v 21.107 10.4785 -0.365367
v 21.1467 10.4642 -0.366782
v 20.9034 9.73303 0.173115
f 8217 8218 8219 8220
f 8221 8222 8223 8224
f 8217 8218 8222 8221
f 8218 8219 8223 8222
f 8219 8220 8224 8223
f 8220 8217 8221 8224
o Box1028
v 20.8796 9.74102 0.175334
v 21.0791 10.4857 -0.363905
v 21.1274 10.4722 -0.364676
v 20.9278 9.72752 0.174563
v 20.8794 9.7406 0.174704
v 21.079 10.4853 -0.364535
v 21.1273 10.4718 -0.365306
v 20.9277 9.7271 0.173933
f 8225 8226 8227 8228
f 8229 8230 8231 8232
f 8225 8226 8230 8229
f 8226 8227 8231 8230
f 8227 8228 8232 8231
f 8228 8225 8229 8232
o Box1029
v 20.7984 9.76878 0.175232
v 20.6794 9.23954 0.946813
v 20.7975 9.2044 0.940927
v 20.9165 9.73364 0.169346
v 20.7987 9.76959 0.175828
v 20.6797 9.24035 0.947409
v 20.7978 9.20521 0.941523
v 20.9168 9.73445 0.169941
f 8233 8234 8235 8236
f 8237 8238 8239 8240
f 8233 8234 8238 8237
f 8234 8235 8239 8238
f 8235 8236 8240 8239
f 8236 8233 8237 8240
o Box1030
v 20.6803 9.24381 0.940451
v 20.7158 8.97584 1.85286
v 20.8326 8.94154 1.83825
v 20.7971 9.20951 0.925839
v 20.6806 9.24459 0.940671
v 20.7161 8.97662 1.85308
v 20.8328 8.94232 1.83847
v 20.7974 9.21029 0.926059
f 8241 8242 8243 8244
f 8245 8246 8247 8248
f 8241 8242 8246 8245
f 8242 8243 8247 8246
f 8243 8244 8248 8247
f 8244 8241 8245 8248
o Box1031
v 20.8645 9.74999 0.172544
v 20.778 9.21082 0.943219
v 20.8177 9.19853 0.939091
v 20.9043 9.7377 0.168415
v 20.8647 9.75041 0.172854
v 20.7781 9.21123 0.943529
v 20.8179 9.19895 0.9394
v 20.9045 9.73812 0.168725
f 8249 8250 8251 8252
f 8253 8254 8255 8256
f 8249 8250 8254 8253
f 8250 8251 8255 8254
f 8251 8252 8256 8255
f 8252 8249 8253 8256
o Box1032
v 20.8047 9.76736 0.1747
v 20.6794 9.23993 0.946043
v 20.7977 9.20496 0.941335
v 20.923 9.73238 0.169992
v 20.8049 9.76801 0.175182
v 20.6796 9.24059 0.946525
v 20.7979 9.20561 0.941818
v 20.9232 9.73304 0.170474
f 8257 8258 8259 8260
f 8261 8262 8263 8264
f 8257 8258 8262 8261
f 8258 8259 8263 8262
f 8259 8260 8264 8263
f 8260 8257 8261 8264
o Box1033
v 18.0938 10.1065 1.2827
v 20.6094 9.3448 0.331322
v 21.4808 9.17759 2.7694
v 18.9652 9.93932 3.72078
v 17.9758 9.69911 1.29693
v 20.4914 8.93738 0.345551
v 21.3628 8.77017 2.78363
v 18.8472 9.5319 3.73501
f 8265 8266 8267 8268
f 8269 8270 8271 8272
f 8265 8266 8270 8269
f 8266 8267 8271 8270
f 8267 8268 8272 8271
f 8268 8265 8269 8272
o Box1034
v 18.5926 9.39515 1.42068
v 19.1925 9.37764 4.03572
v 21.3344 8.91232 3.54125
v 20.7344 8.92983 0.926209
v 18.6738 9.78588 1.40467
v 19.2737 9.76837 4.01971
v 21.4155 9.30305 3.52524
v 20.8156 9.32056 0.910201
f 8273 8274 8275 8276
f 8277 8278 8279 8280
f 8273 8274 8278 8277
f 8274 8275 8279 8278
f 8275 8276 8280 8279
f 8276 8273 8277 8280
o Box1035
v 18.2646 9.74094 2.11899
v 20.5213 8.93019 1.23236
v 21.2219 9.12856 2.83415
v 18.9652 9.93931 3.72078
v 18.2158 9.5567 2.16317
v 20.4724 8.74595 1.27654
v 21.173 8.94432 2.87832
v 18.9164 9.75507 3.76495
f 8281 8282 8283 8284
f 8285 8286 8287 8288
f 8281 8282 8286 8285
f 8282 8283 8287 8286
f 8283 8284 8288 8287
f 8284 8281 8285 8288
o Box1036
v 18.7027 9.76674 0.991266
v 20.8334 9.19538 0.940486
v 20.8333 9.02757 2.82515
v 18.7026 9.59892 2.87593
v 18.6598 9.608 0.977129
v 20.7905 9.03664 0.926349
v 20.7904 8.86882 2.81102
v 18.6597 9.44018 2.8618
f 8289 8290 8291 8292
f 8293 8294 8295 8296
f 8289 8290 8294 8293
f 8290 8291 8295 8294
f 8291 8292 8296 8295
f 8292 8289 8293 8296
o Box1037
v 18.6117 9.64963 2.93914
v 20.6253 8.85784 2.32179
v 20.9789 9.14754 3.10342
v 18.9652 9.93933 3.72077
v 18.6117 9.64962 2.93914
v 20.6253 8.85782 2.32179
v 20.9789 9.14752 3.10343
v 18.9652 9.93932 3.72078
f 8297 8298 8299 8300
f 8301 8302 8303 8304
f 8297 8298 8302 8301
f 8298 8299 8303 8302
f 8299 8300 8304 8303
f 8300 8297 8301 8304
o Box1038
v 18.5495 9.55585 2.00147
v 20.6139 8.9545 1.34827
v 20.8922 8.96332 2.21968
v 18.8277 9.56466 2.87289
v 18.5495 9.55583 2.00147
v 20.6139 8.95448 1.34827
v 20.8922 8.9633 2.21968
v 18.8277 9.56464 2.87289
f 8305 8306 8307 8308
f 8309 8310 8311 8312
f 8305 8306 8310 8309
f 8306 8307 8311 8310
f 8307 8308 8312 8311
f 8308 8305 8309 8312
o Box1039
v 18.5449 9.78822 1.08692
v 20.6912 9.36463 0.465076
v 20.8825 9.0779 1.32058
v 18.7361 9.50149 1.94242
v 18.5448 9.78818 1.08691
v 20.6912 9.36459 0.465065
v 20.8825 9.07786 1.32057
v 18.7361 9.50145 1.94241
f 8313 8314 8315 8316
f 8317 8318 8319 8320
f 8313 8314 8318 8317
f 8314 8315 8319 8318
f 8315 8316 8320 8319
f 8316 8313 8317 8320
o Box1040
v 18.7113 9.56343 2.51552
v 20.7728 8.95954 1.84585
v 21.0535 8.96252 2.70718
v 18.992 9.56641 3.37684
v 18.7113 9.56341 2.51552
v 20.7728 8.95952 1.84586
v 21.0535 8.96249 2.70718
v 18.992 9.56638 3.37684
f 8321 8322 8323 8324
f 8325 8326 8327 8328
f 8321 8322 8326 8325
f 8322 8323 8327 8326
f 8323 8324 8328 8327
f 8324 8321 8325 8328
o Box1041
v 18.6464 9.64137 1.55528
v 20.7916 9.22533 0.907959
v 20.9966 8.92378 1.78098
v 18.8514 9.33982 2.42831
v 18.6442 9.63331 1.55303
v 20.7893 9.21727 0.905702
v 20.9943 8.91572 1.77873
v 18.8491 9.33176 2.42605
f 8329 8330 8331 8332
f 8333 8334 8335 8336
f 8329 8330 8334 8333
f 8330 8331 8335 8334
f 8331 8332 8336 8335
f 8332 8329 8333 8336
o Box1042
v 20.7869 9.07518 1.80743
v 21.0637 9.38459 3.61653
v 20.7893 9.42947 3.65083
v 20.5125 9.12006 1.84173
v 20.7568 8.85892 1.84903
v 21.0336 9.16833 3.65813
v 20.7591 9.21321 3.69243
v 20.4824 8.9038 1.88333
f 8337 8338 8339 8340
f 8341 8342 8343 8344
f 8337 8338 8342 8341
f 8338 8339 8343 8342
f 8339 8340 8344 8343
f 8340 8337 8341 8344
o Box1043
v 18.6534 9.62211 1.59284
v 20.7977 9.20496 0.941336
v 20.9958 8.91617 1.77812
v 18.8514 9.33332 2.42963
v 18.6534 9.6221 1.59284
v 20.7977 9.20496 0.941335
v 20.9958 8.91617 1.77812
v 18.8514 9.33331 2.42963
f 8345 8346 8347 8348
f 8349 8350 8351 8352
f 8345 8346 8350 8349
f 8346 8347 8351 8350
f 8347 8348 8352 8351
f 8348 8345 8349 8352
o Box1044
v 20.5907 9.27121 0.948918
v 20.5976 9.01174 1.86202
v 20.7728 8.95953 1.84585
v 20.7659 9.21901 0.932752
v 20.5908 9.27155 0.949014
v 20.5977 9.01208 1.86212
v 20.773 8.95987 1.84595
v 20.766 9.21935 0.932848
f 8353 8354 8355 8356
f 8357 8358 8359 8360
f 8353 8354 8358 8357
f 8354 8355 8359 8358
f 8355 8356 8360 8359
f 8356 8353 8357 8360
o Box1045
v 20.5156 9.04252 1.85473
v 20.6277 9.09388 2.79969
v 20.8829 9.00998 2.774
v 20.7708 8.95862 1.82904
v 20.5159 9.04339 1.85465
v 20.6279 9.09476 2.79961
v 20.8831 9.01086 2.77392
v 20.7711 8.95949 1.82896
f 8361 8362 8363 8364
f 8365 8366 8367 8368
f 8361 8362 8366 8365
f 8362 8363 8367 8366
f 8363 8364 8368 8367
f 8364 8361 8365 8368
o Box1046
v 20.6255 9.09305 2.78071
v 20.8734 9.43628 3.64144
v 21.0728 9.36037 3.61428
v 20.8248 9.01714 2.75355
v 20.6255 9.09335 2.78056
v 20.8735 9.43657 3.64129
v 21.0729 9.36066 3.61413
v 20.8249 9.01744 2.7534
f 8369 8370 8371 8372
f 8373 8374 8375 8376
f 8369 8370 8374 8373
f 8370 8371 8375 8374
f 8371 8372 8376 8375
f 8372 8369 8373 8376
o Box1047
v 20.5976 9.01654 1.84642
v 20.75 9.05517 2.79119
v 20.9212 8.99714 2.76595
v 20.7689 8.9585 1.82118
v 20.5976 9.01656 1.84642
v 20.75 9.05519 2.79119
v 20.9212 8.99715 2.76594
v 20.7689 8.95852 1.82118
f 8377 8378 8379 8380
f 8381 8382 8383 8384
f 8377 8378 8382 8381
f 8378 8379 8383 8382
f 8379 8380 8384 8383
f 8380 8377 8381 8384
o Box1048
v 20.4918 9.0508 1.86023
v 20.629 9.09381 2.80554
v 20.8322 9.02732 2.77907
v 20.695 8.98431 1.83376
v 20.492 9.05147 1.86016
v 20.6292 9.09448 2.80548
v 20.8324 9.02799 2.77901
v 20.6952 8.98498 1.8337
f 8385 8386 8387 8388
f 8389 8390 8391 8392
f 8385 8386 8390 8389
f 8386 8387 8391 8390
f 8387 8388 8392 8391
f 8388 8385 8389 8392
o Box1049
v 18.4667 11.1894 -0.518841
v 21.17 10.3471 -0.678486
v 22.0123 13.026 -0.549924
v 19.3089 13.8683 -0.390279
v 18.4832 11.1644 -0.107713
v 21.1865 10.3222 -0.267358
v 22.0288 13.0011 -0.138797
v 19.3254 13.8434 0.0208486
f 8393 8394 8395 8396
f 8397 8398 8399 8400
f 8393 8394 8398 8397
f 8394 8395 8399 8398
f 8395 8396 8400 8399
f 8396 8393 8397 8400
o Box1050
v 19.0743 13.18 -0.658826
v 21.8825 12.3778 -0.744748
v 22.4731 14.2465 1.1107
v 19.6649 15.0487 1.19662
v 19.011 12.929 -0.385898
v 21.8192 12.1268 -0.47182
v 22.4098 13.9955 1.38363
v 19.6015 14.7977 1.46955
f 8401 8402 8403 8404
f 8405 8406 8407 8408
f 8401 8402 8406 8405
f 8402 8403 8407 8406
f 8403 8404 8408 8407
f 8404 8401 8405 8408
o Box1051
v 18.7785 10.64 -0.619438
v 21.6184 10.4836 -0.695099
v 21.7983 13.6058 -0.39647
v 18.9584 13.7622 -0.320809
v 18.7854 10.6088 -0.297139
v 21.6253 10.4524 -0.3728
v 21.8052 13.5746 -0.0741714
v 18.9652 13.731 0.00148973
f 8409 8410 8411 8412
f 8413 8414 8415 8416
f 8409 8410 8414 8413
f 8410 8411 8415 8414
f 8411 8412 8416 8415
f 8412 8409 8413 8416
o Box1052
v 20.9031 10.5316 -0.478675
v 21.4967 12.2784 -0.640499
v 21.5764 12.2692 -0.448287
v 20.9828 10.5223 -0.286463
v 21.1203 10.449 -0.572732
v 21.7139 12.1959 -0.734556
v 21.7936 12.1866 -0.542344
v 21.2 10.4398 -0.38052
f 8417 8418 8419 8420
f 8421 8422 8423 8424
f 8417 8418 8422 8421
f 8418 8419 8423 8422
f 8419 8420 8424 8423
f 8420 8417 8421 8424
o Box1053
v 18.8049 11.1267 -0.655934
v 21.8435 11.2484 -0.690234
v 21.7435 13.8521 -0.309909
v 18.7049 13.7304 -0.275609
v 18.8118 11.0681 -0.253205
v 21.8504 11.1898 -0.287505
v 21.7504 13.7936 0.0928206
v 18.7118 13.6719 0.12712
f 8425 8426 8427 8428
f 8429 8430 8431 8432
f 8425 8426 8430 8429
f 8426 8427 8431 8430
f 8427 8428 8432 8431
f 8428 8425 8429 8432
o Box1054
v 18.8663 10.316 -0.594151
v 21.9707 10.5694 -0.657178
v 21.7663 13.1042 -0.531674
v 18.6619 12.8508 -0.468647
v 18.8762 10.2966 -0.186125
v 21.9805 10.55 -0.249152
v 21.7762 13.0848 -0.123648
v 18.6718 12.8314 -0.0606213
f 8433 8434 8435 8436
f 8437 8438 8439 8440
f 8433 8434 8438 8437
f 8434 8435 8439 8438
f 8435 8436 8440 8439
f 8436 8433 8437 8440
o Box1055
v 18.7995 11.0608 -0.448249
v 21.5082 10.9996 -0.616761
v 21.5451 12.8235 -0.68698
v 18.8364 12.8847 -0.518468
v 18.8118 11.0681 -0.253205
v 21.5205 11.0068 -0.421717
v 21.5574 12.8308 -0.491936
v 18.8487 12.892 -0.323424
f 8441 8442 8443 8444
f 8445 8446 8447 8448
f 8441 8442 8446 8445
f 8442 8443 8447 8446
f 8443 8444 8448 8447
f 8444 8441 8445 8448
o Box1056
v 19.1075 12.8836 -0.405648
v 21.7553 12.6917 -0.305751
v 21.8013 13.5309 0.0875711
v 19.1535 13.7229 -0.0123263
v 19.1075 12.8836 -0.405634
v 21.7553 12.6917 -0.305737
v 21.8013 13.5309 0.0875849
v 19.1535 13.7229 -0.0123125
f 8449 8450 8451 8452
f 8453 8454 8455 8456
f 8449 8450 8454 8453
f 8450 8451 8455 8454
f 8451 8452 8456 8455
f 8452 8449 8453 8456
o Box1057
v 18.8118 11.0681 -0.253205
v 21.2889 10.94 -0.497283
v 21.3132 11.8424 -0.724478
v 18.8361 11.9704 -0.4804
v 18.8118 11.0681 -0.25319
v 21.2889 10.94 -0.497269
v 21.3132 11.8424 -0.724464
v 18.8361 11.9704 -0.480385
f 8457 8458 8459 8460
f 8461 8462 8463 8464
f 8457 8458 8462 8461
f 8458 8459 8463 8462
f 8459 8460 8464 8463
f 8460 8457 8461 8464
o Box1058
v 18.9437 11.9649 -0.490998
v 21.5194 11.832 -0.561927
v 21.5695 12.7566 -0.473437
v 18.9939 12.8895 -0.402508
v 18.9437 11.9649 -0.490994
v 21.5194 11.832 -0.561923
v 21.5695 12.7566 -0.473433
v 18.9939 12.8895 -0.402504
f 8465 8466 8467 8468
f 8469 8470 8471 8472
f 8465 8466 8470 8469
f 8466 8467 8471 8470
f 8467 8468 8472 8471
f 8468 8465 8469 8472
o Box1059
v 18.8066 10.4675 -0.336264
v 21.5437 10.4691 -0.522046
v 21.5295 12.2417 -0.715359
v 18.7924 12.2401 -0.529577
v 18.8198 10.4888 -0.141578
v 21.5569 10.4904 -0.32736
v 21.5427 12.2631 -0.520672
v 18.8056 12.2614 -0.334891
f 8473 8474 8475 8476
f 8477 8478 8479 8480
f 8473 8474 8478 8477
f 8474 8475 8479 8478
f 8475 8476 8480 8479
f 8476 8473 8477 8480
o Box1060
v 19.0867 12.4212 -0.62243
v 21.7393 12.2504 -0.512583
v 21.7766 13.0797 -0.123901
v 19.124 13.2505 -0.233748
v 19.0867 12.4212 -0.622378
v 21.7393 12.2504 -0.512531
v 21.7766 13.0797 -0.12385
v 19.124 13.2504 -0.233696
f 8481 8482 8483 8484
f 8485 8486 8487 8488
f 8481 8482 8486 8485
f 8482 8483 8487 8486
f 8483 8484 8488 8487
f 8484 8481 8485 8488
o Box1061
v 18.8063 10.5658 -0.128676
v 21.2904 10.4751 -0.383617
v 21.3002 11.3612 -0.603305
v 18.8161 11.4518 -0.348364
v 18.8063 10.5658 -0.128658
v 21.2904 10.4751 -0.383599
v 21.3002 11.3612 -0.603287
v 18.8161 11.4518 -0.348347
f 8489 8490 8491 8492
f 8493 8494 8495 8496
f 8489 8490 8494 8493
f 8490 8491 8495 8494
f 8491 8492 8496 8495
f 8492 8489 8493 8496
o Box1062
v 18.9226 11.4536 -0.540474
v 21.505 11.3532 -0.608721
v 21.5427 12.2631 -0.520672
v 18.9602 12.3634 -0.452425
v 18.9226 11.4536 -0.54047
v 21.505 11.3532 -0.608718
v 21.5427 12.2631 -0.520669
v 18.9602 12.3634 -0.452421
f 8497 8498 8499 8500
f 8501 8502 8503 8504
f 8497 8498 8502 8501
f 8498 8499 8503 8502
f 8499 8500 8504 8503
f 8500 8497 8501 8504
o Box1063
v 21.004 10.509 -0.360608
v 21.3033 11.3701 -0.605413
v 21.4371 11.323 -0.607621
v 21.1377 10.4619 -0.362815
v 21.0039 10.5088 -0.361662
v 21.3032 11.3699 -0.606467
v 21.437 11.3228 -0.608675
v 21.1376 10.4617 -0.363869
f 8505 8506 8507 8508
f 8509 8510 8511 8512
f 8505 8506 8510 8509
f 8506 8507 8511 8510
f 8507 8508 8512 8511
f 8508 8505 8509 8512
o Box1064
v 21.2036 11.3988 -0.599648
v 21.5498 12.2811 -0.518338
v 21.7782 12.1923 -0.526983
v 21.432 11.3099 -0.608293
v 21.2036 11.3988 -0.600553
v 21.5498 12.2812 -0.519243
v 21.7782 12.1924 -0.527888
v 21.432 11.31 -0.609198
f 8513 8514 8515 8516
f 8517 8518 8519 8520
f 8513 8514 8518 8517
f 8514 8515 8519 8518
f 8515 8516 8520 8519
f 8516 8513 8517 8520
o Box1065
v 21.0783 10.4828 -0.361834
v 21.4144 11.3321 -0.607332
v 21.4604 11.3136 -0.60825
v 21.1243 10.4644 -0.362752
v 21.0783 10.4828 -0.362218
v 21.4144 11.332 -0.607715
v 21.4604 11.3135 -0.608633
v 21.1243 10.4643 -0.363136
f 8521 8522 8523 8524
f 8525 8526 8527 8528
f 8521 8522 8526 8525
f 8522 8523 8527 8526
f 8523 8524 8528 8527
f 8524 8521 8525 8528
o Box1066
v 21.0103 10.5063 -0.360589
v 21.3029 11.3691 -0.605555
v 21.4371 11.323 -0.607875
v 21.1444 10.4601 -0.362909
v 21.0103 10.5062 -0.360723
v 21.3029 11.3691 -0.605689
v 21.4371 11.3229 -0.608008
v 21.1444 10.4601 -0.363042
f 8529 8530 8531 8532
f 8533 8534 8535 8536
f 8529 8530 8534 8533
f 8530 8531 8535 8534
f 8531 8532 8536 8535
f 8532 8529 8533 8536
o Box1067
v 21.3002 11.3612 -0.603291
v 21.6947 12.2286 -0.523132
v 21.8227 12.1709 -0.529639
v 21.4282 11.3036 -0.609798
v 21.3002 11.3612 -0.603305
v 21.6947 12.2286 -0.523146
v 21.8227 12.1709 -0.529653
v 21.4282 11.3036 -0.609812
f 8537 8538 8539 8540
f 8541 8542 8543 8544
f 8537 8538 8542 8541
f 8538 8539 8543 8542
f 8539 8540 8544 8543
f 8540 8537 8541 8544
o Box1068
v 21.1939 11.404 -0.599436
v 21.551 12.2835 -0.518799
v 21.7565 12.2007 -0.526274
v 21.3994 11.3212 -0.606911
v 21.1939 11.404 -0.59945
v 21.551 12.2835 -0.518813
v 21.7565 12.2007 -0.526289
v 21.3994 11.3212 -0.606925
f 8545 8546 8547 8548
f 8549 8550 8551 8552
f 8545 8546 8550 8549
f 8546 8547 8551 8550
f 8547 8548 8552 8551
f 8548 8545 8549 8552
o Box1069
v 19.3131 13.467 -0.495849
v 22.179 13.1141 -0.142827
v 22.1472 14.2525 1.25313
v 19.2813 14.6054 0.900107
v 19.2759 13.3 -0.360474
v 22.1418 12.9471 -0.00745249
v 22.11 14.0854 1.3885
v 19.2441 14.4383 1.03548
f 8553 8554 8555 8556
f 8557 8558 8559 8560
f 8553 8554 8558 8557
f 8554 8555 8559 8558
f 8555 8556 8560 8559
f 8556 8553 8557 8560
o Box1070
v 21.3445 12.397 -0.575274
v 22.1306 14.2837 1.19927
v 22.4095 13.9948 1.38289
v 21.6233 12.1081 -0.391647
v 21.6328 12.5147 -0.828118
v 22.419 14.4014 0.946422
v 22.6979 14.1124 1.13005
v 21.9117 12.2258 -0.644491
f 8561 8562 8563 8564
f 8565 8566 8567 8568
f 8561 8562 8566 8565
f 8562 8563 8567 8566
f 8563 8564 8568 8567
f 8564 8561 8565 8568
o Box1071
v 19.2833 13.7135 -0.00741822
v 21.9676 13.4126 0.243447
v 21.9808 14.0707 0.892132
v 19.2964 14.3716 0.641267
v 19.2833 13.7135 -0.0074088
v 21.9676 13.4126 0.243456
v 21.9808 14.0707 0.892142
v 19.2964 14.3716 0.641277
f 8569 8570 8571 8572
f 8573 8574 8575 8576
f 8569 8570 8574 8573
f 8570 8571 8575 8574
f 8571 8572 8576 8575
f 8572 8569 8573 8576
o Box1072
v 19.3314 13.4722 -0.550244
v 22.2135 13.1314 -0.143147
v 22.1447 14.2382 1.27056
v 19.2626 14.579 0.863461
v 19.2967 13.3194 -0.432298
v 22.1788 12.9786 -0.0252014
v 22.11 14.0854 1.3885
v 19.2279 14.4262 0.981407
f 8577 8578 8579 8580
f 8581 8582 8583 8584
f 8577 8578 8582 8581
f 8578 8579 8583 8582
f 8579 8580 8584 8583
f 8580 8577 8581 8584
o Box1073
v 19.2784 13.3513 -0.364985
v 21.9648 13.0592 -0.105736
v 21.9736 13.7126 0.53913
v 19.2872 14.0046 0.279881
v 19.2784 13.3512 -0.364954
v 21.9648 13.0592 -0.105705
v 21.9736 13.7126 0.539162
v 19.2872 14.0046 0.279913
f 8585 8586 8587 8588
f 8589 8590 8591 8592
f 8585 8586 8590 8589
f 8586 8587 8591 8590
f 8587 8588 8592 8591
f 8588 8585 8589 8592
o Box1074
v 19.4745 14.1317 0.200035
v 22.1543 13.6823 0.563672
v 22.11 14.0854 1.3885
v 19.4301 14.5349 1.02486
v 19.4745 14.1317 0.200041
v 22.1543 13.6823 0.563678
v 22.11 14.0854 1.3885
v 19.4301 14.5348 1.02487
f 8593 8594 8595 8596
f 8597 8598 8599 8600
f 8593 8594 8598 8597
f 8594 8595 8599 8598
f 8595 8596 8600 8599
f 8596 8593 8597 8600
o Box1075
v 21.4321 12.3083 -0.512482
v 21.788 13.1052 -0.110457
v 22.103 12.9763 -0.133778
v 21.7471 12.1794 -0.535804
v 21.4322 12.3088 -0.513485
v 21.7881 13.1057 -0.111459
v 22.1031 12.9767 -0.134781
v 21.7472 12.1799 -0.536807
f 8601 8602 8603 8604
f 8605 8606 8607 8608
f 8601 8602 8606 8605
f 8602 8603 8607 8606
f 8603 8604 8608 8607
f 8604 8601 8605 8608
o Box1076
v 21.6401 13.0558 -0.0538852
v 22.2062 14.0823 1.40022
v 22.5733 13.9242 1.36894
v 22.0072 12.8976 -0.0851613
v 21.6981 13.2172 -0.190402
v 22.2641 14.2438 1.2637
v 22.6312 14.0857 1.23242
v 22.0651 13.0591 -0.221678
f 8609 8610 8611 8612
f 8613 8614 8615 8616
f 8609 8610 8614 8613
f 8610 8611 8615 8614
f 8611 8612 8616 8615
f 8612 8609 8613 8616
o Box1077
v 21.5427 12.2631 -0.520671
v 21.9543 13.0431 -0.119855
v 22.1518 12.9498 -0.14109
v 21.7402 12.1698 -0.541907
v 21.5428 12.2632 -0.520906
v 21.9544 13.0432 -0.120089
v 22.1519 12.9499 -0.141324
v 21.7403 12.1699 -0.542141
f 8617 8618 8619 8620
f 8621 8622 8623 8624
f 8617 8618 8622 8621
f 8618 8619 8623 8622
f 8619 8620 8624 8623
f 8620 8617 8621 8624
o Box1078
v 21.4073 12.323 -0.508629
v 21.7924 13.1121 -0.107381
v 22.0472 12.9993 -0.130004
v 21.6621 12.2102 -0.531251
v 21.4073 12.323 -0.508647
v 21.7924 13.1122 -0.107399
v 22.0472 12.9993 -0.130022
v 21.6621 12.2102 -0.53127
f 8625 8626 8627 8628
f 8629 8630 8631 8632
f 8625 8626 8630 8629
f 8626 8627 8631 8630
f 8627 8628 8632 8631
f 8628 8625 8629 8632
o Box1079
v 21.6615 13.1256 -0.110093
v 21.9868 13.7371 0.567372
v 22.3604 13.5879 0.522728
v 22.0351 12.9763 -0.154736
v 21.6616 13.1261 -0.110589
v 21.9869 13.7376 0.566876
v 22.3605 13.5883 0.522233
v 22.0352 12.9768 -0.155232
f 8633 8634 8635 8636
f 8637 8638 8639 8640
f 8633 8634 8638 8637
f 8634 8635 8639 8638
f 8635 8636 8640 8639
f 8636 8633 8637 8640
o Box1080
v 22.2557 13.6028 0.481217
v 22.5636 13.9349 1.35121
v 22.2815 14.0447 1.40914
v 21.9736 13.7126 0.539149
v 22.2557 13.6026 0.481299
v 22.5636 13.9348 1.35129
v 22.2815 14.0446 1.40922
v 21.9736 13.7124 0.539231
f 8641 8642 8643 8644
f 8645 8646 8647 8648
f 8641 8642 8646 8645
f 8642 8643 8647 8646
f 8643 8644 8648 8647
f 8644 8641 8645 8648
o Box1081
v 21.7765 13.0795 -0.123682
v 22.1594 13.6738 0.552732
v 22.4094 13.5615 0.509862
v 22.0265 12.9672 -0.166552
v 21.7766 13.0797 -0.123902
v 22.1595 13.674 0.552512
v 22.4095 13.5617 0.509642
v 22.0266 12.9674 -0.166772
f 8649 8650 8651 8652
f 8653 8654 8655 8656
f 8649 8650 8654 8653
f 8650 8651 8655 8654
f 8651 8652 8656 8655
f 8652 8649 8653 8656
o Box1082
v 21.6245 13.1466 -0.1001
v 21.994 13.7456 0.576813
v 22.274 13.6224 0.533049
v 21.9045 13.0233 -0.143863
v 21.6246 13.1467 -0.100268
v 21.9941 13.7458 0.576644
v 22.274 13.6225 0.532881
v 21.9046 13.0235 -0.144031
f 8657 8658 8659 8660
f 8661 8662 8663 8664
f 8657 8658 8662 8661
f 8658 8659 8663 8662
f 8659 8660 8664 8663
f 8660 8657 8661 8664
o Box1083
v 18.8599 8.81109 3.79649
v 19.2259 12.9676 5.38946
v 21.9069 12.7195 5.42086
v 21.5408 8.56295 3.82789
v 18.9091 9.20996 2.74443
v 19.2752 13.3665 4.33741
v 21.9561 13.1183 4.36881
v 21.5901 8.96181 2.77583
f 8665 8666 8667 8668
f 8669 8670 8671 8672
f 8665 8666 8670 8669
f 8666 8667 8671 8670
f 8667 8668 8672 8671
f 8668 8665 8669 8672
o Box1084
v 21.5971 15.3169 -0.146038
v 23.9192 13.318 3.67314
v 20.3902 13.4317 5.87821
v 18.0681 15.4306 2.05904
v 21.3248 14.2711 -0.527892
v 23.6469 12.2722 3.29128
v 20.1179 12.3858 5.49636
v 17.7959 14.3847 1.67718
f 8673 8674 8675 8676
f 8677 8678 8679 8680
f 8673 8674 8678 8677
f 8674 8675 8679 8678
f 8675 8676 8680 8679
f 8676 8673 8677 8680
o Box1085
v 18.3139 10.7048 3.7583
v 20.706 8.93297 2.65682
v 22.3692 10.277 4.10677
v 19.977 12.0488 5.20825
v 18.2533 10.4099 4.10112
v 20.6454 8.63808 2.99964
v 22.3086 9.98212 4.4496
v 19.9165 11.7539 5.55107
f 8681 8682 8683 8684
f 8685 8686 8687 8688
f 8681 8682 8686 8685
f 8682 8683 8687 8686
f 8683 8684 8688 8687
f 8684 8681 8685 8688
o Box1086
v 18.888 11.595 4.78957
v 21.2655 10.5446 4.71525
v 22.1309 12.5174 4.51849
v 19.7533 13.5677 4.59281
v 18.8985 11.6069 4.95555
v 21.276 10.5566 4.88123
v 22.1414 12.5294 4.68447
v 19.7638 13.5797 4.75879
f 8689 8690 8691 8692
f 8693 8694 8695 8696
f 8689 8690 8694 8693
f 8690 8691 8695 8694
f 8691 8692 8696 8695
f 8692 8689 8693 8696
o Box1087
v 18.757 10.0071 3.73955
v 20.9285 9.30031 3.54371
v 21.5275 10.8391 4.63268
v 19.3561 11.5459 4.82853
v 18.7368 9.90014 3.90176
v 20.9083 9.19337 3.70591
v 21.5074 10.7322 4.79489
v 19.3359 11.439 4.99074
f 8697 8698 8699 8700
f 8701 8702 8703 8704
f 8697 8698 8702 8701
f 8698 8699 8703 8702
f 8699 8700 8704 8703
f 8700 8697 8701 8704
o Box1088
v 20.829 9.09305 2.66557
v 21.9034 10.6565 4.56201
v 19.8761 11.4338 5.06979
v 18.8017 9.87038 3.17335
v 20.7831 8.79696 2.93565
v 21.8575 10.3604 4.83209
v 19.8302 11.1377 5.33988
v 18.7558 9.57429 3.44344
f 8705 8706 8707 8708
f 8709 8710 8711 8712
f 8705 8706 8710 8709
f 8706 8707 8711 8710
f 8707 8708 8712 8711
f 8708 8705 8709 8712
o Box1089
v 18.3957 10.3242 3.82702
v 20.6151 9.00009 3.2132
v 21.5271 10.086 4.1682
v 19.3077 11.4101 4.78202
v 18.3699 10.2088 3.98279
v 20.5893 8.88472 3.36897
v 21.5013 9.97065 4.32398
v 19.2819 11.2947 4.9378
f 8713 8714 8715 8716
f 8717 8718 8719 8720
f 8713 8714 8718 8717
f 8714 8715 8719 8718
f 8715 8716 8720 8719
f 8716 8713 8717 8720
o Box1090
v 18.7252 10.4138 4.0159
v 20.9686 9.40015 3.62842
v 21.7394 10.7602 4.53316
v 19.496 11.7738 4.92064
v 18.7061 10.2999 4.20328
v 20.9495 9.28631 3.8158
v 21.7203 10.6464 4.72054
v 19.4769 11.66 5.10802
f 8721 8722 8723 8724
f 8725 8726 8727 8728
f 8721 8722 8726 8725
f 8722 8723 8727 8726
f 8723 8724 8728 8727
f 8724 8721 8725 8728
o Box1091
v 18.8725 10.7211 4.4285
v 20.9035 9.61803 4.07853
v 21.3386 10.3071 4.43201
v 19.3077 11.4101 4.78198
v 18.8725 10.7211 4.42855
v 20.9035 9.61801 4.07858
v 21.3386 10.3071 4.43205
v 19.3077 11.4101 4.78202
f 8729 8730 8731 8732
f 8733 8734 8735 8736
f 8729 8730 8734 8733
f 8730 8731 8735 8734
f 8731 8732 8736 8735
f 8732 8729 8733 8736
o Box1092
v 18.7242 10.0559 3.7825
v 20.7255 9.08756 3.26994
v 21.1332 9.61187 3.87124
v 19.1319 10.5802 4.3838
v 18.7242 10.0559 3.78251
v 20.7255 9.08755 3.26996
v 21.1332 9.61186 3.87125
v 19.1319 10.5802 4.38381
f 8737 8738 8739 8740
f 8741 8742 8743 8744
f 8737 8738 8742 8741
f 8738 8739 8743 8742
f 8739 8740 8744 8743
f 8740 8737 8741 8744
o Box1093
v 18.7433 10.6997 4.19896
v 20.9686 9.40014 3.62842
v 21.8946 10.5995 4.5082
v 19.6693 11.899 5.07874
v 18.7239 10.5946 4.36258
v 20.9492 9.2951 3.79204
v 21.8752 10.4945 4.67181
v 19.6499 11.794 5.24235
f 8745 8746 8747 8748
f 8749 8750 8751 8752
f 8745 8746 8750 8749
f 8746 8747 8751 8750
f 8747 8748 8752 8751
f 8748 8745 8749 8752
o Box1094
v 20.9286 10.1137 4.29729
v 21.2835 10.8984 4.69552
v 21.3995 10.8497 4.68823
v 21.0446 10.065 4.29
v 20.9286 10.1138 4.29711
v 21.2836 10.8985 4.69535
v 21.3995 10.8498 4.68806
v 21.0446 10.065 4.28982
f 8753 8754 8755 8756
f 8757 8758 8759 8760
f 8753 8754 8758 8757
f 8754 8755 8759 8758
f 8755 8756 8760 8759
f 8756 8753 8757 8760
o Box1095
v 19.124 11.11 4.62842
v 21.1656 10.0331 4.29141
v 21.6005 10.7437 4.65505
v 19.5589 11.8206 4.99205
v 19.124 11.11 4.62847
v 21.1656 10.033 4.29147
v 21.6005 10.7436 4.65511
v 19.5589 11.8206 4.99211
f 8761 8762 8763 8764
f 8765 8766 8767 8768
f 8761 8762 8766 8765
f 8762 8763 8767 8766
f 8763 8764 8768 8767
f 8764 8761 8765 8768
o Box1096
v 18.9622 10.3579 4.1289
v 20.9686 9.40016 3.62841
v 21.3753 9.93297 4.23917
v 19.3688 10.8907 4.73966
v 18.9622 10.3579 4.12891
v 20.9686 9.40015 3.62842
v 21.3753 9.93296 4.23918
v 19.3688 10.8907 4.73967
f 8769 8770 8771 8772
f 8773 8774 8775 8776
f 8769 8770 8774 8773
f 8770 8771 8775 8774
f 8771 8772 8776 8775
f 8772 8769 8773 8776
o Box1097
v 18.7939 9.80203 3.31861
v 20.8143 9.02263 2.72429
v 21.1795 9.33037 3.56215
v 19.1591 10.1098 4.15647
v 18.7907 9.78889 3.32485
v 20.811 9.00949 2.73052
v 21.1762 9.31723 3.56838
v 19.1559 10.0966 4.16271
f 8777 8778 8779 8780
f 8781 8782 8783 8784
f 8777 8778 8782 8781
f 8778 8779 8783 8782
f 8779 8780 8784 8783
f 8780 8777 8781 8784
o Box1098
v 20.7072 9.41258 3.71938
v 21.2657 10.7581 4.86158
v 21.4899 10.6621 4.86497
v 20.9314 9.31664 3.72278
v 20.7633 9.53746 3.54486
v 21.3217 10.8829 4.68706
v 21.546 10.787 4.69045
v 20.9875 9.44151 3.54826
f 8785 8786 8787 8788
f 8789 8790 8791 8792
f 8785 8786 8790 8789
f 8786 8787 8791 8790
f 8787 8788 8792 8791
f 8788 8785 8789 8792
o Box1099
v 18.8188 9.82018 3.3961
v 20.8322 9.02736 2.77905
v 21.1853 9.3148 3.562
v 19.1719 10.1076 4.17905
v 18.8188 9.82013 3.39613
v 20.8322 9.02731 2.77908
v 21.1853 9.31475 3.56203
v 19.1719 10.1076 4.17908
f 8793 8794 8795 8796
f 8797 8798 8799 8800
f 8793 8794 8798 8797
f 8794 8795 8799 8798
f 8795 8796 8800 8799
f 8796 8793 8797 8800
o Box1100
v 20.5209 9.13292 2.79487
v 20.7684 9.47587 3.6558
v 20.9685 9.39999 3.6285
v 20.7211 9.05704 2.76756
v 20.521 9.13307 2.79479
v 20.7685 9.47602 3.65572
v 20.9686 9.40015 3.62842
v 20.7211 9.05719 2.76749
f 8801 8802 8803 8804
f 8805 8806 8807 8808
f 8801 8802 8806 8805
f 8802 8803 8807 8806
f 8803 8804 8808 8807
f 8804 8801 8805 8808
o Box1101
v 20.7102 9.48499 3.63424
v 20.9924 10.0987 4.30426
v 21.2455 10.0022 4.2861
v 20.9632 9.38842 3.61608
v 20.7103 9.48534 3.63386
v 20.9925 10.0991 4.30388
v 21.2456 10.0025 4.28573
v 20.9633 9.38877 3.61571
f 8809 8810 8811 8812
f 8813 8814 8815 8816
f 8809 8810 8814 8813
f 8810 8811 8815 8814
f 8811 8812 8816 8815
f 8812 8809 8813 8816
o Box1102
v 20.9879 10.0888 4.29351
v 21.3149 10.8826 4.69211
v 21.4878 10.8153 4.68426
v 21.1608 10.0215 4.28566
v 20.9879 10.0888 4.29345
v 21.3149 10.8826 4.69204
v 21.4878 10.8153 4.68419
v 21.1608 10.0215 4.2856
f 8817 8818 8819 8820
f 8821 8822 8823 8824
f 8817 8818 8822 8821
f 8818 8819 8823 8822
f 8819 8820 8824 8823
f 8820 8817 8821 8824
o Box1103
v 20.7611 9.46575 3.6304
v 21.0695 10.0719 4.30054
v 21.2693 9.991 4.28179
v 20.9608 9.38485 3.61165
v 20.7611 9.46581 3.63034
v 21.0696 10.072 4.30047
v 21.2693 9.99107 4.28172
v 20.9608 9.38492 3.61159
f 8825 8826 8827 8828
f 8829 8830 8831 8832
f 8825 8826 8830 8829
f 8826 8827 8831 8830
f 8827 8828 8832 8831
f 8828 8825 8829 8832
o Box1104
v 20.6731 9.50237 3.63994
v 20.9958 10.1036 4.30993
v 21.1655 10.0327 4.29183
v 20.8428 9.43146 3.62184
v 20.6732 9.50272 3.63958
v 20.9959 10.104 4.30957
v 21.1656 10.033 4.29147
v 20.8429 9.43181 3.62148
f 8833 8834 8835 8836
f 8837 8838 8839 8840
f 8833 8834 8838 8837
f 8834 8835 8839 8838
f 8835 8836 8840 8839
f 8836 8833 8837 8840
o Box1105
v 18.8129 11.6612 4.79268
v 21.1975 10.4499 4.73008
v 22.21 12.454 4.52029
v 19.8255 13.6653 4.58289
v 18.8233 11.6731 4.95605
v 21.2078 10.4618 4.89345
v 22.2203 12.4659 4.68366
v 19.8358 13.6772 4.74626
f 8841 8842 8843 8844
f 8845 8846 8847 8848
f 8841 8842 8846 8845
f 8842 8843 8847 8846
f 8843 8844 8848 8847
f 8844 8841 8845 8848
o Box1106
v 21.2785 10.8874 4.68973
v 21.8387 12.6385 4.52973
v 21.8651 12.6455 4.69895
v 21.3049 10.8945 4.85896
v 21.3968 10.8481 4.67297
v 21.957 12.5992 4.51297
v 21.9833 12.6062 4.6822
v 21.4231 10.8551 4.8422
f 8849 8850 8851 8852
f 8853 8854 8855 8856
f 8849 8850 8854 8853
f 8850 8851 8855 8854
f 8851 8852 8856 8855
f 8852 8849 8853 8856
o Box1107
v 18.6952 11.7953 4.72704
v 21.0481 10.2979 4.67727
v 21.9563 11.7282 4.57983
v 19.6033 13.2256 4.62959
v 18.7042 11.8029 4.92309
v 21.0571 10.3055 4.87333
v 21.9653 11.7358 4.77588
v 19.6123 13.2332 4.82565
f 8857 8858 8859 8860
f 8861 8862 8863 8864
f 8857 8858 8862 8861
f 8858 8859 8863 8862
f 8859 8860 8864 8863
f 8860 8857 8861 8864
o Box1108
v 19.031 12.2659 4.72557
v 21.3995 10.8497 4.68823
v 22.2988 12.3598 4.45753
v 19.9304 13.7761 4.49486
v 19.0463 12.2864 4.91934
v 21.4148 10.8702 4.882
v 22.3141 12.3803 4.65129
v 19.9457 13.7966 4.68863
f 8865 8866 8867 8868
f 8869 8870 8871 8872
f 8865 8866 8870 8869
f 8866 8867 8871 8870
f 8867 8868 8872 8871
f 8868 8865 8869 8872
o Box1109
v 19.1982 12.4751 4.86118
v 21.3992 11.302 4.90958
v 21.8044 12.0525 4.67799
v 19.6033 13.2256 4.6296
v 19.1982 12.4751 4.86132
v 21.3993 11.302 4.90971
v 21.8044 12.0525 4.67812
v 19.6034 13.2256 4.62973
f 8873 8874 8875 8876
f 8877 8878 8879 8880
f 8873 8874 8878 8877
f 8874 8875 8879 8878
f 8875 8876 8880 8879
f 8876 8873 8877 8880
o Box1110
v 19.0371 11.5615 4.80167
v 21.1374 10.3864 4.64859
v 21.5718 11.1543 4.71425
v 19.4715 12.3294 4.86733
v 19.0371 11.5615 4.80175
v 21.1374 10.3864 4.64867
v 21.5718 11.1543 4.71433
v 19.4715 12.3294 4.8674
f 8881 8882 8883 8884
f 8885 8886 8887 8888
f 8881 8882 8886 8885
f 8882 8883 8887 8886
f 8883 8884 8888 8887
f 8884 8881 8885 8888
o Box1111
v 19.427 12.8841 4.73336
v 21.642 11.7517 4.77084
v 22.0471 12.5362 4.53246
v 19.8321 13.6686 4.49498
v 19.427 12.8841 4.7334
v 21.642 11.7517 4.77088
v 22.0471 12.5362 4.5325
v 19.8321 13.6686 4.49502
f 8889 8890 8891 8892
f 8893 8894 8895 8896
f 8889 8890 8894 8893
f 8890 8891 8895 8894
f 8891 8892 8896 8895
f 8892 8889 8893 8896
o Box1112
v 19.2853 11.9871 4.83775
v 21.3995 10.8497 4.68822
v 21.834 11.6484 4.75723
v 19.7198 12.7858 4.90675
v 19.2853 11.9871 4.83778
v 21.3995 10.8497 4.68826
v 21.834 11.6484 4.75726
v 19.7198 12.7858 4.90679
f 8897 8898 8899 8900
f 8901 8902 8903 8904
f 8897 8898 8902 8901
f 8898 8899 8903 8902
f 8899 8900 8904 8903
f 8900 8897 8901 8904
o Box1113
v 21.2785 10.8874 4.68981
v 21.588 11.7705 4.77179
v 21.7075 11.7288 4.76984
v 21.3981 10.8457 4.68786
v 21.2786 10.8874 4.68973
v 21.588 11.7705 4.77171
v 21.7075 11.7288 4.76976
v 21.3981 10.8457 4.68778
f 8905 8906 8907 8908
f 8909 8910 8911 8912
f 8905 8906 8910 8909
f 8906 8907 8911 8910
f 8907 8908 8912 8911
f 8908 8905 8909 8912
o Box1114
v 21.598 11.7652 4.77144
v 21.8639 12.63 4.52936
v 21.9079 12.6166 4.52974
v 21.642 11.7518 4.77182
v 21.5979 11.765 4.77045
v 21.8638 12.6297 4.52837
v 21.9079 12.6163 4.52875
v 21.642 11.7516 4.77083
f 8913 8914 8915 8916
f 8917 8918 8919 8920
f 8913 8914 8918 8917
f 8914 8915 8919 8918
f 8915 8916 8920 8919
f 8916 8913 8917 8920
o Box1115
v 21.2786 10.8874 4.68973
v 21.5825 11.772 4.77176
v 21.7023 11.731 4.77036
v 21.3983 10.8464 4.68833
v 21.2786 10.8875 4.68933
v 21.5825 11.7721 4.77137
v 21.7023 11.7311 4.76996
v 21.3983 10.8464 4.68793
f 8921 8922 8923 8924
f 8925 8926 8927 8928
f 8921 8922 8926 8925
f 8922 8923 8927 8926
f 8923 8924 8928 8927
f 8924 8921 8925 8928
o Box1116
v 21.257 10.8958 4.69016
v 21.5993 11.7684 4.77174
v 21.642 11.7516 4.77196
v 21.2997 10.8791 4.69039
v 21.257 10.8959 4.68905
v 21.5993 11.7685 4.77062
v 21.642 11.7517 4.77085
v 21.2997 10.8792 4.68927
f 8929 8930 8931 8932
f 8933 8934 8935 8936
f 8929 8930 8934 8933
f 8930 8931 8935 8934
f 8931 8932 8936 8935
f 8932 8929 8933 8936
o Box1117
v 21.5978 11.7643 4.7717
v 21.8416 12.6362 4.52981
v 21.8859 12.6238 4.52963
v 21.642 11.7519 4.77152
v 21.5977 11.7641 4.77103
v 21.8416 12.636 4.52914
v 21.8858 12.6236 4.52896
v 21.642 11.7517 4.77085
f 8937 8938 8939 8940
f 8941 8942 8943 8944
f 8937 8938 8942 8941
f 8938 8939 8943 8942
f 8939 8940 8944 8943
f 8940 8937 8941 8944
o Box1118
v 21.5761 11.7726 4.77156
v 21.8642 12.631 4.52907
v 21.9079 12.6168 4.53056
v 21.6198 11.7584 4.77306
v 21.576 11.7721 4.76974
v 21.8641 12.6306 4.52725
v 21.9078 12.6163 4.52875
v 21.6197 11.7579 4.77124
f 8945 8946 8947 8948
f 8949 8950 8951 8952
f 8945 8946 8950 8949
f 8946 8947 8951 8950
f 8947 8948 8952 8951
f 8948 8945 8949 8952
o Box1119
v 19.5372 14.7145 0.540527
v 22.4056 14.0114 0.51326
v 22.4687 14.161 3.29249
v 19.6002 14.8641 3.31976
v 19.4438 14.3327 0.563196
v 22.3122 13.6296 0.535929
v 22.3753 13.7792 3.31516
v 19.5069 14.4823 3.34242
f 8953 8954 8955 8956
f 8957 8958 8959 8960
f 8953 8954 8958 8957
f 8954 8955 8959 8958
f 8955 8956 8960 8959
f 8956 8953 8957 8960
o Box1120
v 19.5326 14.8721 3.16627
v 22.5311 14.4126 2.5043
v 22.7202 12.7175 4.53756
v 19.7217 13.1771 5.19953
v 19.4336 14.5725 2.92569
v 22.432 14.1129 2.26372
v 22.6211 12.4179 4.29699
v 19.6227 12.8775 4.95896
f 8961 8962 8963 8964
f 8965 8966 8967 8968
f 8961 8962 8966 8965
f 8962 8963 8967 8966
f 8963 8964 8968 8967
f 8964 8961 8965 8968
o Box1121
v 19.5582 14.7929 0.64846
v 22.6056 14.0517 1.3351
v 22.0804 14.2225 3.85029
v 19.033 14.9636 3.16366
v 19.45 14.3544 0.655623
v 22.4973 13.6132 1.34226
v 21.9721 13.784 3.85746
v 18.9248 14.5251 3.17082
f 8969 8970 8971 8972
f 8973 8974 8975 8976
f 8969 8970 8974 8973
f 8970 8971 8975 8974
f 8971 8972 8976 8975
f 8972 8969 8973 8976
o Box1122
v 21.8073 13.7552 0.563741
v 22.1504 14.0482 2.37518
v 22.5362 13.9494 2.3181
v 22.1932 13.6563 0.506659
v 21.8549 13.9655 0.520712
v 22.1979 14.2586 2.33215
v 22.5838 14.1597 2.27507
v 22.2407 13.8667 0.46363
f 8977 8978 8979 8980
f 8981 8982 8983 8984
f 8977 8978 8982 8981
f 8978 8979 8983 8982
f 8979 8980 8984 8983
f 8980 8977 8981 8984
o Box1123
v 19.5474 14.7506 0.639294
v 22.6574 14.0227 1.5308
v 22.0196 14.2799 3.96586
v 18.9096 15.0078 3.07436
v 19.45 14.3544 0.655622
v 22.56 13.6265 1.54712
v 21.9221 13.8836 3.98219
v 18.8121 14.6116 3.09069
f 8985 8986 8987 8988
f 8989 8990 8991 8992
f 8985 8986 8990 8989
f 8986 8987 8991 8990
f 8987 8988 8992 8991
f 8988 8985 8989 8992
o Box1124
v 19.7376 14.8724 0.930569
v 22.5368 14.1015 1.47127
v 22.1947 14.0973 3.23643
v 19.3955 14.8682 2.69573
v 19.6873 14.6829 0.92038
v 22.4866 13.912 1.46108
v 22.1445 13.9078 3.22624
v 19.3452 14.6786 2.68554
f 8993 8994 8995 8996
f 8997 8998 8999 9000
f 8993 8994 8998 8997
f 8994 8995 8999 8998
f 8995 8996 9000 8999
f 8996 8993 8997 9000
o Box1125
v 19.4942 14.5399 0.611661
v 22.354 13.9833 1.13712
v 22.1287 14.4429 2.84989
v 19.2689 14.9995 2.32443
v 19.45 14.3544 0.655623
v 22.3098 13.7979 1.18108
v 22.0845 14.2575 2.89385
v 19.2247 14.814 2.3684
f 9001 9002 9003 9004
f 9005 9006 9007 9008
f 9001 9002 9006 9005
f 9002 9003 9007 9006
f 9003 9004 9008 9007
f 9004 9001 9005 9008
o Box1126
v 19.6791 14.7923 2.434
v 22.2302 13.9854 2.8579
v 22.0296 13.8039 3.71961
v 19.4785 14.6108 3.29571
v 19.679 14.7922 2.43399
v 22.2302 13.9853 2.85789
v 22.0296 13.8039 3.7196
v 19.4785 14.6108 3.2957
f 9009 9010 9011 9012
f 9013 9014 9015 9016
f 9009 9010 9014 9013
f 9010 9011 9015 9014
f 9011 9012 9016 9015
f 9012 9009 9013 9016
o Box1127
v 19.45 14.3544 0.655616
v 22.1296 13.9041 1.02014
v 22.0857 14.3093 1.84334
v 19.4061 14.7596 1.47881
v 19.45 14.3543 0.655644
v 22.1296 13.904 1.02017
v 22.0857 14.3092 1.84337
v 19.4061 14.7595 1.47884
f 9017 9018 9019 9020
f 9021 9022 9023 9024
f 9017 9018 9022 9021
f 9018 9019 9023 9022
f 9019 9020 9024 9023
f 9020 9017 9021 9024
o Box1128
v 19.5874 14.729 1.50351
v 22.2211 14.1037 1.92919
v 22.103 14.2167 2.82576
v 19.4693 14.842 2.40009
v 19.5874 14.729 1.50351
v 22.221 14.1037 1.92919
v 22.103 14.2167 2.82576
v 19.4693 14.842 2.40009
f 9025 9026 9027 9028
f 9029 9030 9031 9032
f 9025 9026 9030 9029
f 9026 9027 9031 9030
f 9027 9028 9032 9031
f 9028 9025 9029 9032
o Box1129
v 19.6513 14.6687 1.00388
v 22.2851 14.0439 1.41589
v 22.1694 14.1532 2.32172
v 19.5355 14.7781 1.9097
v 19.6513 14.6687 1.00388
v 22.2851 14.0439 1.4159
v 22.1694 14.1532 2.32172
v 19.5355 14.778 1.90971
f 9033 9034 9035 9036
f 9037 9038 9039 9040
f 9033 9034 9038 9037
f 9034 9035 9039 9038
f 9035 9036 9040 9039
f 9036 9033 9037 9040
o Box1130
v 19.788 14.8981 1.94925
v 22.3416 14.0993 2.34867
v 22.1445 13.9078 3.22625
v 19.5908 14.7066 2.82683
v 19.788 14.898 1.94923
v 22.3416 14.0992 2.34865
v 22.1445 13.9077 3.22623
v 19.5908 14.7065 2.82681
f 9041 9042 9043 9044
f 9045 9046 9047 9048
f 9041 9042 9046 9045
f 9042 9043 9047 9046
f 9043 9044 9048 9047
f 9044 9041 9045 9048
o Box1131
v 22.1013 13.6625 0.513014
v 22.4095 13.9948 1.38289
v 22.1284 14.1054 1.44023
v 21.8202 13.7732 0.570351
v 22.1012 13.6623 0.513126
v 22.4095 13.9946 1.383
v 22.1284 14.1052 1.44034
v 21.8201 13.773 0.570463
f 9049 9050 9051 9052
f 9053 9054 9055 9056
f 9049 9050 9054 9053
f 9050 9051 9055 9054
f 9051 9052 9056 9055
f 9052 9049 9053 9056
o Box1132
v 22.0232 14.1125 1.40109
v 22.1745 14.1541 2.35513
v 22.5549 14.0347 2.30001
v 22.4036 13.993 1.34597
v 22.0233 14.113 1.40104
v 22.1746 14.1546 2.35509
v 22.5551 14.0352 2.29997
v 22.4038 13.9935 1.34592
f 9057 9058 9059 9060
f 9061 9062 9063 9064
f 9057 9058 9062 9061
f 9058 9059 9063 9062
f 9059 9060 9064 9063
f 9060 9057 9061 9064
o Box1133
v 22.11 14.0854 1.3885
v 22.3046 14.1139 2.34286
v 22.5937 14.0214 2.28668
v 22.3991 13.9929 1.33232
v 22.1101 14.0858 1.38847
v 22.3047 14.1143 2.34283
v 22.5938 14.0218 2.28664
v 22.3992 13.9933 1.33228
f 9065 9066 9067 9068
f 9069 9070 9071 9072
f 9065 9066 9070 9069
f 9066 9067 9071 9070
f 9067 9068 9072 9071
f 9068 9065 9069 9072
o Box1134
v 21.9709 14.1297 1.41788
v 22.1801 14.154 2.37139
v 22.4375 14.0716 2.31703
v 22.2283 14.0473 1.36352
v 21.9711 14.1301 1.41784
v 22.1802 14.1545 2.37135
v 22.4376 14.072 2.31699
v 22.2284 14.0477 1.36348
f 9073 9074 9075 9076
f 9077 9078 9079 9080
f 9073 9074 9078 9077
f 9074 9075 9079 9078
f 9075 9076 9080 9079
f 9076 9073 9077 9080
o Box1135
v 19.1405 13.4094 4.58299
v 21.7277 12.3623 4.82594
v 22.4499 13.7817 3.25277
v 19.8627 14.8289 3.00982
v 19.1748 13.5213 4.69965
v 21.762 12.4741 4.9426
v 22.4842 13.8936 3.36943
v 19.897 14.9407 3.12648
f 9081 9082 9083 9084
f 9085 9086 9087 9088
f 9081 9082 9086 9085
f 9082 9083 9087 9086
f 9083 9084 9088 9087
f 9084 9081 9085 9088
o Box1136
v 22.4267 14.0502 2.29538
v 22.0512 12.547 4.50598
v 22.1741 12.804 4.70164
v 22.5496 14.3072 2.49104
v 22.1529 14.1598 2.3234
v 21.7775 12.6566 4.534
v 21.9004 12.9136 4.72966
v 22.2759 14.4168 2.51906
f 9089 9090 9091 9092
f 9093 9094 9095 9096
f 9089 9090 9094 9093
f 9090 9091 9095 9094
f 9091 9092 9096 9095
f 9092 9089 9093 9096
o Box1137
v 19.0071 13.4621 4.48403
v 21.5995 12.2109 4.90855
v 22.3062 13.2851 3.75933
v 19.7138 14.5364 3.33482
v 19.0456 13.5907 4.62798
v 21.6381 12.3395 5.0525
v 22.3447 13.4138 3.90328
v 19.7523 14.665 3.47876
f 9097 9098 9099 9100
f 9101 9102 9103 9104
f 9097 9098 9102 9101
f 9098 9099 9103 9102
f 9099 9100 9104 9103
f 9100 9097 9101 9104
o Box1138
v 19.9771 15.0007 2.98901
v 22.5758 13.8141 3.37404
v 21.9066 12.7669 4.66295
v 19.308 13.9536 4.27792
v 19.9343 14.8637 2.85545
v 22.533 13.677 3.24049
v 21.8639 12.6299 4.5294
v 19.2652 13.8165 4.14437
f 9105 9106 9107 9108
f 9109 9110 9111 9112
f 9105 9106 9110 9109
f 9106 9107 9111 9110
f 9107 9108 9112 9111
f 9108 9105 9109 9112
o Box1139
v 19.7138 14.5364 3.33485
v 22.1559 13.5632 3.69038
v 21.8741 13.1209 4.41568
v 19.432 14.0941 4.06014
v 19.7138 14.5364 3.33482
v 22.1559 13.5632 3.69035
v 21.8741 13.1209 4.41564
v 19.432 14.0941 4.06011
f 9113 9114 9115 9116
f 9117 9118 9119 9120
f 9113 9114 9118 9117
f 9114 9115 9119 9118
f 9115 9116 9120 9119
f 9116 9113 9117 9120
o Box1140
v 19.3348 13.3531 4.60348
v 21.655 12.2514 4.8291
v 22.0077 12.8905 4.32294
v 19.6875 13.9923 4.09733
v 19.3348 13.3531 4.6035
v 21.655 12.2514 4.82912
v 22.0077 12.8906 4.32296
v 19.6875 13.9923 4.09734
f 9121 9122 9123 9124
f 9125 9126 9127 9128
f 9121 9122 9126 9125
f 9122 9123 9127 9126
f 9123 9124 9128 9127
f 9124 9121 9125 9128
o Box1141
v 19.8686 14.7927 2.92227
v 22.3173 13.8407 3.24939
v 22.0384 13.3787 3.99295
v 19.5897 14.3308 3.66583
v 19.8686 14.7926 2.9222
v 22.3173 13.8406 3.24932
v 22.0383 13.3786 3.99288
v 19.5896 14.3307 3.66575
f 9129 9130 9131 9132
f 9133 9134 9135 9136
f 9129 9130 9134 9133
f 9130 9131 9135 9134
f 9131 9132 9136 9135
f 9132 9129 9133 9136
o Box1142
v 19.5327 13.6978 4.32712
v 21.8638 12.6299 4.52939
v 22.215 13.2977 4.00821
v 19.8839 14.3657 3.80594
v 19.5327 13.6979 4.32719
v 21.8639 12.6299 4.52946
v 22.215 13.2978 4.00828
v 19.8839 14.3657 3.80601
f 9137 9138 9139 9140
f 9141 9142 9143 9144
f 9137 9138 9142 9141
f 9138 9139 9143 9142
f 9139 9140 9144 9143
f 9140 9137 9141 9144
o Box1143
v 22.1202 14.0615 2.28279
v 22.072 13.3596 3.99695
v 22.3697 13.2946 3.97868
v 22.4178 13.9964 2.26452
v 22.1686 14.2602 2.3655
v 22.1205 13.5583 4.07966
v 22.4182 13.4933 4.06139
v 22.4663 14.1951 2.34723
f 9145 9146 9147 9148
f 9149 9150 9151 9152
f 9145 9146 9150 9149
f 9146 9147 9151 9150
f 9147 9148 9152 9151
f 9148 9145 9149 9152
o Box1144
v 21.7774 12.6042 4.48408
v 22.0732 13.9509 3.25635
v 22.2159 14.0708 3.42229
v 21.9201 12.7242 4.65001
v 21.8794 12.5425 4.44096
v 22.1752 13.8891 3.21324
v 22.3179 14.0091 3.37917
v 22.0221 12.6625 4.6069
f 9153 9154 9155 9156
f 9157 9158 9159 9160
f 9153 9154 9158 9157
f 9154 9155 9159 9158
f 9155 9156 9160 9159
f 9156 9153 9157 9160
o Box1145
v 22.4367 14.0795 2.29104
v 22.4685 13.8124 3.20979
v 22.1452 13.9017 3.24696
v 22.1133 14.1688 2.32821
v 22.4366 14.0792 2.29093
v 22.4684 13.812 3.20968
v 22.1451 13.9013 3.24685
v 22.1132 14.1685 2.32811
f 9161 9162 9163 9164
f 9165 9166 9167 9168
f 9161 9162 9166 9165
f 9162 9163 9167 9166
f 9163 9164 9168 9167
f 9164 9161 9165 9168
o Box1146
v 22.1444 13.9077 3.22617
v 22.0676 13.3646 3.99926
v 22.2791 13.3101 3.98204
v 22.3559 13.8532 3.20894
v 22.1445 13.9077 3.22623
v 22.0677 13.3646 3.99933
v 22.2791 13.3102 3.9821
v 22.3559 13.8533 3.20901
f 9169 9170 9171 9172
f 9173 9174 9175 9176
f 9169 9170 9174 9173
f 9170 9171 9175 9174
f 9171 9172 9176 9175
f 9172 9169 9173 9176
o Box1147
v 22.4353 14.0818 2.28303
v 22.4949 13.8058 3.20235
v 22.2291 13.8775 3.24113
v 22.1694 14.1535 2.32181
v 22.4352 14.0815 2.28294
v 22.4948 13.8055 3.20226
v 22.229 13.8772 3.24104
v 22.1693 14.1532 2.32172
f 9177 9178 9179 9180
f 9181 9182 9183 9184
f 9177 9178 9182 9181
f 9178 9179 9183 9182
f 9179 9180 9184 9183
f 9180 9177 9181 9184
o Box1148
v 22.2671 14.1277 2.30452
v 22.3545 13.8435 3.22278
v 22.1479 13.8985 3.25946
v 22.0605 14.1827 2.3412
v 22.2668 14.1267 2.30425
v 22.3542 13.8426 3.22251
v 22.1476 13.8975 3.25919
v 22.0602 14.1817 2.34093
f 9185 9186 9187 9188
f 9189 9190 9191 9192
f 9185 9186 9190 9189
f 9186 9187 9191 9190
f 9187 9188 9192 9191
f 9188 9185 9189 9192
o Box1149
v 21.8491 12.6328 4.53089
v 22.0384 13.3788 3.99307
v 22.1714 13.3416 3.98836
v 21.9821 12.5956 4.52618
v 21.8491 12.6327 4.53077
v 22.0384 13.3787 3.99296
v 22.1714 13.3416 3.98825
v 21.9821 12.5955 4.52607
f 9193 9194 9195 9196
f 9197 9198 9199 9200
f 9193 9194 9198 9197
f 9194 9195 9199 9198
f 9195 9196 9200 9199
f 9196 9193 9197 9200
o Box1150
v 22.0762 13.9231 3.23387
v 22.0375 13.3685 4.00609
v 22.1705 13.3381 3.99091
v 22.2092 13.8927 3.21868
v 22.0764 13.9236 3.23423
v 22.0377 13.369 4.00645
v 22.1707 13.3386 3.99127
v 22.2094 13.8932 3.21905
f 9201 9202 9203 9204
f 9205 9206 9207 9208
f 9201 9202 9206 9205
f 9202 9203 9207 9206
f 9203 9204 9208 9207
f 9204 9201 9205 9208
o Box1151
v 21.8633 12.6271 4.53133
v 22.016 13.3842 3.99428
v 22.0608 13.3745 3.99345
v 21.9081 12.6175 4.53051
v 21.863 12.6259 4.52957
v 22.0158 13.383 3.99252
v 22.0606 13.3733 3.99169
v 21.9078 12.6163 4.52875
f 9209 9210 9211 9212
f 9213 9214 9215 9216
f 9209 9210 9214 9213
f 9210 9211 9215 9214
f 9211 9212 9216 9215
f 9212 9209 9213 9216
o Box1152
v 21.8418 12.6353 4.5309
v 22.0384 13.3788 3.99314
v 22.1712 13.3407 3.98901
v 21.9747 12.5972 4.52677
v 21.8418 12.6352 4.53072
v 22.0384 13.3787 3.99296
v 22.1712 13.3406 3.98883
v 21.9746 12.5971 4.52659
f 9217 9218 9219 9220
f 9221 9222 9223 9224
f 9217 9218 9222 9221
f 9218 9219 9223 9222
f 9219 9220 9224 9223
f 9220 9217 9221 9224
o Box1153
v 12.5177 -13.2038 12.7552
v 30.1504 -9.36646 13.8986
v 28.7276 -2.41888 12.5228
v 11.0949 -6.25623 11.3794
v 11.921 -12.1826 18.5289
v 29.5537 -8.34527 19.6723
v 28.131 -1.39768 18.2964
v 10.4983 -5.23503 17.153
f 9225 9226 9227 9228
f 9229 9230 9231 9232
f 9225 9226 9230 9229
f 9226 9227 9231 9230
f 9227 9228 9232 9231
f 9228 9225 9229 9232
o Box1154
v 22.4008 -11.5082 7.15947
v 64.4069 -10.2741 -5.02368
v 60.4771 21.581 -15.3467
v 18.471 20.347 -3.16354
v 27.1734 -5.38592 24.2349
v 69.1795 -4.15188 12.0517
v 65.2497 27.7033 1.72872
v 23.2435 26.4692 13.9119
f 9233 9234 9235 9236
f 9237 9238 9239 9240
f 9233 9234 9238 9237
f 9234 9235 9239 9238
f 9235 9236 9240 9239
f 9236 9233 9237 9240
o Box1155
v 12.8895 -4.33754 12.192
v 23.5383 -6.55909 13.2324
v 22.9822 -6.55023 18.9431
v 12.3334 -4.32867 17.9027
v 11.7125 -10.029 12.0863
v 22.3613 -12.2506 13.1266
v 21.8052 -12.2417 18.8373
v 11.1564 -10.0202 17.7969
f 9241 9242 9243 9244
f 9245 9246 9247 9248
f 9241 9242 9246 9245
f 9242 9243 9247 9246
f 9243 9244 9248 9247
f 9244 9241 9245 9248
o Box1156
v 20.6522 -12.6751 13.631
v 29.8892 -7.1225 13.4177
v 26.7783 -1.99146 12.2719
v 17.5414 -7.54402 12.4852
v 20.1931 -11.6949 19.2671
v 29.4301 -6.1423 19.0538
v 26.3193 -1.01126 17.9081
v 17.0823 -6.56382 18.1214
f 9249 9250 9251 9252
f 9253 9254 9255 9256
f 9249 9250 9254 9253
f 9250 9251 9255 9254
f 9251 9252 9256 9255
f 9252 9249 9253 9256
o Box1157
v 15.8019 -13.2813 14.2433
v 18.3844 -9.60698 19.1852
v 19.9892 -5.92688 15.6103
v 17.4067 -9.60124 10.6685
v 10.1827 -10.2023 14.8905
v 12.7652 -6.52791 19.8323
v 14.37 -2.84781 16.2574
v 11.7875 -6.52217 11.3156
f 9257 9258 9259 9260
f 9261 9262 9263 9264
f 9257 9258 9262 9261
f 9258 9259 9263 9262
f 9259 9260 9264 9263
f 9260 9257 9261 9264
o Box1158
v 21.4626 -9.04022 10.7419
v 23.2199 -11.448 17.1878
v 22.8995 -6.54114 19.1081
v 21.1423 -4.13336 12.6622
v 13.3511 -10.2573 12.4986
v 15.1083 -12.6651 18.9445
v 14.7879 -7.75819 20.8648
v 13.0307 -5.35041 14.4189
f 9265 9266 9267 9268
f 9269 9270 9271 9272
f 9265 9266 9270 9269
f 9266 9267 9271 9270
f 9267 9268 9272 9271
f 9268 9265 9269 9272
o Box1159
v 15.8138 -13.0089 16.5162
v 19.1236 -9.71796 12.4542
v 14.4194 -7.30753 10.5741
v 11.1097 -10.5985 14.6362
v 16.1479 -10.6607 18.6909
v 19.4576 -7.36978 14.6289
v 14.7535 -4.95935 12.7488
v 11.4437 -8.25029 16.8108
f 9273 9274 9275 9276
f 9277 9278 9279 9280
f 9273 9274 9278 9277
f 9274 9275 9279 9278
f 9275 9276 9280 9279
f 9276 9273 9277 9280
o Box1160
v 11.774 -8.2874 19.6328
v 11.8488 -3.66622 15.4759
v 17.8933 -4.01041 15.202
v 17.8184 -8.63158 19.3589
v 11.5232 -10.6227 17.0322
v 11.5981 -6.00148 12.8753
v 17.6425 -6.34567 12.6014
v 17.5677 -10.9668 16.7584
f 9281 9282 9283 9284
f 9285 9286 9287 9288
f 9281 9282 9286 9285
f 9282 9283 9287 9286
f 9283 9284 9288 9287
f 9284 9281 9285 9288
o Box1161
v 11.8991 -8.92766 12.893
v 17.3473 -10.7277 13.4892
v 17.0735 -10.1565 17.7157
v 11.6253 -8.35643 17.1195
v 11.5543 -9.9335 13.0067
v 17.0025 -11.7336 13.6028
v 16.7288 -11.1623 17.8293
v 11.2806 -9.36227 17.2332
f 9289 9290 9291 9292
f 9293 9294 9295 9296
f 9289 9290 9294 9293
f 9290 9291 9295 9294
f 9291 9292 9296 9295
f 9292 9289 9293 9296
o Box1162
v 12.6938 -10.7013 12.2921
v 17.9636 -10.4609 13.3342
v 17.8344 -5.60385 12.867
v 12.5645 -5.84428 11.8249
v 12.3854 -10.5626 13.8195
v 17.6553 -10.3222 14.8617
v 17.526 -5.46512 14.3945
v 12.2562 -5.70556 13.3524
f 9297 9298 9299 9300
f 9301 9302 9303 9304
f 9297 9298 9302 9301
f 9298 9299 9303 9302
f 9299 9300 9304 9303
f 9300 9297 9301 9304
o Box1163
v 10.6207 -8.36382 13.5823
v 14.5159 -9.99066 12.3328
v 15.943 -10.033 16.8367
v 12.0477 -8.40619 18.0862
v 10.2766 -9.26479 13.6829
v 14.1719 -10.8916 12.4333
v 15.5989 -10.934 16.9372
v 11.7037 -9.30716 18.1867
f 9305 9306 9307 9308
f 9309 9310 9311 9312
f 9305 9306 9310 9309
f 9306 9307 9311 9310
f 9307 9308 9312 9311
f 9308 9305 9309 9312
o Box1164
v 14.1242 -10.2961 14.2027
v 17.1925 -10.8582 14.3138
v 17.1539 -10.4975 17.2039
v 14.0857 -9.9353 17.0928
v 14.0507 -10.6875 14.2506
v 17.119 -11.2496 14.3617
v 17.0805 -10.8888 17.2518
v 14.0122 -10.3267 17.1407
f 9313 9314 9315 9316
f 9317 9318 9319 9320
f 9313 9314 9318 9317
f 9314 9315 9319 9318
f 9315 9316 9320 9319
f 9316 9313 9317 9320
o Box1165
v 11.4593 -9.50257 14.4497
v 14.2931 -10.76 14.8146
v 14.5381 -9.45264 17.4172
v 11.7043 -8.19525 17.0523
v 11.2918 -9.82815 14.629
v 14.1256 -11.0855 14.9939
v 14.3706 -9.77822 17.5965
v 11.5368 -8.52083 17.2316
f 9321 9322 9323 9324
f 9325 9326 9327 9328
f 9321 9322 9326 9325
f 9322 9323 9327 9326
f 9323 9324 9328 9327
f 9324 9321 9325 9328
o Box1166
v 11.908 -8.96313 12.956
v 14.9527 -9.85427 13.2057
v 14.5319 -10.4942 16.0514
v 11.4872 -9.60302 15.8016
v 11.8034 -9.34923 12.8537
v 14.848 -10.2404 13.1034
v 14.4273 -10.8803 15.9491
v 11.3826 -9.98912 15.6994
f 9329 9330 9331 9332
f 9333 9334 9335 9336
f 9329 9330 9334 9333
f 9330 9331 9335 9334
f 9331 9332 9336 9335
f 9332 9329 9333 9336
o Box1167
v 11.1485 -9.25832 14.4881
v 14.2179 -10.7854 14.3987
v 14.7142 -9.92419 16.7291
v 11.6448 -8.39713 16.8184
v 10.9784 -9.61006 14.6543
v 14.0477 -11.1371 14.565
v 14.544 -10.2759 16.8953
v 11.4747 -8.74886 16.9847
f 9337 9338 9339 9340
f 9341 9342 9343 9344
f 9337 9338 9342 9341
f 9338 9339 9343 9342
f 9339 9340 9344 9343
f 9340 9337 9341 9344
o Box1168
v 11.3692 -9.00153 15.8383
v 14.1453 -10.4865 15.9733
v 14.5782 -9.54832 17.3922
v 11.802 -8.06336 17.2572
v 11.2869 -9.14456 15.958
v 14.063 -10.6295 16.093
v 14.4959 -9.69134 17.5119
v 11.7197 -8.20638 17.3769
f 9345 9346 9347 9348
f 9349 9350 9351 9352
f 9345 9346 9350 9349
f 9346 9347 9351 9350
f 9347 9348 9352 9351
f 9348 9345 9349 9352
o Box1169
v 11.2514 -9.30023 15.338
v 14.0366 -10.7444 15.4788
v 14.4301 -9.84132 16.9592
v 11.6448 -8.39713 16.8184
v 11.1685 -9.44913 15.4509
v 13.9537 -10.8933 15.5916
v 14.3471 -9.99021 17.0721
v 11.5619 -8.54603 16.9313
f 9353 9354 9355 9356
f 9357 9358 9359 9360
f 9353 9354 9358 9357
f 9354 9355 9359 9358
f 9355 9356 9360 9359
f 9356 9353 9357 9360
o Box1170
v 11.5166 -9.63394 14.5276
v 14.3041 -10.6877 14.5817
v 14.3304 -10.5722 15.48
v 11.5429 -9.5184 15.4258
v 11.5166 -9.63405 14.5276
v 14.3041 -10.6878 14.5817
v 14.3303 -10.5723 15.48
v 11.5428 -9.51851 15.4258
f 9361 9362 9363 9364
f 9365 9366 9367 9368
f 9361 9362 9366 9365
f 9362 9363 9367 9366
f 9363 9364 9368 9367
f 9364 9361 9365 9368
o Box1171
v 11.379 -9.00675 16.1746
v 13.9328 -10.391 16.4308
v 14.1987 -9.78139 17.0747
v 11.6449 -8.39712 16.8184
v 11.379 -9.00676 16.1746
v 13.9328 -10.391 16.4308
v 14.1987 -9.7814 17.0747
v 11.6449 -8.39713 16.8184
f 9369 9370 9371 9372
f 9373 9374 9375 9376
f 9369 9370 9374 9373
f 9370 9371 9375 9374
f 9371 9372 9376 9375
f 9372 9369 9373 9376
o Box1172
v 11.3716 -9.44781 15.3906
v 14.0682 -10.6999 15.5222
v 14.2084 -10.312 16.3419
v 11.5118 -9.05988 16.2103
v 11.3716 -9.44782 15.3906
v 14.0682 -10.7 15.5222
v 14.2084 -10.312 16.3419
v 11.5118 -9.05989 16.2103
f 9377 9378 9379 9380
f 9381 9382 9383 9384
f 9377 9378 9382 9381
f 9378 9379 9383 9382
f 9379 9380 9384 9383
f 9380 9377 9381 9384
o Box1173
v 11.5348 -8.64522 16.5295
v 14.0762 -10.0621 16.7782
v 14.3282 -9.49411 17.4396
v 11.7867 -8.07723 17.1909
v 11.5348 -8.64527 16.5295
v 14.0762 -10.0622 16.7783
v 14.3281 -9.49415 17.4397
v 11.7867 -8.07727 17.191
f 9385 9386 9387 9388
f 9389 9390 9391 9392
f 9385 9386 9390 9389
f 9386 9387 9391 9390
f 9387 9388 9392 9391
f 9388 9385 9389 9392
o Box1174
v 11.4569 -9.21478 15.8395
v 14.1453 -10.4865 15.9733
v 14.2688 -10.1378 16.8081
v 11.5804 -8.86606 16.6743
v 11.4569 -9.21482 15.8395
v 14.1453 -10.4865 15.9733
v 14.2687 -10.1378 16.8081
v 11.5803 -8.8661 16.6743
f 9393 9394 9395 9396
f 9397 9398 9399 9400
f 9393 9394 9398 9397
f 9394 9395 9399 9398
f 9395 9396 9400 9399
f 9396 9393 9397 9400
o Box1175
v 11.8648 -9.03667 13.0221
v 14.9391 -9.72909 12.9765
v 14.8085 -10.4101 14.514
v 11.7342 -9.7177 14.5595
v 11.8225 -9.21904 12.9377
v 14.8968 -9.91146 12.8921
v 14.7662 -10.5925 14.4296
v 11.6919 -9.90007 14.4752
f 9401 9402 9403 9404
f 9405 9406 9407 9408
f 9401 9402 9406 9405
f 9402 9403 9407 9406
f 9403 9404 9408 9407
f 9404 9401 9405 9408
o Box1176
v 11.5665 -9.0619 13.7024
v 14.8855 -10.0016 13.4991
v 14.8896 -10.5249 15.9862
v 11.5707 -9.58513 16.1895
v 11.4474 -9.46427 13.6179
v 14.7664 -10.404 13.4147
v 14.7705 -10.9272 15.9018
v 11.4516 -9.98751 16.1051
f 9409 9410 9411 9412
f 9413 9414 9415 9416
f 9409 9410 9414 9413
f 9410 9411 9415 9414
f 9411 9412 9416 9415
f 9412 9409 9413 9416
o Box1177
v 11.795 -9.54565 13.6872
v 14.6111 -10.3548 13.7238
v 14.5503 -10.5268 14.5962
v 11.7342 -9.71769 14.5595
v 11.795 -9.54565 13.6872
v 14.6111 -10.3548 13.7238
v 14.5503 -10.5268 14.5962
v 11.7342 -9.7177 14.5595
f 9417 9418 9419 9420
f 9421 9422 9423 9424
f 9417 9418 9422 9421
f 9418 9419 9423 9422
f 9419 9420 9424 9423
f 9420 9417 9421 9424
o Box1178
v 12.1723 -9.19534 12.9669
v 14.9505 -9.74087 13.0532
v 14.8412 -10.1789 13.8023
v 12.063 -9.63342 13.716
v 12.1723 -9.19536 12.9669
v 14.9505 -9.74088 13.0532
v 14.8412 -10.179 13.8023
v 12.063 -9.63343 13.716
f 9425 9426 9427 9428
f 9429 9430 9431 9432
f 9425 9426 9430 9429
f 9426 9427 9431 9430
f 9427 9428 9432 9431
f 9428 9425 9429 9432
o Box1179
v 11.5699 -9.4273 14.2389
v 14.5759 -10.4543 14.2285
v 14.555 -10.5333 15.9997
v 11.549 -9.50631 16.0101
v 11.5031 -9.62263 14.2294
v 14.5091 -10.6496 14.219
v 14.4883 -10.7287 15.9902
v 11.4822 -9.70164 16.0006
f 9433 9434 9435 9436
f 9437 9438 9439 9440
f 9433 9434 9438 9437
f 9434 9435 9439 9438
f 9435 9436 9440 9439
f 9436 9433 9437 9440
o Box1180
v 12.127 -9.40842 13.3734
v 14.8855 -10.0016 13.4991
v 14.7435 -10.5008 14.2591
v 11.985 -9.9076 14.1334
v 12.127 -9.40846 13.3734
v 14.8855 -10.0016 13.4991
v 14.7435 -10.5008 14.2591
v 11.985 -9.90763 14.1334
f 9441 9442 9443 9444
f 9445 9446 9447 9448
f 9441 9442 9446 9445
f 9442 9443 9447 9446
f 9443 9444 9448 9447
f 9444 9441 9445 9448
o Box1181
v 11.5407 -9.55188 15.0151
v 14.3189 -10.6227 15.0878
v 14.3236 -10.5484 16.002
v 11.5454 -9.47756 15.9293
v 11.5407 -9.55191 15.0151
v 14.3189 -10.6227 15.0878
v 14.3236 -10.5484 16.002
v 11.5454 -9.4776 15.9293
f 9449 9450 9451 9452
f 9453 9454 9455 9456
f 9449 9450 9454 9453
f 9450 9451 9455 9454
f 9451 9452 9456 9455
f 9452 9449 9453 9456
o Box1182
v 11.7741 -9.61786 14.1583
v 14.5759 -10.4543 14.2285
v 14.4877 -10.6753 15.117
v 11.6859 -9.83883 15.0467
v 11.7741 -9.61789 14.1583
v 14.5759 -10.4543 14.2285
v 14.4877 -10.6753 15.117
v 11.6859 -9.83886 15.0467
f 9457 9458 9459 9460
f 9461 9462 9463 9464
f 9457 9458 9462 9461
f 9458 9459 9463 9462
f 9459 9460 9464 9463
f 9460 9457 9461 9464
o Box1183
v 13.7147 -10.1303 14.3442
v 17.0991 -10.7567 13.8674
v 17.4603 -10.673 16.3217
v 14.0759 -10.0466 16.7985
v 13.6407 -10.549 14.3694
v 17.0251 -11.1754 13.8926
v 17.3864 -11.0917 16.3469
v 14.002 -10.4653 16.8237
f 9465 9466 9467 9468
f 9469 9470 9471 9472
f 9465 9466 9470 9469
f 9466 9467 9471 9470
f 9467 9468 9472 9471
f 9468 9465 9469 9472
o Box1184
v 14.0266 -10.2033 16.4271
v 16.8886 -10.9612 16.3664
v 16.9997 -10.6086 17.2019
v 14.1376 -9.8507 17.2626
v 14.0265 -10.2033 16.4271
v 16.8886 -10.9612 16.3664
v 16.9997 -10.6086 17.202
v 14.1376 -9.85074 17.2626
f 9473 9474 9475 9476
f 9477 9478 9479 9480
f 9473 9474 9478 9477
f 9474 9475 9479 9478
f 9475 9476 9480 9479
f 9476 9473 9477 9480
o Box1185
v 13.8775 -10.442 15.0973
v 16.9679 -11.1409 14.8993
v 17.1663 -10.7455 16.6005
v 14.0759 -10.0466 16.7985
v 13.8371 -10.6346 15.1468
v 16.9275 -11.3335 14.9488
v 17.1259 -10.9381 16.65
v 14.0355 -10.2392 16.848
f 9481 9482 9483 9484
f 9485 9486 9487 9488
f 9481 9482 9486 9485
f 9482 9483 9487 9486
f 9483 9484 9488 9487
f 9484 9481 9485 9488
o Box1186
v 14.2854 -10.4258 14.2442
v 17.1729 -10.7092 14.0886
v 17.2003 -10.9065 14.957
v 14.3128 -10.623 15.1126
v 14.2853 -10.4258 14.2442
v 17.1728 -10.7092 14.0886
v 17.2003 -10.9065 14.957
v 14.3128 -10.6231 15.1126
f 9489 9490 9491 9492
f 9493 9494 9495 9496
f 9489 9490 9494 9493
f 9490 9491 9495 9494
f 9491 9492 9496 9495
f 9492 9489 9493 9496
o Box1187
v 13.9569 -10.4379 15.9775
v 16.823 -11.1768 15.914
v 16.9421 -10.7854 16.735
v 14.0759 -10.0466 16.7985
v 13.9569 -10.4379 15.9775
v 16.823 -11.1768 15.914
v 16.9421 -10.7854 16.735
v 14.0759 -10.0466 16.7985
f 9497 9498 9499 9500
f 9501 9502 9503 9504
f 9497 9498 9502 9501
f 9498 9499 9503 9502
f 9499 9500 9504 9503
f 9500 9497 9501 9504
o Box1188
v 14.08 -10.5793 15.0994
v 16.9896 -11.1071 14.9579
v 17.0516 -11.0062 15.8557
v 14.1419 -10.4784 15.9973
v 14.0799 -10.5794 15.0994
v 16.9896 -11.1072 14.9579
v 17.0516 -11.0063 15.8557
v 14.1419 -10.4785 15.9973
f 9505 9506 9507 9508
f 9509 9510 9511 9512
f 9505 9506 9510 9509
f 9506 9507 9511 9510
f 9507 9508 9512 9511
f 9508 9505 9509 9512
o Box1189
v 11.5701 -8.39331 13.0007
v 14.822 -5.00872 13.5756
v 17.2828 -7.4685 14.1373
v 14.031 -10.8531 13.5624
v 11.7878 -8.42033 11.9287
v 15.0396 -5.03574 12.5037
v 17.5005 -7.49552 13.0654
v 14.2487 -10.8801 12.4904
f 9513 9514 9515 9516
f 9517 9518 9519 9520
f 9513 9514 9518 9517
f 9514 9515 9519 9518
f 9515 9516 9520 9519
f 9516 9513 9517 9520
o Box1190
v 13.8854 -10.5199 14.1803
v 13.5961 -6.24262 13.5347
v 17.611 -5.89772 14.0208
v 17.9003 -10.175 14.6664
v 14.0613 -10.7073 12.8597
v 13.7721 -6.43003 12.2141
v 17.787 -6.08513 12.7002
v 18.0763 -10.3624 13.3458
f 9521 9522 9523 9524
f 9525 9526 9527 9528
f 9521 9522 9526 9525
f 9522 9523 9527 9526
f 9523 9524 9528 9527
f 9524 9521 9525 9528
o Box1191
v 12.4196 -9.82289 13.0834
v 15.2501 -10.1282 13.434
v 15.5854 -8.21472 12.3934
v 12.7549 -7.90945 12.0427
v 12.4092 -9.73219 13.2468
v 15.2396 -10.0375 13.5974
v 15.5749 -8.12403 12.5568
v 12.7445 -7.81875 12.2061
f 9529 9530 9531 9532
f 9533 9534 9535 9536
f 9529 9530 9534 9533
f 9530 9531 9535 9534
f 9531 9532 9536 9535
f 9532 9529 9533 9536
o Box1192
v 13.8209 -8.80621 11.751
v 16.7423 -8.18158 12.9844
v 15.8322 -5.24047 13.6505
v 12.9108 -5.8651 12.417
v 13.6959 -8.92569 12.1077
v 16.6172 -8.30105 13.3411
v 15.7071 -5.35994 14.0072
v 12.7858 -5.98458 12.7737
f 9537 9538 9539 9540
f 9541 9542 9543 9544
f 9537 9538 9542 9541
f 9538 9539 9543 9542
f 9539 9540 9544 9543
f 9540 9537 9541 9544
o Box1193
v 12.5024 -9.37183 12.8147
v 15.4657 -9.43443 13.0602
v 15.557 -8.01636 12.3197
v 12.5937 -7.95376 12.0742
v 12.4893 -9.27584 12.9969
v 15.4526 -9.33844 13.2424
v 15.5439 -7.92036 12.502
v 12.5806 -7.85776 12.2565
f 9545 9546 9547 9548
f 9549 9550 9551 9552
f 9545 9546 9550 9549
f 9546 9547 9551 9550
f 9547 9548 9552 9551
f 9548 9545 9549 9552
o Box1194
v 12.4293 -9.91674 13.173
v 15.3356 -10.1133 13.4477
v 15.5208 -8.59391 12.5757
v 12.6145 -8.39734 12.301
v 12.4194 -9.8123 13.3529
v 15.3257 -10.0089 13.6275
v 15.5109 -8.48947 12.7555
v 12.6046 -8.29291 12.4808
f 9553 9554 9555 9556
f 9557 9558 9559 9560
f 9553 9554 9558 9557
f 9554 9555 9559 9558
f 9555 9556 9560 9559
f 9556 9553 9557 9560
o Box1195
v 12.4893 -9.27584 12.9969
v 15.1663 -9.5712 13.1998
v 15.2796 -8.92056 12.6517
v 12.6027 -8.6252 12.4487
v 12.4893 -9.27581 12.9969
v 15.1663 -9.57118 13.1998
v 15.2796 -8.92054 12.6517
v 12.6027 -8.62517 12.4488
f 9561 9562 9563 9564
f 9565 9566 9567 9568
f 9561 9562 9566 9565
f 9562 9563 9567 9566
f 9563 9564 9568 9567
f 9564 9561 9565 9568
o Box1196
v 12.9619 -8.68809 12.489
v 15.4837 -8.78069 12.8658
v 15.5572 -7.99366 12.5677
v 13.0354 -7.90105 12.1908
v 12.9619 -8.68808 12.489
v 15.4837 -8.78068 12.8659
v 15.5572 -7.99364 12.5677
v 13.0354 -7.90104 12.1909
f 9569 9570 9571 9572
f 9573 9574 9575 9576
f 9569 9570 9574 9573
f 9570 9571 9575 9574
f 9571 9572 9576 9575
f 9572 9569 9573 9576
o Box1197
v 12.4074 -9.67727 13.2994
v 15.0623 -10.0433 13.5332
v 15.2102 -9.31925 12.9875
v 12.5552 -8.95324 12.7537
v 12.4074 -9.67725 13.2994
v 15.0623 -10.0433 13.5332
v 15.2102 -9.31924 12.9876
v 12.5552 -8.95322 12.7538
f 9577 9578 9579 9580
f 9581 9582 9583 9584
f 9577 9578 9582 9581
f 9578 9579 9583 9582
f 9579 9580 9584 9583
f 9580 9577 9581 9584
o Box1198
v 12.9032 -9.1766 12.6438
v 15.4068 -9.35535 13.0299
v 15.5109 -8.48948 12.7555
v 13.0073 -8.31073 12.3694
v 12.9032 -9.17659 12.6438
v 15.4067 -9.35534 13.0299
v 15.5109 -8.48947 12.7555
v 13.0073 -8.31072 12.3695
f 9585 9586 9587 9588
f 9589 9590 9591 9592
f 9585 9586 9590 9589
f 9586 9587 9591 9590
f 9587 9588 9592 9591
f 9588 9585 9589 9592
o Box1199
v 13.3989 -8.36011 12.2305
v 15.6914 -8.52742 12.8036
v 15.7826 -7.24152 12.8141
v 13.4901 -7.07421 12.241
v 13.3939 -8.35992 12.2505
v 15.6864 -8.52723 12.8236
v 15.7776 -7.24133 12.8341
v 13.4852 -7.07402 12.261
f 9593 9594 9595 9596
f 9597 9598 9599 9600
f 9593 9594 9598 9597
f 9594 9595 9599 9598
f 9595 9596 9600 9599
f 9596 9593 9597 9600
o Box1200
v 13.8912 -7.02456 12.1571
v 16.2532 -6.76882 13.3677
v 15.7905 -5.43437 13.9885
v 13.4285 -5.69011 12.7778
v 13.8191 -7.12485 12.319
v 16.181 -6.86911 13.5296
v 15.7184 -5.53467 14.1503
v 13.3564 -5.79041 12.9397
f 9601 9602 9603 9604
f 9605 9606 9607 9608
f 9601 9602 9606 9605
f 9602 9603 9607 9606
f 9603 9604 9608 9607
f 9604 9601 9605 9608
o Box1201
v 13.4237 -7.94106 12.2535
v 15.7525 -7.90966 12.8421
v 15.7491 -7.07313 12.8109
v 13.4203 -7.10453 12.2224
v 13.4237 -7.94106 12.2536
v 15.7525 -7.90966 12.8421
v 15.7491 -7.07313 12.811
v 13.4203 -7.10453 12.2224
f 9609 9610 9611 9612
f 9613 9614 9615 9616
f 9609 9610 9614 9613
f 9610 9611 9615 9614
f 9611 9612 9616 9615
f 9612 9609 9613 9616
o Box1202
v 13.414 -8.46573 12.2441
v 15.7345 -8.51901 12.8147
v 15.7513 -7.6124 12.831
v 13.4308 -7.55911 12.2604
v 13.414 -8.46573 12.2441
v 15.7345 -8.51901 12.8148
v 15.7513 -7.6124 12.8311
v 13.4308 -7.55911 12.2605
f 9617 9618 9619 9620
f 9621 9622 9623 9624
f 9617 9618 9622 9621
f 9618 9619 9623 9622
f 9619 9620 9624 9623
f 9620 9617 9621 9624
o Box1203
v 13.8191 -7.12485 12.319
v 15.9391 -7.07114 13.1273
v 15.8334 -6.27085 13.3514
v 13.7134 -6.32456 12.543
v 13.8191 -7.12486 12.319
v 15.9391 -7.07115 13.1273
v 15.8334 -6.27085 13.3514
v 13.7134 -6.32456 12.543
f 9625 9626 9627 9628
f 9629 9630 9631 9632
f 9625 9626 9630 9629
f 9626 9627 9631 9630
f 9627 9628 9632 9631
f 9628 9625 9629 9632
o Box1204
v 14.1002 -6.33792 12.6774
v 16.0227 -6.37111 13.6772
v 15.8025 -5.68423 14.1233
v 13.8801 -5.65104 13.1235
v 14.1002 -6.33794 12.6774
v 16.0227 -6.37113 13.6772
v 15.8025 -5.68425 14.1234
v 13.88 -5.65106 13.1235
f 9633 9634 9635 9636
f 9637 9638 9639 9640
f 9633 9634 9638 9637
f 9634 9635 9639 9638
f 9635 9636 9640 9639
f 9636 9633 9637 9640
o Box1205
v 14.6461 -10.9168 14.0426
v 18.0255 -10.1997 13.7502
v 17.4862 -8.22207 12.3676
v 14.1068 -8.93918 12.6599
v 14.6253 -10.6737 14.3984
v 18.0047 -9.95657 14.106
v 17.4654 -7.97896 12.7234
v 14.086 -8.69607 13.0158
f 9641 9642 9643 9644
f 9645 9646 9647 9648
f 9641 9642 9646 9645
f 9642 9643 9647 9646
f 9643 9644 9648 9647
f 9644 9641 9645 9648
o Box1206
v 13.8184 -8.1576 11.8799
v 17.7515 -8.59032 12.8919
v 17.7788 -6.15156 13.8287
v 13.8457 -5.71884 12.8168
v 13.6864 -8.32557 12.321
v 17.6195 -8.75829 13.333
v 17.6468 -6.31953 14.2698
v 13.7137 -5.88681 13.2579
f 9649 9650 9651 9652
f 9653 9654 9655 9656
f 9649 9650 9654 9653
f 9650 9651 9655 9654
f 9651 9652 9656 9655
f 9652 9649 9653 9656
o Box1207
v 14.437 -9.30821 13.0853
v 17.4726 -9.11397 12.9369
v 17.6035 -10.2688 14.1027
v 14.5679 -10.463 14.2511
v 14.4392 -9.45419 12.9404
v 17.4749 -9.25994 12.792
v 17.6058 -10.4148 13.9579
v 14.5701 -10.609 14.1063
f 9657 9658 9659 9660
f 9661 9662 9663 9664
f 9657 9658 9662 9661
f 9658 9659 9663 9662
f 9659 9660 9664 9663
f 9660 9657 9661 9664
o Box1208
v 15.2013 -9.34066 12.9982
v 17.683 -8.98139 13.212
v 17.5921 -8.18819 12.9348
v 15.1103 -8.54746 12.721
v 15.2013 -9.34066 12.9982
v 17.683 -8.98139 13.212
v 17.5921 -8.18819 12.9348
v 15.1103 -8.54746 12.721
f 9665 9666 9667 9668
f 9669 9670 9671 9672
f 9665 9666 9670 9669
f 9666 9667 9671 9670
f 9667 9668 9672 9671
f 9668 9665 9669 9672
o Box1209
v 14.5473 -9.99757 13.5111
v 17.349 -10.031 13.4122
v 17.3695 -10.4964 14.1523
v 14.5679 -10.463 14.2511
v 14.5473 -9.9976 13.511
v 17.349 -10.031 13.4122
v 17.3695 -10.4965 14.1523
v 14.5679 -10.4631 14.2511
f 9673 9674 9675 9676
f 9677 9678 9679 9680
f 9673 9674 9678 9677
f 9674 9675 9679 9678
f 9675 9676 9680 9679
f 9676 9673 9677 9680
o Box1210
v 14.8765 -10.0177 13.5168
v 17.5377 -9.82636 13.5446
v 17.4951 -9.15499 13.0114
v 14.8338 -9.3463 12.9836
v 14.8764 -10.0177 13.5168
v 17.5377 -9.82634 13.5446
v 17.4951 -9.15497 13.0115
v 14.8338 -9.34628 12.9836
f 9681 9682 9683 9684
f 9685 9686 9687 9688
f 9681 9682 9686 9685
f 9682 9683 9687 9686
f 9683 9684 9688 9687
f 9684 9681 9685 9688
o Box1211
v 14.06 -7.71187 11.9038
v 16.4344 -7.52995 13.0249
v 16.0179 -6.04066 13.6655
v 13.6435 -6.22258 12.5444
v 13.9884 -7.80364 12.0705
v 16.3627 -7.62171 13.1916
v 15.9462 -6.13242 13.8322
v 13.5718 -6.31435 12.7111
f 9689 9690 9691 9692
f 9693 9694 9695 9696
f 9689 9690 9694 9693
f 9690 9691 9695 9694
f 9691 9692 9696 9695
f 9692 9689 9693 9696
o Box1212
v 15.5421 -8.46247 12.5642
v 18.0677 -7.70285 13.2722
v 17.5598 -6.27198 13.5487
v 15.0342 -7.0316 12.8407
v 15.5032 -8.5137 12.7579
v 18.0288 -7.75407 13.4659
v 17.5209 -6.3232 13.7424
v 14.9953 -7.08282 13.0343
f 9697 9698 9699 9700
f 9701 9702 9703 9704
f 9697 9698 9702 9701
f 9698 9699 9703 9702
f 9699 9700 9704 9703
f 9700 9697 9701 9704
o Box1213
v 13.8789 -7.62834 12.1478
v 16.0029 -7.63763 12.918
v 15.9025 -6.79378 13.2049
v 13.7786 -6.78449 12.4347
v 13.8789 -7.62835 12.1478
v 16.0029 -7.63765 12.9181
v 15.9025 -6.7938 13.205
v 13.7786 -6.78451 12.4347
f 9705 9706 9707 9708
f 9709 9710 9711 9712
f 9705 9706 9710 9709
f 9706 9707 9711 9710
f 9707 9708 9712 9711
f 9708 9705 9709 9712
o Box1214
v 14.241 -6.76292 12.367
v 16.1751 -6.8235 13.3276
v 15.9462 -6.13242 13.8322
v 14.0121 -6.07185 12.8716
v 14.241 -6.76294 12.367
v 16.1751 -6.82351 13.3277
v 15.9462 -6.13244 13.8323
v 14.0121 -6.07186 12.8716
f 9713 9714 9715 9716
f 9717 9718 9719 9720
f 9713 9714 9718 9717
f 9714 9715 9719 9718
f 9715 9716 9720 9719
f 9716 9713 9717 9720
o Box1215
v 15.5032 -8.5137 12.7578
v 17.7866 -8.07085 13.1957
v 17.628 -7.24843 13.1909
v 15.3446 -7.69127 12.7531
v 15.5032 -8.5137 12.7579
v 17.7866 -8.07086 13.1958
v 17.628 -7.24843 13.191
v 15.3446 -7.69128 12.7531
f 9721 9722 9723 9724
f 9725 9726 9727 9728
f 9721 9722 9726 9725
f 9722 9723 9727 9726
f 9723 9724 9728 9727
f 9724 9721 9725 9728
o Box1216
v 15.7457 -7.63649 12.8247
v 17.8359 -7.2127 13.4936
v 17.5998 -6.44968 13.7481
v 15.5096 -6.87346 13.0792
v 15.7457 -7.63651 12.8248
v 17.8359 -7.21273 13.4937
v 17.5998 -6.44971 13.7482
v 15.5096 -6.87349 13.0793
f 9729 9730 9731 9732
f 9733 9734 9735 9736
f 9729 9730 9734 9733
f 9730 9731 9735 9734
f 9731 9732 9736 9735
f 9732 9729 9733 9736
o Box1217
v 11.492 -8.9837 16.2808
v 16.5872 -11.0962 17.1326
v 18.2253 -6.96834 17.5712
v 13.1301 -4.85582 16.7194
v 11.3129 -9.01752 17.2678
v 16.4082 -11.13 18.1196
v 18.0463 -7.00216 18.5582
v 12.9511 -4.88964 17.7064
f 9737 9738 9739 9740
f 9741 9742 9743 9744
f 9737 9738 9742 9741
f 9738 9739 9743 9742
f 9739 9740 9744 9743
f 9740 9737 9741 9744
o Box1218
v 14.277 -4.79526 12.8306
v 18.3831 -5.66814 14.0446
v 17.036 -5.97749 18.3782
v 12.9299 -5.10461 17.1642
v 13.9939 -6.40974 12.6274
v 18.0999 -7.28262 13.8414
v 16.7529 -7.59197 18.175
v 12.6468 -6.71909 16.961
f 9745 9746 9747 9748
f 9749 9750 9751 9752
f 9745 9746 9750 9749
f 9746 9747 9751 9750
f 9747 9748 9752 9751
f 9748 9745 9749 9752
o Box1219
v 11.4012 -8.25398 16.6805
v 13.8277 -9.86952 17.3311
v 15.4571 -7.26736 17.7157
v 13.0306 -5.65181 17.0652
v 11.3097 -8.24897 17.0344
v 13.7362 -9.86451 17.6849
v 15.3656 -7.26235 18.0696
v 12.939 -5.6468 17.419
f 9753 9754 9755 9756
f 9757 9758 9759 9760
f 9753 9754 9758 9757
f 9754 9755 9759 9758
f 9755 9756 9760 9759
f 9756 9753 9757 9760
o Box1220
v 14.961 -11.7199 17.7718
v 12.4708 -7.88597 17.5097
v 16.2238 -5.39236 18.3281
v 18.714 -9.22628 18.5903
v 15.1379 -11.6707 16.811
v 12.6477 -7.8368 16.5488
v 16.4007 -5.34319 17.3673
v 18.8909 -9.17711 17.6295
f 9761 9762 9763 9764
f 9765 9766 9767 9768
f 9761 9762 9766 9765
f 9762 9763 9767 9766
f 9763 9764 9768 9767
f 9764 9761 9765 9768
o Box1221
v 11.3059 -8.13094 16.5542
v 13.7307 -9.98563 17.1802
v 15.2079 -7.90165 17.6328
v 12.7831 -6.04696 17.0068
v 11.1933 -8.14 16.9635
v 13.6181 -9.9947 17.5895
v 15.0953 -7.91072 18.0421
v 12.6705 -6.05602 17.4161
f 9769 9770 9771 9772
f 9773 9774 9775 9776
f 9769 9770 9774 9773
f 9770 9771 9775 9774
f 9771 9772 9776 9775
f 9772 9769 9773 9776
o Box1222
v 11.7032 -7.35311 16.7234
v 14.0718 -9.45769 17.3969
v 15.6627 -7.57593 17.6818
v 13.2941 -5.47136 17.0084
v 11.6034 -7.33193 17.1403
v 13.972 -9.4365 17.8138
v 15.563 -7.55475 18.0988
v 13.1944 -5.45018 17.4253
f 9777 9778 9779 9780
f 9781 9782 9783 9784
f 9777 9778 9782 9781
f 9778 9779 9783 9782
f 9779 9780 9784 9783
f 9780 9777 9781 9784
o Box1223
v 11.7462 -7.51956 17.0332
v 13.9495 -9.05813 17.746
v 14.9864 -7.58553 17.7196
v 12.7831 -6.04696 17.0068
v 11.7045 -7.48654 17.2336
v 13.9077 -9.02511 17.9465
v 14.9446 -7.5525 17.9201
v 12.7414 -6.01393 17.2072
f 9785 9786 9787 9788
f 9789 9790 9791 9792
f 9785 9786 9790 9789
f 9786 9787 9791 9790
f 9787 9788 9792 9791
f 9788 9785 9789 9792
o Box1224
v 11.5392 -8.36038 16.7854
v 13.9142 -9.79977 17.1972
v 14.301 -9.04958 17.5886
v 11.926 -7.61019 17.1768
v 11.5392 -8.36041 16.7855
v 13.9141 -9.7998 17.1973
v 14.3009 -9.04961 17.5887
v 11.926 -7.61022 17.1769
f 9793 9794 9795 9796
f 9797 9798 9799 9800
f 9793 9794 9798 9797
f 9794 9795 9799 9798
f 9795 9796 9800 9799
f 9796 9793 9797 9800
o Box1225
v 12.2273 -6.76598 17.2145
v 14.2165 -8.08675 17.9652
v 14.7723 -7.36777 17.7573
v 12.7832 -6.047 17.0066
v 12.2273 -6.76593 17.2146
v 14.2165 -8.0867 17.9653
v 14.7723 -7.36773 17.7575
v 12.7831 -6.04696 17.0068
f 9801 9802 9803 9804
f 9805 9806 9807 9808
f 9801 9802 9806 9805
f 9802 9803 9807 9806
f 9803 9804 9808 9807
f 9804 9801 9805 9808
o Box1226
v 11.8337 -7.58314 17.1481
v 14.0133 -8.99926 17.7297
v 14.501 -8.2101 17.8238
v 12.3213 -6.79398 17.2422
v 11.8337 -7.58314 17.1481
v 14.0133 -8.99925 17.7297
v 14.5009 -8.2101 17.8238
v 12.3213 -6.79398 17.2422
f 9809 9810 9811 9812
f 9813 9814 9815 9816
f 9809 9810 9814 9813
f 9810 9811 9815 9814
f 9811 9812 9816 9815
f 9812 9809 9813 9816
o Box1227
v 12.1083 -6.91846 17.0196
v 14.2711 -8.58212 17.7794
v 15.3252 -7.24652 17.7032
v 13.1624 -5.58286 16.9433
v 12.0705 -6.87739 17.217
v 14.2333 -8.54105 17.9768
v 15.2875 -7.20545 17.9006
v 13.1247 -5.54178 17.1408
f 9817 9818 9819 9820
f 9821 9822 9823 9824
f 9817 9818 9822 9821
f 9818 9819 9823 9822
f 9819 9820 9824 9823
f 9820 9817 9821 9824
o Box1228
v 11.7662 -7.91166 16.9981
v 14.12 -9.40067 17.4053
v 14.4938 -8.69538 17.8233
v 12.1401 -7.20637 17.416
v 11.7662 -7.91171 16.9982
v 14.1199 -9.40072 17.4055
v 14.4938 -8.69543 17.8234
v 12.14 -7.20642 17.4161
f 9825 9826 9827 9828
f 9829 9830 9831 9832
f 9825 9826 9830 9829
f 9826 9827 9831 9830
f 9827 9828 9832 9831
f 9828 9825 9829 9832
o Box1229
v 12.5632 -6.32313 17.0662
v 14.5116 -7.70508 17.8548
v 15.0565 -7.02081 17.7075
v 13.1082 -5.63886 16.9189
v 12.5632 -6.3231 17.0663
v 14.5115 -7.70504 17.8549
v 15.0565 -7.02078 17.7076
v 13.1082 -5.63883 16.919
f 9833 9834 9835 9836
f 9837 9838 9839 9840
f 9833 9834 9838 9837
f 9834 9835 9839 9838
f 9835 9836 9840 9839
f 9836 9833 9837 9840
o Box1230
v 12.1235 -7.10416 17.1856
v 14.2711 -8.58213 17.7794
v 14.7463 -7.83706 17.9153
v 12.5987 -6.35909 17.3215
v 12.1235 -7.10416 17.1856
v 14.2711 -8.58213 17.7794
v 14.7463 -7.83706 17.9153
v 12.5987 -6.35909 17.3215
f 9841 9842 9843 9844
f 9845 9846 9847 9848
f 9841 9842 9846 9845
f 9842 9843 9847 9846
f 9843 9844 9848 9847
f 9844 9841 9845 9848
o Box1231
v 13.9603 -9.97999 16.6731
v 16.7477 -10.8111 16.9723
v 17.3668 -8.26425 18.2789
v 14.5795 -7.43315 17.9796
v 13.8731 -10.1432 17.0326
v 16.6604 -10.9743 17.3319
v 17.2795 -8.42748 18.6384
v 14.4922 -7.59638 18.3392
f 9849 9850 9851 9852
f 9853 9854 9855 9856
f 9849 9850 9854 9853
f 9850 9851 9855 9854
f 9851 9852 9856 9855
f 9852 9849 9853 9856
o Box1232
v 14.2118 -8.5866 17.6782
v 16.666 -9.38651 18.3029
v 17.7099 -6.75251 17.5749
v 15.2556 -5.95259 16.9501
v 14.1562 -8.4591 18.0597
v 16.6104 -9.25901 18.6845
v 17.6543 -6.62501 17.9564
v 15.2 -5.8251 17.3317
f 9857 9858 9859 9860
f 9861 9862 9863 9864
f 9857 9858 9862 9861
f 9858 9859 9863 9862
f 9859 9860 9864 9863
f 9860 9857 9861 9864
o Box1233
v 13.8159 -9.91494 16.7045
v 16.6625 -10.9697 16.8149
v 17.1234 -9.61274 17.896
v 14.2767 -8.55801 17.7857
v 13.7678 -10.0277 16.8665
v 16.6145 -11.0824 16.9769
v 17.0753 -9.72548 18.058
v 14.2286 -8.67076 17.9477
f 9865 9866 9867 9868
f 9869 9870 9871 9872
f 9865 9866 9870 9869
f 9866 9867 9871 9870
f 9867 9868 9872 9871
f 9868 9865 9869 9872
o Box1234
v 13.8477 -9.06832 17.0629
v 16.7971 -10.5673 17.1887
v 17.7816 -8.54591 18.194
v 14.8322 -7.0469 18.0682
v 13.7556 -9.21697 17.452
v 16.7049 -10.716 17.5779
v 17.6894 -8.69455 18.5831
v 14.7401 -7.19555 18.4573
f 9873 9874 9875 9876
f 9877 9878 9879 9880
f 9873 9874 9878 9877
f 9874 9875 9879 9878
f 9875 9876 9880 9879
f 9876 9873 9877 9880
o Box1235
v 14.0091 -9.35895 17.3957
v 16.6188 -10.3422 17.6247
v 16.8864 -9.54131 18.0147
v 14.2767 -8.55801 17.7857
v 14.0091 -9.35897 17.3958
v 16.6188 -10.3423 17.6248
v 16.8864 -9.54133 18.0148
v 14.2767 -8.55803 17.7857
f 9881 9882 9883 9884
f 9885 9886 9887 9888
f 9881 9882 9886 9885
f 9882 9883 9887 9886
f 9883 9884 9888 9887
f 9884 9881 9885 9888
o Box1236
v 13.932 -10.0153 16.7748
v 16.6941 -10.9106 16.8405
v 16.8848 -10.2749 17.4853
v 14.1227 -9.37963 17.4196
v 13.932 -10.0154 16.7748
v 16.6941 -10.9106 16.8405
v 16.8848 -10.2749 17.4853
v 14.1227 -9.37965 17.4196
f 9889 9890 9891 9892
f 9893 9894 9895 9896
f 9889 9890 9894 9893
f 9890 9891 9895 9894
f 9891 9892 9896 9895
f 9892 9889 9893 9896
o Box1237
v 14.0959 -8.68509 17.5144
v 16.7613 -9.91574 17.8325
v 17.4146 -8.38333 18.2871
v 14.7492 -7.15269 17.9691
v 14.0541 -8.72523 17.7098
v 16.7194 -9.95587 18.0278
v 17.3727 -8.42346 18.4825
v 14.7073 -7.19282 18.1645
f 9897 9898 9899 9900
f 9901 9902 9903 9904
f 9897 9898 9902 9901
f 9898 9899 9903 9902
f 9899 9900 9904 9903
f 9900 9897 9901 9904
o Box1238
v 14.0414 -9.63929 17.1309
v 16.7972 -10.5671 17.1887
v 16.9834 -9.97281 17.8494
v 14.2276 -9.04502 17.7915
v 14.0413 -9.63937 17.131
v 16.7972 -10.5672 17.1888
v 16.9834 -9.97289 17.8494
v 14.2276 -9.0451 17.7916
f 9905 9906 9907 9908
f 9909 9910 9911 9912
f 9905 9906 9910 9909
f 9906 9907 9911 9910
f 9907 9908 9912 9911
f 9908 9905 9909 9912
o Box1239
v 14.3782 -8.02062 17.7998
v 16.7853 -9.08546 18.2197
v 17.1247 -8.26828 18.3467
v 14.7175 -7.20344 17.9268
v 14.3781 -8.02062 17.7998
v 16.7853 -9.08546 18.2197
v 17.1247 -8.26828 18.3467
v 14.7175 -7.20344 17.9268
f 9913 9914 9915 9916
f 9917 9918 9919 9920
f 9913 9914 9918 9917
f 9914 9915 9919 9918
f 9915 9916 9920 9919
f 9916 9913 9917 9920
o Box1240
v 14.1633 -8.88083 17.6088
v 16.7613 -9.91569 17.8324
v 17.0266 -9.16028 18.2459
v 14.4286 -8.12541 18.0224
v 14.1633 -8.88088 17.6089
v 16.7613 -9.91574 17.8325
v 17.0266 -9.16033 18.246
v 14.4286 -8.12546 18.0225
f 9921 9922 9923 9924
f 9925 9926 9927 9928
f 9921 9922 9926 9925
f 9922 9923 9927 9926
f 9923 9924 9928 9927
f 9924 9921 9925 9928
o Box1241
v 13.8215 -8.36209 17.4912
v 16.3924 -9.78328 18.2442
v 17.7168 -7.59808 17.8466
v 15.146 -6.17689 17.0936
v 13.763 -8.25267 17.8976
v 16.3339 -9.67386 18.6506
v 17.6583 -7.48866 18.253
v 15.0874 -6.06747 17.5
f 9929 9930 9931 9932
f 9933 9934 9935 9936
f 9929 9930 9934 9933
f 9930 9931 9935 9934
f 9931 9932 9936 9935
f 9932 9929 9933 9936
o Box1242
v 14.5893 -6.99949 17.4401
v 16.8664 -8.17647 18.3039
v 17.7615 -6.89003 17.6972
v 15.4844 -5.71305 16.8334
v 14.5714 -6.90217 17.62
v 16.8484 -8.07915 18.4838
v 17.7435 -6.79271 17.8771
v 15.4665 -5.61573 17.0133
f 9937 9938 9939 9940
f 9941 9942 9943 9944
f 9937 9938 9942 9941
f 9938 9939 9943 9942
f 9939 9940 9944 9943
f 9940 9937 9941 9944
o Box1243
v 14.7036 -6.83187 17.5828
v 16.7554 -7.65267 18.3394
v 17.1977 -6.9977 17.8503
v 15.1459 -6.1769 17.0936
v 14.7036 -6.83183 17.5828
v 16.7553 -7.65262 18.3395
v 17.1977 -6.99765 17.8503
v 15.1459 -6.17686 17.0937
f 9945 9946 9947 9948
f 9949 9950 9951 9952
f 9945 9946 9950 9949
f 9946 9947 9951 9950
f 9947 9948 9952 9951
f 9948 9945 9949 9952
o Box1244
v 14.0722 -8.49465 17.6566
v 16.5538 -9.61301 18.1907
v 17.3028 -7.97221 18.1464
v 14.8211 -6.85386 17.6122
v 14.0382 -8.47367 17.8585
v 16.5198 -9.59203 18.3926
v 17.2688 -7.95123 18.3483
v 14.7871 -6.83287 17.8141
f 9953 9954 9955 9956
f 9957 9958 9959 9960
f 9953 9954 9958 9957
f 9954 9955 9959 9958
f 9955 9956 9960 9959
f 9956 9953 9957 9960
o Box1245
v 14.4207 -7.66676 17.8309
v 16.6537 -8.60823 18.4201
v 17.0541 -7.79533 18.2014
v 14.8211 -6.85386 17.6122
v 14.4207 -7.66675 17.831
v 16.6537 -8.60822 18.4201
v 17.0541 -7.79531 18.2014
v 14.8211 -6.85384 17.6123
f 9961 9962 9963 9964
f 9965 9966 9967 9968
f 9961 9962 9966 9965
f 9962 9963 9967 9966
f 9963 9964 9968 9967
f 9964 9961 9965 9968
o Box1246
v 14.179 -8.54426 17.7639
v 16.6054 -9.54224 18.1727
v 16.9456 -8.6788 18.2613
v 14.5193 -7.68082 17.8525
v 14.179 -8.54427 17.764
v 16.6053 -9.54225 18.1729
v 16.9456 -8.6788 18.2615
v 14.5192 -7.68082 17.8526
f 9969 9970 9971 9972
f 9973 9974 9975 9976
f 9969 9970 9974 9973
f 9970 9971 9975 9974
f 9971 9972 9976 9975
f 9972 9969 9973 9976
o Box1247
v 14.9736 -6.4236 17.2553
v 16.9946 -7.29844 18.0749
v 17.4383 -6.66337 17.6586
v 15.4173 -5.78853 16.839
v 14.9736 -6.42357 17.2553
v 16.9946 -7.29841 18.0749
v 17.4383 -6.66334 17.6586
v 15.4173 -5.7885 16.839
f 9977 9978 9979 9980
f 9981 9982 9983 9984
f 9977 9978 9982 9981
f 9978 9979 9983 9982
f 9979 9980 9984 9983
f 9980 9977 9981 9984
o Box1248
v 14.6598 -7.1656 17.6773
v 16.8664 -8.17647 18.3039
v 17.2669 -7.40229 18.1422
v 15.0604 -6.39141 17.5156
v 14.6598 -7.16559 17.6774
v 16.8664 -8.17647 18.3039
v 17.2669 -7.40228 18.1422
v 15.0604 -6.3914 17.5157
f 9985 9986 9987 9988
f 9989 9990 9991 9992
f 9985 9986 9990 9989
f 9986 9987 9991 9990
f 9987 9988 9992 9991
f 9988 9985 9989 9992
o Box1249
v 13.0938 -5.36869 13.2438
v 12.6876 -6.29374 17.5474
v 15.5554 -7.07872 17.6493
v 15.9615 -6.15367 13.3457
v 13.3373 -4.45032 13.4642
v 12.9312 -5.37537 17.7678
v 15.7989 -6.16036 17.8697
v 16.205 -5.2353 13.5661
f 9993 9994 9995 9996
f 9997 9998 9999 10000
f 9993 9994 9998 9997
f 9994 9995 9999 9998
f 9995 9996 10000 9999
f 9996 9993 9997 10000
o Box1250
v 14.1032 -6.59416 13.7109
v 15.357 -6.67194 18.0747
v 18.4786 -7.05548 17.171
v 17.2248 -6.9777 12.8072
v 14.2412 -5.42706 13.6921
v 15.4949 -5.50484 18.0558
v 18.6165 -5.88839 17.1521
v 17.3628 -5.81061 12.7884
f 10001 10002 10003 10004
f 10005 10006 10007 10008
f 10001 10002 10006 10005
f 10002 10003 10007 10006
f 10003 10004 10008 10007
f 10004 10001 10005 10008
o Box1251
v 13.203 -5.26923 14.3566
v 15.3086 -5.66 16.53
v 16.85 -6.55687 14.8754
v 14.7445 -6.16609 12.702
v 13.3718 -4.82497 14.273
v 15.4773 -5.21574 16.4464
v 17.0188 -6.11261 14.7918
v 14.9132 -5.72184 12.6184
f 10009 10010 10011 10012
f 10013 10014 10015 10016
f 10009 10010 10014 10013
f 10010 10011 10015 10014
f 10011 10012 10016 10015
f 10012 10009 10013 10016
o Box1252
v 14.0628 -4.63081 15.2193
v 16.0606 -6.04075 16.7776
v 14.258 -6.91274 18.2996
v 12.2602 -5.50281 16.7413
v 14.0108 -5.01737 14.9362
v 16.0086 -6.4273 16.4946
v 14.206 -7.2993 18.0166
v 12.2082 -5.88937 16.4582
f 10017 10018 10019 10020
f 10021 10022 10023 10024
f 10017 10018 10022 10021
f 10018 10019 10023 10022
f 10019 10020 10024 10023
f 10020 10017 10021 10024
o Box1253
v 14.4807 -5.72969 12.8575
v 16.4783 -6.11751 14.0617
v 15.5888 -5.17441 15.841
v 13.5912 -4.78658 14.6369
v 14.404 -5.92408 12.9222
v 16.4016 -6.31191 14.1264
v 15.5121 -5.3688 15.9057
v 13.5144 -4.98098 14.7015
f 10025 10026 10027 10028
f 10029 10030 10031 10032
f 10025 10026 10030 10029
f 10026 10027 10031 10030
f 10027 10028 10032 10031
f 10028 10025 10029 10032
o Box1254
v 14.7135 -5.17972 13.5226
v 16.5237 -5.81323 15.1706
v 15.5078 -5.54434 16.3899
v 13.6976 -4.91083 14.7419
v 14.6521 -5.37561 13.5146
v 16.4624 -6.00912 15.1627
v 15.4465 -5.74023 16.3819
v 13.6362 -5.10672 14.7339
f 10033 10034 10035 10036
f 10037 10038 10039 10040
f 10033 10034 10038 10037
f 10034 10035 10039 10038
f 10035 10036 10040 10039
f 10036 10033 10037 10040
o Box1255
v 14.2333 -5.67517 13.2855
v 15.9977 -5.89048 14.4136
v 15.6633 -5.38477 15.0332
v 13.8989 -5.16947 13.905
v 14.2333 -5.6752 13.2855
v 15.9977 -5.8905 14.4137
v 15.6633 -5.3848 15.0332
v 13.8989 -5.16949 13.905
f 10041 10042 10043 10044
f 10045 10046 10047 10048
f 10041 10042 10046 10045
f 10042 10043 10047 10046
f 10043 10044 10048 10047
f 10044 10041 10045 10048
o Box1256
v 14.3624 -5.59679 13.0424
v 16.29 -6.09884 13.9044
v 15.705 -5.32215 15.6648
v 13.7775 -4.8201 14.8028
v 14.2968 -5.76134 13.0932
v 16.2244 -6.26339 13.9552
v 15.6394 -5.4867 15.7156
v 13.7119 -4.98465 14.8536
f 10049 10050 10051 10052
f 10053 10054 10055 10056
f 10049 10050 10054 10053
f 10050 10051 10055 10054
f 10051 10052 10056 10055
f 10052 10049 10053 10056
o Box1257
v 14.2022 -5.21655 14.07
v 15.872 -5.67428 15.2428
v 15.4344 -5.40821 15.9697
v 13.7646 -4.95047 14.7968
v 14.2022 -5.21657 14.07
v 15.872 -5.67431 15.2428
v 15.4344 -5.40823 15.9697
v 13.7646 -4.95049 14.7969
f 10057 10058 10059 10060
f 10061 10062 10063 10064
f 10057 10058 10062 10061
f 10058 10059 10063 10062
f 10059 10060 10064 10063
f 10060 10057 10061 10064
o Box1258
v 14.4541 -5.97277 12.8772
v 16.228 -6.18098 13.9883
v 15.8771 -5.708 14.6372
v 14.1032 -5.49979 13.526
v 14.4541 -5.97281 12.8772
v 16.228 -6.18102 13.9883
v 15.8771 -5.70804 14.6372
v 14.1032 -5.49983 13.526
f 10065 10066 10067 10068
f 10069 10070 10071 10072
f 10065 10066 10070 10069
f 10066 10067 10071 10070
f 10067 10068 10072 10071
f 10068 10065 10069 10072
o Box1259
v 14.4904 -5.35401 13.6176
v 16.1568 -5.78809 14.8111
v 15.7035 -5.57183 15.5227
v 14.0371 -5.13775 14.3292
v 14.4904 -5.35402 13.6176
v 16.1568 -5.7881 14.8111
v 15.7035 -5.57184 15.5227
v 14.0371 -5.13775 14.3292
f 10073 10074 10075 10076
f 10077 10078 10079 10080
f 10073 10074 10078 10077
f 10074 10075 10079 10078
f 10075 10076 10080 10079
f 10076 10073 10077 10080
o Box1260
v 14.3452 -4.98294 14.4996
v 15.9748 -5.68586 15.6919
v 15.4465 -5.74023 16.382
v 13.8168 -5.03731 15.1896
v 14.3451 -4.98296 14.4996
v 15.9748 -5.68588 15.6919
v 15.4465 -5.74025 16.3819
v 13.8168 -5.03733 15.1896
f 10081 10082 10083 10084
f 10085 10086 10087 10088
f 10081 10082 10086 10085
f 10082 10083 10087 10086
f 10083 10084 10088 10087
f 10084 10081 10085 10088
o Box1261
v 14.0508 -4.82958 15.0209
v 15.8701 -5.84065 16.4048
v 14.7202 -6.16953 17.6764
v 12.9008 -5.15846 16.2925
v 14.0108 -5.01736 14.9362
v 15.8302 -6.02843 16.3201
v 14.6802 -6.35732 17.5917
v 12.8608 -5.34625 16.2078
f 10089 10090 10091 10092
f 10093 10094 10095 10096
f 10089 10090 10094 10093
f 10090 10091 10095 10094
f 10091 10092 10096 10095
f 10092 10089 10093 10096
o Box1262
v 12.6536 -6.0707 16.913
v 14.609 -7.10307 17.8048
v 15.8117 -5.96986 16.4797
v 13.8563 -4.93749 15.5878
v 12.6694 -5.90892 17.0657
v 14.6248 -6.94129 17.9575
v 15.8275 -5.80808 16.6324
v 13.8721 -4.77571 15.7405
f 10097 10098 10099 10100
f 10101 10102 10103 10104
f 10097 10098 10102 10101
f 10098 10099 10103 10102
f 10099 10100 10104 10103
f 10100 10097 10101 10104
o Box1263
v 14.0108 -5.01734 14.9362
v 15.6617 -5.7344 16.0731
v 15.1421 -5.7484 16.8188
v 13.4912 -5.03133 15.6819
v 14.0108 -5.01737 14.9362
v 15.6617 -5.73444 16.0731
v 15.1421 -5.74843 16.8188
v 13.4912 -5.03136 15.6819
f 10105 10106 10107 10108
f 10109 10110 10111 10112
f 10105 10106 10110 10109
f 10106 10107 10111 10110
f 10107 10108 10112 10111
f 10108 10105 10109 10112
o Box1264
v 13.6821 -5.10164 15.7798
v 15.3885 -6.06078 16.8208
v 14.8176 -6.36068 17.4802
v 13.1112 -5.40154 16.4393
v 13.6821 -5.10165 15.7798
v 15.3885 -6.06079 16.8207
v 14.8176 -6.36069 17.4802
v 13.1112 -5.40155 16.4393
f 10113 10114 10115 10116
f 10117 10118 10119 10120
f 10113 10114 10118 10117
f 10114 10115 10119 10118
f 10115 10116 10120 10119
f 10116 10113 10117 10120
o Box1265
v 12.6716 -6.00702 16.9707
v 14.4964 -7.17156 17.878
v 15.0805 -6.62379 17.4062
v 13.2557 -5.45925 16.4989
v 12.6716 -6.00697 16.9707
v 14.4964 -7.17151 17.878
v 15.0805 -6.62374 17.4062
v 13.2557 -5.45921 16.4989
f 10121 10122 10123 10124
f 10125 10126 10127 10128
f 10121 10122 10126 10125
f 10122 10123 10127 10126
f 10123 10124 10128 10127
f 10124 10121 10125 10128
o Box1266
v 12.9767 -5.54508 16.3216
v 14.8122 -6.87531 17.6229
v 15.9813 -6.18333 16.6813
v 14.1457 -4.85311 15.3799
v 12.9935 -5.38982 16.4565
v 14.8291 -6.72004 17.7579
v 15.9981 -6.02807 16.8163
v 14.1625 -4.69784 15.5149
f 10129 10130 10131 10132
f 10133 10134 10135 10136
f 10129 10130 10134 10133
f 10130 10131 10135 10134
f 10131 10132 10136 10135
f 10132 10129 10133 10136
o Box1267
v 14.0379 -4.90618 15.4163
v 15.708 -5.87921 16.5281
v 15.137 -6.19285 17.1114
v 13.4669 -5.21981 15.9996
v 14.0379 -4.90625 15.4163
v 15.708 -5.87929 16.528
v 15.1369 -6.19292 17.1113
v 13.4669 -5.21989 15.9996
f 10137 10138 10139 10140
f 10141 10142 10143 10144
f 10137 10138 10142 10141
f 10138 10139 10143 10142
f 10139 10140 10144 10143
f 10140 10137 10141 10144
o Box1268
v 13.0306 -5.66714 16.6535
v 14.8122 -6.87531 17.6229
v 15.3896 -6.34217 17.2262
v 13.608 -5.13401 16.2568
v 13.0306 -5.66709 16.6536
v 14.8122 -6.87526 17.623
v 15.3896 -6.34212 17.2263
v 13.608 -5.13395 16.2568
f 10145 10146 10147 10148
f 10149 10150 10151 10152
f 10145 10146 10150 10149
f 10146 10147 10151 10150
f 10147 10148 10152 10151
f 10148 10145 10149 10152
o Box1269
v 16.2703 -6.56644 12.766
v 18.5066 -6.10416 14.987
v 16.8148 -5.12866 16.4875
v 14.5784 -5.59095 14.2665
v 16.1848 -6.97927 12.938
v 18.4212 -6.51699 15.159
v 16.7293 -5.54149 16.6595
v 14.4929 -6.00378 14.4385
f 10153 10154 10155 10156
f 10157 10158 10159 10160
f 10153 10154 10158 10157
f 10154 10155 10159 10158
f 10155 10156 10160 10159
f 10156 10153 10157 10160
o Box1270
v 15.9595 -5.24752 15.1909
v 18.0303 -5.83609 16.2553
v 16.8935 -6.55945 18.0671
v 14.8226 -5.97088 17.0028
v 15.9492 -5.41903 15.116
v 18.0201 -6.00761 16.1804
v 16.8832 -6.73097 17.9922
v 14.8124 -6.14239 16.9279
f 10161 10162 10163 10164
f 10165 10166 10167 10168
f 10161 10162 10166 10165
f 10162 10163 10167 10166
f 10163 10164 10168 10167
f 10164 10161 10165 10168
o Box1271
v 15.9394 -6.65156 13.0781
v 18.0813 -6.23912 14.4302
v 17.2737 -5.34709 15.4373
v 15.1319 -5.75954 14.0853
v 15.8997 -6.81488 13.1909
v 18.0416 -6.40244 14.5429
v 17.234 -5.51042 15.5501
v 15.0921 -5.92286 14.198
f 10169 10170 10171 10172
f 10173 10174 10175 10176
f 10169 10170 10174 10173
f 10170 10171 10175 10174
f 10171 10172 10176 10175
f 10172 10169 10173 10176
o Box1272
v 16.0544 -5.75717 14.2516
v 17.8744 -5.93421 15.1471
v 17.3187 -5.72855 16.3173
v 15.4986 -5.55151 15.4218
v 16.0511 -5.77926 14.2539
v 17.8712 -5.9563 15.1494
v 17.3154 -5.75064 16.3196
v 15.4953 -5.5736 15.4241
f 10177 10178 10179 10180
f 10181 10182 10183 10184
f 10177 10178 10182 10181
f 10178 10179 10183 10182
f 10179 10180 10184 10183
f 10180 10177 10181 10184
o Box1273
v 15.8997 -6.81484 13.1908
v 17.827 -6.51497 14.0594
v 17.5136 -5.88855 14.5386
v 15.5863 -6.18842 13.67
v 15.8997 -6.81489 13.1909
v 17.827 -6.51502 14.0594
v 17.5136 -5.8886 14.5387
v 15.5862 -6.18847 13.6701
f 10185 10186 10187 10188
f 10189 10190 10191 10192
f 10185 10186 10190 10189
f 10186 10187 10191 10190
f 10187 10188 10192 10191
f 10188 10185 10189 10192
o Box1274
v 15.9465 -6.14793 13.812
v 17.7642 -6.05706 14.8125
v 17.3832 -5.63274 15.4662
v 15.5655 -5.72361 14.4657
v 15.9465 -6.14794 13.812
v 17.7642 -6.05707 14.8125
v 17.3832 -5.63275 15.4662
v 15.5655 -5.72362 14.4657
f 10193 10194 10195 10196
f 10197 10198 10199 10200
f 10193 10194 10198 10197
f 10194 10195 10199 10198
f 10195 10196 10200 10199
f 10196 10193 10197 10200
o Box1275
v 15.8805 -5.7161 14.6132
v 17.657 -5.88002 15.6571
v 17.2259 -5.71229 16.4172
v 15.4493 -5.54838 15.3733
v 15.8805 -5.71612 14.6132
v 17.657 -5.88003 15.6571
v 17.2259 -5.71231 16.4172
v 15.4493 -5.54839 15.3733
f 10201 10202 10203 10204
f 10205 10206 10207 10208
f 10201 10202 10206 10205
f 10202 10203 10207 10206
f 10203 10204 10208 10207
f 10204 10201 10205 10208
o Box1276
v 16.1605 -5.79216 14.1394
v 17.9295 -5.93454 15.2077
v 17.4913 -5.8155 15.9493
v 15.7222 -5.67311 14.881
v 16.1605 -5.7922 14.1394
v 17.9295 -5.93459 15.2077
v 17.4913 -5.81554 15.9493
v 15.7222 -5.67316 14.881
f 10209 10210 10211 10212
f 10213 10214 10215 10216
f 10209 10210 10214 10213
f 10210 10211 10215 10214
f 10211 10212 10216 10215
f 10212 10209 10213 10216
o Box1277
v 15.7201 -5.38263 15.5849
v 17.7652 -6.0667 16.8223
v 16.7747 -6.62399 18.1512
v 14.7296 -5.93991 16.9139
v 15.7096 -5.57149 15.4979
v 17.7547 -6.25557 16.7352
v 16.7642 -6.81285 18.0642
v 14.7191 -6.12877 16.8268
f 10217 10218 10219 10220
f 10221 10222 10223 10224
f 10217 10218 10222 10221
f 10218 10219 10223 10222
f 10219 10220 10224 10223
f 10220 10217 10221 10224
o Box1278
v 16.1477 -5.22853 15.0379
v 18.157 -5.93216 16.4266
v 17.167 -6.36733 17.6385
v 15.1577 -5.66369 16.2498
v 16.1353 -5.4184 14.9596
v 18.1446 -6.12204 16.3483
v 17.1546 -6.5572 17.5602
v 15.1453 -5.85357 16.1715
f 10225 10226 10227 10228
f 10229 10230 10231 10232
f 10225 10226 10230 10229
f 10226 10227 10231 10230
f 10227 10228 10232 10231
f 10228 10225 10229 10232
o Box1279
v 15.7096 -5.57148 15.4979
v 17.5172 -5.99114 16.5009
v 17.0582 -6.11442 17.2764
v 15.2507 -5.69477 16.2733
v 15.7096 -5.57149 15.4979
v 17.5172 -5.99114 16.5009
v 17.0582 -6.11443 17.2764
v 15.2507 -5.69478 16.2733
f 10233 10234 10235 10236
f 10237 10238 10239 10240
f 10233 10234 10238 10237
f 10234 10235 10239 10238
f 10235 10236 10240 10239
f 10236 10233 10237 10240
o Box1280
v 15.4545 -5.73152 16.3593
v 17.3584 -6.3755 17.259
v 16.8959 -6.78783 17.9426
v 14.992 -6.14385 17.0429
v 15.4545 -5.73158 16.3593
v 17.3584 -6.37556 17.259
v 16.8959 -6.78789 17.9426
v 14.992 -6.1439 17.0429
f 10241 10242 10243 10244
f 10245 10246 10247 10248
f 10241 10242 10246 10245
f 10242 10243 10247 10246
f 10243 10244 10248 10247
f 10244 10241 10245 10248
o Box1281
v 16.0044 -5.46991 15.0417
v 17.7909 -5.88234 16.1042
v 17.3271 -6.04217 16.822
v 15.5406 -5.62974 15.7595
v 16.0044 -5.46993 15.0417
v 17.7909 -5.88237 16.1042
v 17.3271 -6.0422 16.822
v 15.5406 -5.62976 15.7595
f 10249 10250 10251 10252
f 10253 10254 10255 10256
f 10249 10250 10254 10253
f 10250 10251 10255 10254
f 10251 10252 10256 10255
f 10252 10249 10253 10256
o Box1282
v 15.7455 -5.46836 15.9795
v 17.62 -6.13632 16.9527
v 17.1546 -6.5572 17.5602
v 15.2801 -5.88925 16.587
v 15.7455 -5.46839 15.9795
v 17.62 -6.13635 16.9527
v 17.1546 -6.55724 17.5602
v 15.2801 -5.88928 16.587
f 10257 10258 10259 10260
f 10261 10262 10263 10264
f 10257 10258 10262 10261
f 10258 10259 10263 10262
f 10259 10260 10264 10263
f 10260 10257 10261 10264
o Box1283
v 14.3164 -10.8186 15.7018
v 16.255 -5.07829 17.4451
v 23.2579 -7.21509 16.6934
v 21.3192 -12.9554 14.9501
v 14.2697 -9.73839 12.1966
v 16.2084 -3.99805 13.94
v 23.2113 -6.13484 13.1883
v 21.2726 -11.8752 11.445
f 10265 10266 10267 10268
f 10269 10270 10271 10272
f 10265 10266 10270 10269
f 10266 10267 10271 10270
f 10267 10268 10272 10271
f 10268 10265 10269 10272
o Box1284
v 13.2164 -8.17248 15.2492
v 16.7926 -13.0408 12.5656
v 23.6091 -9.46338 15.1595
v 20.0329 -4.59506 17.8431
v 13.0483 -9.70345 17.8025
v 16.6244 -14.5718 15.1189
v 23.441 -10.9944 17.7128
v 19.8648 -6.12603 20.3964
f 10273 10274 10275 10276
f 10277 10278 10279 10280
f 10273 10274 10278 10277
f 10274 10275 10279 10278
f 10275 10276 10280 10279
f 10276 10273 10277 10280
o Box1285
v 14.5198 -12.0813 14.3575
v 22.4328 -10.8106 14.0724
v 21.7405 -6.94607 12.0806
v 13.8274 -8.21679 12.3657
v 14.4592 -11.4047 15.6914
v 22.3722 -10.134 15.4063
v 21.6799 -6.26945 13.4145
v 13.7668 -7.54017 13.6996
f 10281 10282 10283 10284
f 10285 10286 10287 10288
f 10281 10282 10286 10285
f 10282 10283 10287 10286
f 10283 10284 10288 10287
f 10284 10281 10285 10288
o Box1286
v 15.7159 -8.02098 13.2695
v 15.9327 -5.94273 17.2678
v 21.594 -6.65849 17.3329
v 21.3773 -8.73674 13.3347
v 15.8923 -6.68991 12.5681
v 16.109 -4.61166 16.5663
v 21.7704 -5.32742 16.6315
v 21.5537 -7.40567 12.6333
f 10289 10290 10291 10292
f 10293 10294 10295 10296
f 10289 10290 10294 10293
f 10290 10291 10295 10294
f 10291 10292 10296 10295
f 10292 10289 10293 10296
o Box1287
v 15.2807 -12.7048 14.8127
v 20.2273 -10.2174 13.5112
v 18.0219 -6.80378 11.653
v 13.0753 -9.29121 12.9545
v 15.2692 -11.9313 16.2472
v 20.2158 -9.4439 14.9457
v 18.0104 -6.03033 13.0875
v 13.0638 -8.51776 14.3891
f 10297 10298 10299 10300
f 10301 10302 10303 10304
f 10297 10298 10302 10301
f 10298 10299 10303 10302
f 10299 10300 10304 10303
f 10300 10297 10301 10304
o Box1288
v 17.2585 -11.283 14.0998
v 22.3497 -10.7241 14.3422
v 22.0722 -7.5548 12.8628
v 16.9811 -8.11363 12.6204
v 17.1973 -10.9966 14.7248
v 22.2885 -10.4377 14.9672
v 22.011 -7.26842 13.4878
v 16.9199 -7.82725 13.2454
f 10305 10306 10307 10308
f 10309 10310 10311 10312
f 10305 10306 10310 10309
f 10306 10307 10311 10310
f 10307 10308 10312 10311
f 10308 10305 10309 10312
o Box1289
v 14.1391 -9.63573 13.7093
v 17.5213 -9.56731 13.3389
v 17.7834 -10.9016 15.4859
v 14.4013 -10.97 15.8563
v 14.122 -9.99806 13.4862
v 17.5042 -9.92965 13.1158
v 17.7663 -11.264 15.2628
v 14.3842 -11.3324 15.6332
f 10313 10314 10315 10316
f 10317 10318 10319 10320
f 10313 10314 10318 10317
f 10314 10315 10319 10318
f 10315 10316 10320 10319
f 10316 10313 10317 10320
o Box1290
v 14.644 -9.35322 12.7667
v 18.6569 -11.973 14.0812
v 20.7247 -9.06447 13.5651
v 16.7118 -6.44471 12.2507
v 14.5043 -9.08242 13.7331
v 18.5172 -11.7022 15.0475
v 20.585 -8.79367 14.5315
v 16.5721 -6.1739 13.217
f 10321 10322 10323 10324
f 10325 10326 10327 10328
f 10321 10322 10326 10325
f 10322 10323 10327 10326
f 10323 10324 10328 10327
f 10324 10321 10325 10328
o Box1291
v 14.2772 -10.1253 14.0411
v 17.3612 -10.3085 13.8536
v 17.4197 -11.0015 15.4927
v 14.3357 -10.8182 15.6802
v 14.2611 -10.3153 13.9613
v 17.3451 -10.4986 13.7738
v 17.4036 -11.1915 15.413
v 14.3196 -11.0082 15.6005
f 10329 10330 10331 10332
f 10333 10334 10335 10336
f 10329 10330 10334 10333
f 10330 10331 10335 10334
f 10331 10332 10336 10335
f 10332 10329 10333 10336
o Box1292
v 14.888 -10.4322 13.8127
v 17.5421 -10.3154 13.8728
v 17.5213 -9.56737 13.3388
v 14.8672 -9.68421 13.2787
v 14.888 -10.4321 13.8127
v 17.5421 -10.3153 13.8729
v 17.5213 -9.56731 13.3389
v 14.8672 -9.68415 13.2788
f 10337 10338 10339 10340
f 10341 10342 10343 10344
f 10337 10338 10342 10341
f 10338 10339 10343 10342
f 10339 10340 10344 10343
f 10340 10337 10341 10344
o Box1293
v 14.3083 -10.511 14.7117
v 17.1888 -10.8235 14.5918
v 17.1988 -11.071 15.4783
v 14.3183 -10.7586 15.5982
v 14.3082 -10.5111 14.7117
v 17.1887 -10.8235 14.5918
v 17.1988 -11.0711 15.4783
v 14.3183 -10.7586 15.5982
f 10345 10346 10347 10348
f 10349 10350 10351 10352
f 10345 10346 10350 10349
f 10346 10347 10351 10350
f 10347 10348 10352 10351
f 10348 10345 10349 10352
o Box1294
v 14.5681 -10.2242 13.9111
v 17.3612 -10.3085 13.8536
v 17.3608 -10.8376 14.6074
v 14.5676 -10.7534 14.6649
v 14.5681 -10.2243 13.911
v 17.3612 -10.3086 13.8536
v 17.3608 -10.8377 14.6074
v 14.5676 -10.7534 14.6649
f 10353 10354 10355 10356
f 10357 10358 10359 10360
f 10353 10354 10358 10357
f 10354 10355 10359 10358
f 10355 10356 10360 10359
f 10356 10353 10357 10360
o Box1295
v 15.654 -10.3504 12.7377
v 18.6853 -9.13201 13.2835
v 17.7786 -6.82105 13.1603
v 14.7473 -8.03942 12.6145
v 15.5819 -10.3566 13.1521
v 18.6131 -9.13823 13.698
v 17.7064 -6.82727 13.5748
v 14.6752 -8.04563 13.029
f 10361 10362 10363 10364
f 10365 10366 10367 10368
f 10361 10362 10366 10365
f 10362 10363 10367 10366
f 10363 10364 10368 10367
f 10364 10361 10365 10368
o Box1296
v 17.2028 -10.9726 14.4629
v 20.1058 -10.2381 14.1218
v 19.6871 -9.10495 12.9981
v 16.7841 -9.8395 13.3392
v 17.1847 -10.8323 14.6111
v 20.0878 -10.0978 14.27
v 19.669 -8.96465 13.1463
v 16.766 -9.69921 13.4874
f 10369 10370 10371 10372
f 10373 10374 10375 10376
f 10369 10370 10374 10373
f 10370 10371 10375 10374
f 10371 10372 10376 10375
f 10372 10369 10373 10376
o Box1297
v 15.3389 -10.0279 12.954
v 18.0516 -9.5059 13.2846
v 17.7606 -7.80947 12.9937
v 15.0479 -8.3315 12.663
v 15.3089 -9.99871 13.1544
v 18.0216 -9.47668 13.485
v 17.7306 -7.78025 13.1941
v 15.0179 -8.30228 12.8634
f 10377 10378 10379 10380
f 10381 10382 10383 10384
f 10377 10378 10382 10381
f 10378 10379 10383 10382
f 10379 10380 10384 10383
f 10380 10377 10381 10384
o Box1298
v 15.8855 -8.11908 12.6361
v 17.9881 -7.75641 13.2661
v 17.7546 -6.94996 13.5813
v 15.6519 -7.31263 12.9514
v 15.8855 -8.11909 12.6362
v 17.9881 -7.75642 13.2661
v 17.7546 -6.94998 13.5813
v 15.6519 -7.31265 12.9514
f 10385 10386 10387 10388
f 10389 10390 10391 10392
f 10385 10386 10390 10389
f 10386 10387 10391 10390
f 10387 10388 10392 10391
f 10388 10385 10389 10392
o Box1299
v 15.242 -9.83451 13.1429
v 17.7218 -9.5644 13.3663
v 17.6495 -8.68926 13.1098
v 15.1698 -8.95936 12.8865
v 15.242 -9.83449 13.143
v 17.7218 -9.56439 13.3663
v 17.6495 -8.68924 13.1099
v 15.1698 -8.95935 12.8865
f 10393 10394 10395 10396
f 10397 10398 10399 10400
f 10393 10394 10398 10397
f 10394 10395 10399 10398
f 10395 10396 10400 10399
f 10396 10393 10397 10400
o Box1300
v 15.5884 -9.03203 12.7346
v 17.8776 -8.67459 13.1539
v 17.7306 -7.78025 13.1941
v 15.4414 -8.1377 12.7747
v 15.5884 -9.03203 12.7346
v 17.8776 -8.67459 13.1539
v 17.7306 -7.78026 13.1941
v 15.4414 -8.1377 12.7748
f 10401 10402 10403 10404
f 10405 10406 10407 10408
f 10401 10402 10406 10405
f 10402 10403 10407 10406
f 10403 10404 10408 10407
f 10404 10401 10405 10408
o Box1301
v 17.0306 -10.3653 13.8874
v 19.7499 -9.8989 13.6091
v 19.904 -10.3659 14.3329
v 17.1847 -10.8322 14.6111
v 17.0306 -10.3653 13.8874
v 19.7499 -9.89899 13.6091
v 19.904 -10.366 14.3328
v 17.1847 -10.8323 14.6111
f 10409 10410 10411 10412
f 10413 10414 10415 10416
f 10409 10410 10414 10413
f 10410 10411 10415 10414
f 10411 10412 10416 10415
f 10412 10409 10413 10416
o Box1302
v 17.3573 -10.3235 13.8686
v 19.9039 -9.66549 13.7284
v 19.7047 -9.00315 13.2187
v 17.1581 -9.66116 13.3589
v 17.3573 -10.3235 13.8686
v 19.9039 -9.66547 13.7285
v 19.7047 -9.00314 13.2188
v 17.1581 -9.66115 13.3589
f 10417 10418 10419 10420
f 10421 10422 10423 10424
f 10417 10418 10422 10421
f 10418 10419 10423 10422
f 10419 10420 10424 10423
f 10420 10417 10421 10424
o Box1303
v 17.8669 -12.1009 14.446
v 21.2268 -10.2457 14.0745
v 19.3458 -7.1558 12.493
v 15.986 -9.01102 12.8644
v 17.7811 -11.812 15.1125
v 21.1409 -9.95676 14.7411
v 19.26 -6.8669 13.1595
v 15.9001 -8.72211 13.531
f 10425 10426 10427 10428
f 10429 10430 10431 10432
f 10425 10426 10430 10429
f 10426 10427 10431 10430
f 10427 10428 10432 10431
f 10428 10425 10429 10432
o Box1304
v 20.0434 -11.1494 14.5712
v 22.8138 -9.26946 13.8719
v 21.3748 -7.58821 12.6906
v 18.6044 -9.46815 13.3899
v 19.9913 -10.9363 14.9379
v 22.7618 -9.05635 14.2386
v 21.3228 -7.37509 13.0574
v 18.5523 -9.25503 13.7566
f 10433 10434 10435 10436
f 10437 10438 10439 10440
f 10433 10434 10438 10437
f 10434 10435 10439 10438
f 10435 10436 10440 10439
f 10436 10433 10437 10440
o Box1305
v 17.2207 -11.1451 14.3802
v 19.915 -10.9281 14.5062
v 19.8064 -8.68413 12.9653
v 17.1121 -8.90107 12.8393
v 17.1886 -10.9295 14.6964
v 19.8828 -10.7125 14.8225
v 19.7743 -8.46852 13.2816
v 17.08 -8.68546 13.1555
f 10441 10442 10443 10444
f 10445 10446 10447 10448
f 10441 10442 10446 10445
f 10442 10443 10447 10446
f 10443 10444 10448 10447
f 10444 10441 10445 10448
o Box1306
v 17.6522 -10.027 13.1763
v 20.1669 -9.34938 13.4064
v 19.6264 -7.28183 13.2256
v 17.1116 -7.95944 12.9955
v 17.6297 -10.0146 13.3853
v 20.1444 -9.33698 13.6155
v 19.6039 -7.26942 13.4347
v 17.0891 -7.94704 13.2045
f 10449 10450 10451 10452
f 10453 10454 10455 10456
f 10449 10450 10454 10453
f 10450 10451 10455 10454
f 10451 10452 10456 10455
f 10452 10449 10453 10456
o Box1307
v 17.5178 -9.58662 13.3479
v 19.8689 -8.7996 13.4059
v 19.6175 -8.03046 13.1585
v 17.2665 -8.81748 13.1004
v 17.5178 -9.58662 13.3479
v 19.8689 -8.7996 13.4059
v 19.6175 -8.03046 13.1585
v 17.2665 -8.81748 13.1004
f 10457 10458 10459 10460
f 10461 10462 10463 10464
f 10457 10458 10462 10461
f 10458 10459 10463 10462
f 10459 10460 10464 10463
f 10460 10457 10461 10464
o Box1308
v 16.9363 -10.0309 13.8072
v 19.8272 -9.41064 13.5323
v 20.2028 -10.5941 14.8122
v 17.312 -11.2144 15.0871
v 16.9545 -10.1782 13.6657
v 19.8454 -9.55791 13.3908
v 20.221 -10.7414 14.6707
v 17.3301 -11.3616 14.9456
f 10465 10466 10467 10468
f 10469 10470 10471 10472
f 10465 10466 10470 10469
f 10466 10467 10471 10470
f 10467 10468 10472 10471
f 10468 10465 10469 10472
o Box1309
v 17.1193 -10.5924 14.2765
v 19.8419 -10.1778 14.0413
v 19.9867 -10.7083 14.7812
v 17.264 -11.123 15.0165
v 17.1193 -10.5924 14.2765
v 19.8419 -10.1778 14.0412
v 19.9867 -10.7084 14.7812
v 17.264 -11.123 15.0165
f 10473 10474 10475 10476
f 10477 10478 10479 10480
f 10473 10474 10478 10477
f 10474 10475 10479 10478
f 10475 10476 10480 10479
f 10476 10473 10477 10480
o Box1310
v 17.4624 -10.7327 14.1527
v 20.0173 -10.1503 14.0458
v 19.8272 -9.41068 13.5323
v 17.2723 -9.99313 13.6392
v 17.4624 -10.7327 14.1527
v 20.0173 -10.1503 14.0458
v 19.8272 -9.41064 13.5323
v 17.2723 -9.99309 13.6392
f 10481 10482 10483 10484
f 10485 10486 10487 10488
f 10481 10482 10486 10485
f 10482 10483 10487 10486
f 10483 10484 10488 10487
f 10484 10481 10485 10488
o Box1311
v 17.647 -8.71058 13.1116
v 19.8034 -7.88024 13.4053
v 19.4987 -7.09941 13.4348
v 17.3423 -7.92975 13.1412
v 17.647 -8.71058 13.1117
v 19.8034 -7.88024 13.4053
v 19.4987 -7.09941 13.4349
v 17.3423 -7.92975 13.1413
f 10489 10490 10491 10492
f 10493 10494 10495 10496
f 10489 10490 10494 10493
f 10490 10491 10495 10494
f 10491 10492 10496 10495
f 10492 10489 10493 10496
o Box1312
v 17.7755 -10.2402 13.2809
v 20.3316 -9.24903 13.4441
v 19.717 -7.62614 13.2151
v 17.1608 -8.61731 13.0519
v 17.7548 -10.2198 13.4815
v 20.3109 -9.22859 13.6447
v 19.6962 -7.60569 13.4157
v 17.1401 -8.59686 13.2525
f 10497 10498 10499 10500
f 10501 10502 10503 10504
f 10497 10498 10502 10501
f 10498 10499 10503 10502
f 10499 10500 10504 10503
f 10500 10497 10501 10504
o Box1313
v 17.6559 -10.0672 13.4774
v 20.0214 -9.36934 13.5447
v 19.7766 -8.51735 13.3151
v 17.4111 -9.2152 13.2478
v 17.6559 -10.0672 13.4775
v 20.0214 -9.36931 13.5448
v 19.7766 -8.51732 13.3152
v 17.4111 -9.21517 13.2479
f 10505 10506 10507 10508
f 10509 10510 10511 10512
f 10505 10506 10510 10509
f 10506 10507 10511 10510
f 10507 10508 10512 10511
f 10508 10505 10509 10512
o Box1314
v 17.822 -9.20545 13.07
v 19.998 -8.459 13.3439
v 19.6962 -7.60569 13.4157
v 17.5203 -8.35214 13.1418
v 17.822 -9.20546 13.0701
v 19.998 -8.45901 13.344
v 19.6962 -7.6057 13.4158
v 17.5203 -8.35215 13.1419
f 10513 10514 10515 10516
f 10517 10518 10519 10520
f 10513 10514 10518 10517
f 10514 10515 10519 10518
f 10515 10516 10520 10519
f 10516 10513 10517 10520
o Box1315
v 19.5323 -10.2917 14.0957
v 22.0709 -9.35739 13.6493
v 22.3568 -9.79965 14.3494
v 19.8182 -10.734 14.7958
v 19.5323 -10.2918 14.0956
v 22.0709 -9.35744 13.6493
v 22.3568 -9.79969 14.3494
v 19.8182 -10.734 14.7957
f 10521 10522 10523 10524
f 10525 10526 10527 10528
f 10521 10522 10526 10525
f 10522 10523 10527 10526
f 10523 10524 10528 10527
f 10524 10521 10525 10528
o Box1316
v 19.8623 -10.2631 13.8637
v 22.3285 -8.81633 13.5742
v 21.5166 -7.54739 12.9989
v 19.0504 -8.99415 13.2884
v 19.8418 -10.1903 14.0531
v 22.308 -8.74353 13.7636
v 21.4961 -7.47459 13.1884
v 19.0299 -8.92135 13.4779
f 10529 10530 10531 10532
f 10533 10534 10535 10536
f 10529 10530 10534 10533
f 10530 10531 10535 10534
f 10531 10532 10536 10535
f 10532 10529 10533 10536
o Box1317
v 19.8419 -10.1903 14.0531
v 22.1839 -9.10354 13.7573
v 21.8339 -8.47947 13.2789
v 19.4918 -9.56627 13.5747
v 19.8418 -10.1903 14.0531
v 22.1839 -9.1035 13.7573
v 21.8339 -8.47943 13.279
v 19.4918 -9.56623 13.5748
f 10537 10538 10539 10540
f 10541 10542 10543 10544
f 10537 10538 10542 10541
f 10538 10539 10543 10542
f 10539 10540 10544 10543
f 10540 10537 10541 10544
o Box1318
v 19.8278 -9.42642 13.5393
v 21.9673 -8.25169 13.4536
v 21.5654 -7.53517 13.2434
v 19.426 -8.70989 13.3291
v 19.8278 -9.4264 13.5394
v 21.9673 -8.25168 13.4537
v 21.5654 -7.53515 13.2434
v 19.426 -8.70988 13.3292
f 10545 10546 10547 10548
f 10549 10550 10551 10552
f 10545 10546 10550 10549
f 10546 10547 10551 10550
f 10547 10548 10552 10551
f 10548 10545 10549 10552
o Box1319
v 15.7115 -7.27542 12.748
v 21.3386 -8.3002 12.591
v 21.7791 -6.13383 14.2389
v 16.152 -5.10905 14.3959
v 15.6374 -7.78878 13.4427
v 21.2645 -8.81356 13.2857
v 21.705 -6.64719 14.9336
v 16.0779 -5.62241 15.0906
f 10553 10554 10555 10556
f 10557 10558 10559 10560
f 10553 10554 10558 10557
f 10554 10555 10559 10558
f 10555 10556 10560 10559
f 10556 10553 10557 10560
o Box1320
v 18.439 -5.99248 13.4311
v 20.6754 -5.7182 15.6139
v 18.4382 -5.60818 17.8921
v 16.2018 -5.88246 15.7093
v 18.4527 -6.34925 13.4618
v 20.6891 -6.07497 15.6446
v 18.452 -5.96496 17.9228
v 16.2156 -6.23924 15.7401
f 10561 10562 10563 10564
f 10565 10566 10567 10568
f 10561 10562 10566 10565
f 10562 10563 10567 10566
f 10563 10564 10568 10567
f 10564 10561 10565 10568
o Box1321
v 16.0999 -7.54505 12.4607
v 19.8139 -7.36296 13.2969
v 19.3253 -5.47319 15.0556
v 15.6113 -5.65528 14.2194
v 16.0361 -7.89631 12.8204
v 19.7501 -7.71423 13.6567
v 19.2615 -5.82446 15.4153
v 15.5475 -6.00654 14.5791
f 10569 10570 10571 10572
f 10573 10574 10575 10576
f 10569 10570 10574 10573
f 10570 10571 10575 10574
f 10571 10572 10576 10575
f 10572 10569 10573 10576
o Box1322
v 17.8022 -8.43585 12.7246
v 21.6887 -8.16664 12.9668
v 21.4501 -5.7947 14.1589
v 17.5636 -6.06392 13.9168
v 17.7894 -8.67226 13.1924
v 21.6759 -8.40305 13.4345
v 21.4373 -6.03111 14.6267
v 17.5508 -6.30032 14.3846
f 10577 10578 10579 10580
f 10581 10582 10583 10584
f 10577 10578 10582 10581
f 10578 10579 10583 10582
f 10579 10580 10584 10583
f 10580 10577 10581 10584
o Box1323
v 16.3072 -7.15526 12.6174
v 18.4686 -6.7383 13.9056
v 17.6685 -5.74749 14.9273
v 15.5071 -6.16445 13.6391
v 16.2659 -7.31235 12.7374
v 18.4274 -6.89539 14.0257
v 17.6273 -5.90458 15.0474
v 15.4658 -6.32154 13.7591
f 10585 10586 10587 10588
f 10589 10590 10591 10592
f 10585 10586 10590 10589
f 10586 10587 10591 10590
f 10587 10588 10592 10591
f 10588 10585 10589 10592
o Box1324
v 17.7405 -7.68159 13.0256
v 19.9344 -6.61561 13.9584
v 19.0992 -5.55761 14.7137
v 16.9053 -6.62359 13.7808
v 17.7314 -7.80373 13.1866
v 19.9253 -6.73775 14.1195
v 19.0901 -5.67975 14.8747
v 16.8962 -6.74573 13.9418
f 10593 10594 10595 10596
f 10597 10598 10599 10600
f 10593 10594 10598 10597
f 10594 10595 10599 10598
f 10595 10596 10600 10599
f 10596 10593 10597 10600
o Box1325
v 16.0962 -7.20337 12.8602
v 18.0369 -6.92764 13.6897
v 17.7187 -6.29852 14.2249
v 15.778 -6.57425 13.3955
v 16.0962 -7.20341 12.8603
v 18.0369 -6.92769 13.6897
v 17.7187 -6.29857 14.225
v 15.778 -6.5743 13.3956
f 10601 10602 10603 10604
f 10605 10606 10607 10608
f 10601 10602 10606 10605
f 10602 10603 10607 10606
f 10603 10604 10608 10607
f 10604 10601 10605 10608
o Box1326
v 16.1924 -6.39479 13.382
v 18.0161 -6.29493 14.3674
v 17.6273 -5.90451 15.0473
v 15.8036 -6.00437 14.0619
v 16.1923 -6.39487 13.382
v 18.016 -6.295 14.3674
v 17.6273 -5.90458 15.0474
v 15.8035 -6.00445 14.062
f 10609 10610 10611 10612
f 10613 10614 10615 10616
f 10609 10610 10614 10613
f 10610 10611 10615 10614
f 10611 10612 10616 10615
f 10612 10609 10613 10616
o Box1327
v 17.7293 -7.80104 13.1885
v 19.7164 -7.0266 13.7223
v 19.3639 -6.32277 14.0136
v 17.3767 -7.09722 13.4798
v 17.7293 -7.80106 13.1885
v 19.7164 -7.02662 13.7223
v 19.3639 -6.32279 14.0136
v 17.3767 -7.09724 13.4798
f 10617 10618 10619 10620
f 10621 10622 10623 10624
f 10617 10618 10622 10621
f 10618 10619 10623 10622
f 10619 10620 10624 10623
f 10620 10617 10621 10624
o Box1328
v 17.7547 -6.9677 13.5691
v 19.6207 -6.34557 14.3075
v 19.2323 -5.79391 14.824
v 17.3664 -6.41603 14.0856
v 17.7547 -6.96774 13.5691
v 19.6207 -6.34561 14.3076
v 19.2323 -5.79395 14.8241
v 17.3664 -6.41607 14.0856
f 10625 10626 10627 10628
f 10629 10630 10631 10632
f 10625 10626 10630 10629
f 10626 10627 10631 10630
f 10627 10628 10632 10631
f 10628 10625 10629 10632
o Box1329
v 18.1201 -8.26689 12.7095
v 20.3412 -7.26463 13.5472
v 19.4988 -6.04346 14.3197
v 17.2777 -7.04572 13.482
v 18.1086 -8.37947 12.8749
v 20.3296 -7.37721 13.7125
v 19.4872 -6.15604 14.485
v 17.2662 -7.1583 13.6474
f 10633 10634 10635 10636
f 10637 10638 10639 10640
f 10633 10634 10638 10637
f 10634 10635 10639 10638
f 10635 10636 10640 10639
f 10636 10633 10637 10640
o Box1330
v 19.7779 -8.53452 13.3163
v 21.7348 -7.35471 13.476
v 21.2981 -6.63993 13.5465
v 19.3412 -7.81974 13.3867
v 19.7779 -8.53452 13.3163
v 21.7348 -7.35471 13.476
v 21.2981 -6.63993 13.5465
v 19.3412 -7.81974 13.3868
f 10641 10642 10643 10644
f 10645 10646 10647 10648
f 10641 10642 10646 10645
f 10642 10643 10647 10646
f 10643 10644 10648 10647
f 10644 10641 10645 10648
o Box1331
v 17.9407 -8.24918 12.9789
v 19.9483 -7.53283 13.4725
v 19.5957 -6.78561 13.822
v 17.5882 -7.50196 13.3284
v 17.9407 -8.2492 12.9789
v 19.9483 -7.53285 13.4725
v 19.5957 -6.78564 13.8221
v 17.5882 -7.50199 13.3285
f 10649 10650 10651 10652
f 10653 10654 10655 10656
f 10649 10650 10654 10653
f 10650 10651 10655 10654
f 10651 10652 10656 10655
f 10652 10649 10653 10656
o Box1332
v 17.9959 -7.31142 13.216
v 19.8763 -6.71039 13.9155
v 19.4872 -6.15603 14.485
v 17.6069 -6.75705 13.7855
v 17.9959 -7.31143 13.216
v 19.8763 -6.71041 13.9155
v 19.4872 -6.15604 14.485
v 17.6069 -6.75706 13.7855
f 10657 10658 10659 10660
f 10661 10662 10663 10664
f 10657 10658 10662 10661
f 10658 10659 10663 10662
f 10659 10660 10664 10663
f 10660 10657 10661 10664
o Box1333
v 17.919 -6.26946 13.7417
v 20.022 -5.94557 14.6679
v 19.0854 -5.41706 16.6098
v 16.9824 -5.74095 15.6836
v 17.9248 -6.47571 13.8006
v 20.0278 -6.15182 14.7268
v 19.0912 -5.62331 16.6687
v 16.9882 -5.9472 15.7425
f 10665 10666 10667 10668
f 10669 10670 10671 10672
f 10665 10666 10670 10669
f 10666 10667 10671 10670
f 10667 10668 10672 10671
f 10668 10665 10669 10672
o Box1334
v 17.7799 -5.64555 14.6623
v 19.8942 -5.6355 15.5393
v 19.058 -5.89307 17.558
v 16.9437 -5.90312 16.6809
v 17.7905 -5.86098 14.6392
v 19.9048 -5.85093 15.5163
v 19.0686 -6.10849 17.5349
v 16.9543 -6.11854 16.6579
f 10673 10674 10675 10676
f 10677 10678 10679 10680
f 10673 10674 10678 10677
f 10674 10675 10679 10678
f 10675 10676 10680 10679
f 10676 10673 10677 10680
o Box1335
v 17.7202 -6.31104 14.2075
v 19.5291 -5.91377 15.0781
v 19.1232 -5.57603 15.7673
v 17.3143 -5.97331 14.8968
v 17.7202 -6.31113 14.2075
v 19.5291 -5.91385 15.0781
v 19.1232 -5.57612 15.7674
v 17.3143 -5.97339 14.8968
f 10681 10682 10683 10684
f 10685 10686 10687 10688
f 10681 10682 10686 10685
f 10682 10683 10687 10686
f 10683 10684 10688 10687
f 10684 10681 10685 10688
o Box1336
v 17.7758 -6.18806 13.9633
v 19.7958 -5.99736 14.5192
v 19.2344 -5.51315 16.3934
v 17.2144 -5.70384 15.8375
v 17.7796 -6.36328 14.0097
v 19.7996 -6.17259 14.5656
v 19.2382 -5.68838 16.4398
v 17.2181 -5.87907 15.8839
f 10689 10690 10691 10692
f 10693 10694 10695 10696
f 10689 10690 10694 10693
f 10690 10691 10695 10694
f 10691 10692 10696 10695
f 10692 10689 10693 10696
o Box1337
v 17.63 -5.9104 15.0268
v 19.4519 -5.76853 15.9362
v 19.0509 -5.69409 16.7279
v 17.229 -5.83596 15.8184
v 17.63 -5.91043 15.0268
v 19.4519 -5.76856 15.9362
v 19.0509 -5.69412 16.7279
v 17.229 -5.836 15.8184
f 10697 10698 10699 10700
f 10701 10702 10703 10704
f 10697 10698 10702 10701
f 10698 10699 10703 10702
f 10699 10700 10704 10703
f 10700 10697 10701 10704
o Box1338
v 17.978 -6.50505 13.7552
v 19.7895 -6.09807 14.6129
v 19.3838 -5.7929 15.3248
v 17.5724 -6.19987 14.467
v 17.978 -6.50506 13.7552
v 19.7895 -6.09808 14.6129
v 19.3838 -5.79291 15.3248
v 17.5724 -6.19989 14.467
f 10705 10706 10707 10708
f 10709 10710 10711 10712
f 10705 10706 10710 10709
f 10706 10707 10711 10710
f 10707 10708 10712 10711
f 10708 10705 10709 10712
o Box1339
v 17.4948 -5.81398 15.9281
v 19.395 -5.91375 16.7888
v 19.021 -6.1311 17.5893
v 17.1208 -6.03134 16.7286
v 17.4948 -5.81401 15.9281
v 19.395 -5.91377 16.7888
v 19.021 -6.13113 17.5893
v 17.1208 -6.03136 16.7286
f 10713 10714 10715 10716
f 10717 10718 10719 10720
f 10713 10714 10718 10717
f 10714 10715 10719 10718
f 10715 10716 10720 10719
f 10716 10713 10717 10720
o Box1340
v 18.0332 -5.68608 14.419
v 20.1137 -5.66983 15.8051
v 19.2298 -5.80022 17.1333
v 17.1493 -5.81647 15.7472
v 18.0435 -5.88958 14.4059
v 20.124 -5.87333 15.792
v 19.2401 -6.00371 17.1202
v 17.1596 -6.01996 15.7341
f 10721 10722 10723 10724
f 10725 10726 10727 10728
f 10721 10722 10726 10725
f 10722 10723 10727 10726
f 10723 10724 10728 10727
f 10724 10721 10725 10728
o Box1341
v 17.8873 -5.9292 14.5327
v 19.6989 -5.76925 15.4702
v 19.298 -5.73999 16.2399
v 17.4864 -5.89994 15.3025
v 17.8873 -5.92921 14.5327
v 19.6989 -5.76927 15.4702
v 19.298 -5.74001 16.2399
v 17.4864 -5.89995 15.3025
f 10729 10730 10731 10732
f 10733 10734 10735 10736
f 10729 10730 10734 10733
f 10730 10731 10735 10734
f 10731 10732 10736 10735
f 10732 10729 10733 10736
o Box1342
v 17.7356 -5.65513 15.4549
v 19.6173 -5.75486 16.379
v 19.2401 -6.00369 17.1202
v 17.3585 -5.90396 16.1961
v 17.7356 -5.65517 15.4549
v 19.6173 -5.7549 16.379
v 19.2402 -6.00373 17.1202
v 17.3585 -5.904 16.1961
f 10737 10738 10739 10740
f 10741 10742 10743 10744
f 10737 10738 10742 10741
f 10738 10739 10743 10742
f 10739 10740 10744 10743
f 10740 10737 10741 10744
o Box1343
v 15.2239 -8.86542 17.3144
v 19.6589 -11.9326 18.6026
v 22.4246 -8.21565 17.9311
v 17.9896 -5.14844 16.6429
v 15.1207 -8.61793 18.2591
v 19.5556 -11.6851 19.5473
v 22.3214 -7.96816 18.8758
v 17.8864 -4.90095 17.5875
f 10745 10746 10747 10748
f 10749 10750 10751 10752
f 10745 10746 10750 10749
f 10746 10747 10751 10750
f 10747 10748 10752 10751
f 10748 10745 10749 10752
o Box1344
v 14.2206 -10.7081 14.3759
v 22.4574 -10.1286 14.6935
v 22.2208 -8.90666 18.5998
v 13.984 -9.48609 18.2823
v 14.2861 -11.8348 14.7324
v 22.5229 -11.2554 15.0499
v 22.2864 -10.0334 18.9562
v 14.0496 -10.6128 18.6387
f 10753 10754 10755 10756
f 10757 10758 10759 10760
f 10753 10754 10758 10757
f 10754 10755 10759 10758
f 10755 10756 10760 10759
f 10756 10753 10757 10760
o Box1345
v 16.6887 -8.20259 18.1856
v 19.1811 -8.54247 18.8103
v 19.9158 -6.15214 17.18
v 17.4234 -5.81226 16.5552
v 16.6394 -7.96515 18.5114
v 19.1318 -8.30503 19.1362
v 19.8664 -5.9147 17.5059
v 17.374 -5.57482 16.8811
f 10761 10762 10763 10764
f 10765 10766 10767 10768
f 10761 10762 10766 10765
f 10762 10763 10767 10766
f 10763 10764 10768 10767
f 10764 10761 10765 10768
o Box1346
v 16.7707 -9.90396 17.7331
v 21.8656 -10.1648 18.1852
v 21.9758 -7.43365 18.5195
v 16.8808 -7.17285 18.0674
v 16.7321 -9.95223 18.1402
v 21.827 -10.213 18.5923
v 21.9372 -7.48192 18.9266
v 16.8423 -7.22112 18.4745
f 10769 10770 10771 10772
f 10773 10774 10775 10776
f 10769 10770 10774 10773
f 10770 10771 10775 10774
f 10771 10772 10776 10775
f 10772 10769 10773 10776
o Box1347
v 16.2079 -8.01755 17.9262
v 18.8895 -8.98158 18.9048
v 20.0128 -6.99745 17.7813
v 17.3311 -6.03341 16.8027
v 16.1603 -7.78953 18.2813
v 18.8419 -8.75356 19.2599
v 19.9652 -6.76942 18.1364
v 17.2835 -5.80539 17.1578
f 10777 10778 10779 10780
f 10781 10782 10783 10784
f 10777 10778 10782 10781
f 10778 10779 10783 10782
f 10779 10780 10784 10783
f 10780 10777 10781 10784
o Box1348
v 16.9069 -6.70304 17.3878
v 19.2319 -7.31941 18.3682
v 19.9499 -6.24227 17.3425
v 17.625 -5.6259 16.3621
v 16.8867 -6.55543 17.5286
v 19.2116 -7.17181 18.509
v 19.9297 -6.09467 17.4834
v 17.6047 -5.47829 16.503
f 10785 10786 10787 10788
f 10789 10790 10791 10792
f 10785 10786 10790 10789
f 10786 10787 10791 10790
f 10787 10788 10792 10791
f 10788 10785 10789 10792
o Box1349
v 17.3311 -6.03338 16.8028
v 19.3631 -6.33142 17.5507
v 19.0318 -6.83253 18.2512
v 16.9998 -6.53449 17.5032
v 17.3311 -6.03342 16.8027
v 19.3632 -6.33146 17.5507
v 19.0318 -6.83257 18.2512
v 16.9998 -6.53453 17.5032
f 10793 10794 10795 10796
f 10797 10798 10799 10800
f 10793 10794 10798 10797
f 10794 10795 10799 10798
f 10795 10796 10800 10799
f 10796 10793 10797 10800
o Box1350
v 16.6142 -8.14249 18.1715
v 19.1064 -8.76268 18.7534
v 19.6508 -7.16245 18.127
v 17.1586 -6.54226 17.5452
v 16.5907 -8.06118 18.3588
v 19.0829 -8.68137 18.9407
v 19.6273 -7.08114 18.3144
v 17.1351 -6.46095 17.7325
f 10801 10802 10803 10804
f 10805 10806 10807 10808
f 10801 10802 10806 10805
f 10802 10803 10807 10806
f 10803 10804 10808 10807
f 10804 10801 10805 10808
o Box1351
v 16.8775 -7.27505 18.0432
v 19.0798 -7.71586 18.6376
v 19.3609 -6.98307 18.1396
v 17.1586 -6.54226 17.5452
v 16.8775 -7.275 18.0433
v 19.0798 -7.71581 18.6377
v 19.3609 -6.98303 18.1397
v 17.1586 -6.54222 17.5452
f 10809 10810 10811 10812
f 10813 10814 10815 10816
f 10809 10810 10814 10813
f 10810 10811 10815 10814
f 10811 10812 10816 10815
f 10812 10809 10813 10816
o Box1352
v 16.7681 -8.15498 18.2868
v 19.1602 -8.67816 18.7028
v 19.3902 -7.80229 18.4818
v 16.9981 -7.27911 18.0658
v 16.7681 -8.15497 18.2869
v 19.1602 -8.67815 18.7029
v 19.3902 -7.80227 18.4819
v 16.9981 -7.2791 18.0659
f 10817 10818 10819 10820
f 10821 10822 10823 10824
f 10817 10818 10822 10821
f 10818 10819 10823 10822
f 10819 10820 10824 10823
f 10820 10817 10821 10824
o Box1353
v 17.5438 -5.71693 16.4103
v 19.5561 -6.04784 17.2337
v 19.2172 -6.55224 17.8593
v 17.2048 -6.22133 17.0359
v 17.5438 -5.71697 16.4103
v 19.5561 -6.04789 17.2337
v 19.2172 -6.55229 17.8593
v 17.2048 -6.22137 17.0358
f 10825 10826 10827 10828
f 10829 10830 10831 10832
f 10825 10826 10830 10829
f 10826 10827 10831 10830
f 10827 10828 10832 10831
f 10828 10825 10829 10832
o Box1354
v 17.0457 -6.81669 17.711
v 19.2319 -7.31944 18.3681
v 19.5238 -6.61026 17.9396
v 17.3376 -6.1075 17.2824
v 17.0457 -6.81665 17.711
v 19.2319 -7.3194 18.3682
v 19.5238 -6.61022 17.9396
v 17.3376 -6.10746 17.2824
f 10833 10834 10835 10836
f 10837 10838 10839 10840
f 10833 10834 10838 10837
f 10834 10835 10839 10838
f 10835 10836 10840 10839
f 10836 10833 10837 10840
o Box1355
v 16.7667 -9.91088 17.7829
v 19.4634 -9.96798 18.0741
v 19.4913 -7.30402 18.3379
v 16.7947 -7.24692 18.0466
v 16.728 -9.94531 18.1347
v 19.4246 -10.0024 18.4259
v 19.4526 -7.33844 18.6897
v 16.7559 -7.28135 18.3984
f 10841 10842 10843 10844
f 10845 10846 10847 10848
f 10841 10842 10846 10845
f 10842 10843 10847 10846
f 10843 10844 10848 10847
f 10844 10841 10845 10848
o Box1356
v 16.8831 -10.1262 17.9039
v 22.0037 -9.76546 18.2504
v 21.8469 -8.00944 18.7387
v 16.7264 -8.37014 18.3923
v 16.8752 -10.1731 18.0701
v 21.9957 -9.81237 18.4165
v 21.839 -8.05634 18.9048
v 16.7184 -8.41704 18.5584
f 10849 10850 10851 10852
f 10853 10854 10855 10856
f 10849 10850 10854 10853
f 10850 10851 10855 10854
f 10851 10852 10856 10855
f 10852 10849 10853 10856
o Box1357
v 16.5226 -9.83927 17.749
v 19.3593 -10.4598 17.8627
v 19.7055 -8.77565 18.4158
v 16.8689 -8.15513 18.3021
v 16.502 -9.89818 17.9413
v 19.3387 -10.5187 18.055
v 19.6849 -8.83456 18.6081
v 16.8483 -8.21404 18.4944
f 10857 10858 10859 10860
f 10861 10862 10863 10864
f 10857 10858 10862 10861
f 10858 10859 10863 10862
f 10859 10860 10864 10863
f 10860 10857 10861 10864
o Box1358
v 16.6821 -8.33508 18.1015
v 19.3629 -9.12432 18.4848
v 19.8593 -7.49432 18.3691
v 17.1785 -6.70508 17.9858
v 16.6595 -8.3139 18.3029
v 19.3403 -9.10315 18.6863
v 19.8367 -7.47315 18.5706
v 17.156 -6.6839 18.1872
f 10865 10866 10867 10868
f 10869 10870 10871 10872
f 10865 10866 10870 10869
f 10866 10867 10871 10870
f 10867 10868 10872 10871
f 10868 10865 10869 10872
o Box1359
v 16.686 -9.06463 18.211
v 19.2661 -9.60585 18.4366
v 19.4489 -8.69634 18.5276
v 16.8689 -8.15513 18.3021
v 16.686 -9.06463 18.2111
v 19.2661 -9.60585 18.4366
v 19.4489 -8.69634 18.5277
v 16.8689 -8.15513 18.3021
f 10873 10874 10875 10876
f 10877 10878 10879 10880
f 10873 10874 10878 10877
f 10874 10875 10879 10878
f 10875 10876 10880 10879
f 10876 10873 10877 10880
o Box1360
v 16.6431 -9.89453 17.8308
v 19.3869 -10.3868 17.8683
v 19.5304 -9.55688 18.2627
v 16.7866 -9.06464 18.2252
v 16.6431 -9.89455 17.8309
v 19.3869 -10.3868 17.8683
v 19.5304 -9.5569 18.2627
v 16.7866 -9.06466 18.2253
f 10881 10882 10883 10884
f 10885 10886 10887 10888
f 10881 10882 10886 10885
f 10882 10883 10887 10886
f 10883 10884 10888 10887
f 10884 10881 10885 10888
o Box1361
v 16.901 -7.61468 18.1335
v 19.2825 -8.21266 18.5854
v 19.5243 -7.3772 18.4167
v 17.1428 -6.77922 17.9648
v 16.901 -7.61465 18.1337
v 19.2825 -8.21264 18.5855
v 19.5242 -7.37717 18.4168
v 17.1427 -6.77919 17.9649
f 10889 10890 10891 10892
f 10893 10894 10895 10896
f 10889 10890 10894 10893
f 10890 10891 10895 10894
f 10891 10892 10896 10895
f 10892 10889 10893 10896
o Box1362
v 16.7885 -8.51381 18.2504
v 19.3629 -9.12432 18.4848
v 19.5564 -8.26073 18.6093
v 16.982 -7.65022 18.3748
v 16.7885 -8.51381 18.2504
v 19.3629 -9.12433 18.4849
v 19.5563 -8.26074 18.6093
v 16.982 -7.65022 18.3749
f 10897 10898 10899 10900
f 10901 10902 10903 10904
f 10897 10898 10902 10901
f 10898 10899 10903 10902
f 10899 10900 10904 10903
f 10900 10897 10901 10904
o Box1363
v 16.7219 -9.40056 18.0485
v 19.4634 -9.9444 18.0785
v 19.6148 -9.1581 18.4922
v 16.8733 -8.61427 18.4623
v 16.7219 -9.40061 18.0486
v 19.4634 -9.94445 18.0786
v 19.6148 -9.15816 18.4923
v 16.8733 -8.61432 18.4624
f 10905 10906 10907 10908
f 10909 10910 10911 10912
f 10905 10906 10910 10909
f 10906 10907 10911 10910
f 10907 10908 10912 10911
f 10908 10905 10909 10912
o Box1364
v 19.2602 -9.12183 18.4833
v 21.8952 -9.18567 18.5208
v 21.9162 -8.25933 18.6217
v 19.2812 -8.19549 18.5842
v 19.2602 -9.12184 18.4833
v 21.8952 -9.18568 18.5209
v 21.9162 -8.25934 18.6218
v 19.2812 -8.1955 18.5842
f 10913 10914 10915 10916
f 10917 10918 10919 10920
f 10913 10914 10918 10917
f 10914 10915 10919 10918
f 10915 10916 10920 10919
f 10916 10913 10917 10920
o Box1365
v 14.0874 -10.6219 14.6832
v 19.8044 -10.8078 14.4664
v 19.9706 -9.87751 18.0512
v 14.2536 -9.69158 18.2681
v 14.0723 -11.2906 14.8575
v 19.7893 -11.4765 14.6407
v 19.9555 -10.5462 18.2255
v 14.2385 -10.3603 18.4423
f 10921 10922 10923 10924
f 10925 10926 10927 10928
f 10921 10922 10926 10925
f 10922 10923 10927 10926
f 10923 10924 10928 10927
f 10924 10921 10925 10928
o Box1366
v 17.5858 -10.2117 16.4271
v 21.2738 -10.6564 13.4907
v 23.8271 -9.06887 16.457
v 20.1392 -8.6241 19.3934
v 17.765 -11.1997 16.8017
v 21.4529 -11.6445 13.8653
v 24.0062 -10.057 16.8316
v 20.3183 -9.61219 19.7681
f 10929 10930 10931 10932
f 10933 10934 10935 10936
f 10929 10930 10934 10933
f 10930 10931 10935 10934
f 10931 10932 10936 10935
f 10932 10929 10933 10936
o Box1367
v 14.1629 -10.6613 15.2594
v 19.7675 -10.9965 15.502
v 19.7158 -10.0747 17.9726
v 14.1111 -9.73949 17.73
v 14.1293 -11.1039 15.4239
v 19.734 -11.4392 15.6664
v 19.6822 -10.5173 18.137
v 14.0776 -10.1821 17.8945
f 10937 10938 10939 10940
f 10941 10942 10943 10944
f 10937 10938 10942 10941
f 10938 10939 10943 10942
f 10939 10940 10944 10943
f 10940 10937 10941 10944
o Box1368
v 16.5159 -10.6439 14.6014
v 19.7905 -10.7258 14.3726
v 20.0672 -9.88417 18.0321
v 16.7926 -9.80226 18.2609
v 16.5098 -11.328 14.7591
v 19.7844 -11.4099 14.5304
v 20.0611 -10.5682 18.1899
v 16.7865 -10.4863 18.4187
f 10945 10946 10947 10948
f 10949 10950 10951 10952
f 10945 10946 10950 10949
f 10946 10947 10951 10950
f 10947 10948 10952 10951
f 10948 10945 10949 10952
o Box1369
v 14.1197 -10.5052 15.5859
v 17.0246 -11.0502 15.4645
v 17.074 -10.9906 16.3791
v 14.1691 -10.4456 16.5005
v 14.1197 -10.5052 15.5859
v 17.0246 -11.0502 15.4645
v 17.074 -10.9906 16.3791
v 14.1691 -10.4456 16.5005
f 10953 10954 10955 10956
f 10957 10958 10959 10960
f 10953 10954 10958 10957
f 10954 10955 10959 10958
f 10955 10956 10960 10959
f 10956 10953 10957 10960
o Box1370
v 16.2829 -10.831 15.5294
v 19.6292 -11.1632 14.972
v 20.1075 -10.2303 17.2873
v 16.7612 -9.89799 17.8447
v 16.2707 -11.2218 15.6894
v 19.617 -11.554 15.132
v 20.0953 -10.6211 17.4473
v 16.749 -10.2888 18.0047
f 10961 10962 10963 10964
f 10965 10966 10967 10968
f 10961 10962 10966 10965
f 10962 10963 10967 10966
f 10963 10964 10968 10967
f 10964 10961 10965 10968
o Box1371
v 16.5173 -10.8521 16.3573
v 19.5996 -11.2055 16.0787
v 19.8434 -10.2513 17.5661
v 16.7612 -9.89799 17.8447
v 16.5079 -11.0207 16.467
v 19.5902 -11.374 16.1884
v 19.834 -10.4199 17.6757
v 16.7517 -10.0665 17.9544
f 10969 10970 10971 10972
f 10973 10974 10975 10976
f 10969 10970 10974 10973
f 10970 10971 10975 10974
f 10971 10972 10976 10975
f 10972 10969 10973 10976
o Box1372
v 16.7829 -11.0508 15.4924
v 19.7029 -11.0439 15.1553
v 19.8059 -10.9483 16.0499
v 16.8859 -10.9552 16.387
v 16.7829 -11.0509 15.4924
v 19.7029 -11.044 15.1553
v 19.8059 -10.9485 16.0499
v 16.8859 -10.9553 16.387
f 10977 10978 10979 10980
f 10981 10982 10983 10984
f 10977 10978 10982 10981
f 10978 10979 10983 10982
f 10979 10980 10984 10983
f 10980 10977 10981 10984
o Box1373
v 16.6458 -10.5472 17.1957
v 19.5095 -10.925 17.0646
v 19.6249 -10.2758 17.7136
v 16.7612 -9.89799 17.8447
v 16.6458 -10.5472 17.1957
v 19.5095 -10.925 17.0646
v 19.6249 -10.2758 17.7136
v 16.7612 -9.89801 17.8447
f 10985 10986 10987 10988
f 10989 10990 10991 10992
f 10985 10986 10990 10989
f 10986 10987 10991 10990
f 10987 10988 10992 10991
f 10988 10985 10989 10992
o Box1374
v 16.6944 -10.9472 16.3837
v 19.6194 -11.1536 16.122
v 19.7207 -10.7609 16.9446
v 16.7957 -10.5546 17.2063
v 16.6944 -10.9474 16.3838
v 19.6194 -11.1538 16.1221
v 19.7207 -10.7611 16.9447
v 16.7957 -10.5548 17.2064
f 10993 10994 10995 10996
f 10997 10998 10999 11000
f 10993 10994 10998 10997
f 10994 10995 10999 10998
f 10995 10996 11000 10999
f 10996 10993 10997 11000
o Box1375
v 15.5409 -11.0521 15.4403
v 17.3226 -10.0989 19.1571
v 21.0505 -10.5681 17.4904
v 19.2688 -11.5213 13.7736
v 15.5456 -10.5483 15.3089
v 17.3273 -9.59514 19.0256
v 21.0551 -10.0643 17.359
v 19.2735 -11.0175 13.6422
f 11001 11002 11003 11004
f 11005 11006 11007 11008
f 11001 11002 11006 11005
f 11002 11003 11007 11006
f 11003 11004 11008 11007
f 11004 11001 11005 11008
o Box1376
v 16.4533 -10.6762 15.4232
v 19.819 -10.7263 14.7803
v 20.2993 -10.4194 17.2712
v 16.9336 -10.3693 17.9141
v 16.4568 -11.0979 15.4745
v 19.8225 -11.148 14.8316
v 20.3028 -10.8411 17.3225
v 16.9371 -10.791 17.9654
f 11009 11010 11011 11012
f 11013 11014 11015 11016
f 11009 11010 11014 11013
f 11010 11011 11015 11014
f 11011 11012 11016 11015
f 11012 11009 11013 11016
o Box1377
v 16.8999 -10.8478 14.6267
v 19.7487 -10.608 14.2821
v 19.8698 -10.812 15.141
v 17.021 -11.0517 15.4857
v 16.8999 -10.8478 14.6267
v 19.7487 -10.6081 14.282
v 19.8698 -10.812 15.141
v 17.021 -11.0518 15.4857
f 11017 11018 11019 11020
f 11021 11022 11023 11024
f 11017 11018 11022 11021
f 11018 11019 11023 11022
f 11019 11020 11024 11023
f 11020 11017 11021 11024
o Box1378
v 16.7089 -10.1649 17.5552
v 19.5719 -10.5739 17.4154
v 19.6914 -9.96344 18.0774
v 16.8284 -9.55441 18.2172
v 16.7089 -10.165 17.5553
v 19.5719 -10.574 17.4155
v 19.6914 -9.9635 18.0775
v 16.8284 -9.55447 18.2172
f 11025 11026 11027 11028
f 11029 11030 11031 11032
f 11025 11026 11030 11029
f 11026 11027 11031 11030
f 11027 11028 11032 11031
f 11028 11025 11029 11032
o Box1379
v 16.6377 -10.8395 16.0505
v 19.7611 -10.99 15.6606
v 19.9958 -10.5087 17.3549
v 16.8724 -10.3582 17.7448
v 16.6352 -11.0341 16.1061
v 19.7586 -11.1846 15.7162
v 19.9933 -10.7033 17.4105
v 16.8699 -10.5528 17.8004
f 11033 11034 11035 11036
f 11037 11038 11039 11040
f 11033 11034 11038 11037
f 11034 11035 11039 11038
f 11035 11036 11040 11039
f 11036 11033 11037 11040
o Box1380
v 16.9696 -10.9372 15.0875
v 19.8189 -10.7263 14.7803
v 19.9324 -10.9791 15.6591
v 17.0831 -11.19 15.9663
v 16.9696 -10.9373 15.0875
v 19.819 -10.7264 14.7803
v 19.9324 -10.9792 15.659
v 17.0831 -11.1901 15.9662
f 11041 11042 11043 11044
f 11045 11046 11047 11048
f 11041 11042 11046 11045
f 11042 11043 11047 11046
f 11043 11044 11048 11047
f 11044 11041 11045 11048
o Box1381
v 16.7506 -10.7133 16.8342
v 19.6753 -10.937 16.5757
v 19.7764 -10.5803 17.4115
v 16.8518 -10.3566 17.67
v 16.7506 -10.7134 16.8343
v 19.6753 -10.9371 16.5758
v 19.7764 -10.5804 17.4116
v 16.8518 -10.3567 17.6701
f 11049 11050 11051 11052
f 11053 11054 11055 11056
f 11049 11050 11054 11053
f 11050 11051 11055 11054
f 11051 11052 11056 11055
f 11052 11049 11053 11056
o Box1382
v 16.8414 -10.9806 15.9762
v 19.7611 -10.99 15.6606
v 19.8598 -10.9337 16.5723
v 16.9402 -10.9243 16.8879
v 16.8414 -10.9807 15.9762
v 19.7611 -10.99 15.6606
v 19.8598 -10.9338 16.5723
v 16.9402 -10.9244 16.8879
f 11057 11058 11059 11060
f 11061 11062 11063 11064
f 11057 11058 11062 11061
f 11058 11059 11063 11062
f 11059 11060 11064 11063
f 11060 11057 11061 11064
o Box1383
v 19.0332 -10.8258 16.5859
v 22.3018 -10.8155 16.0135
v 22.6297 -9.09752 17.9172
v 19.3612 -9.10783 18.4896
v 19.0823 -11.1393 16.8603
v 22.3509 -11.129 16.288
v 22.6788 -9.41101 18.1917
v 19.4102 -9.42133 18.764
f 11065 11066 11067 11068
f 11069 11070 11071 11072
f 11065 11066 11070 11069
f 11066 11067 11071 11070
f 11067 11068 11072 11071
f 11068 11065 11069 11072
o Box1384
v 19.2557 -10.7772 14.916
v 22.2254 -10.0792 14.2409
v 22.6431 -10.2351 15.9174
v 19.6735 -10.9331 16.5924
v 19.2954 -10.9735 14.8878
v 22.2651 -10.2755 14.2127
v 22.6829 -10.4313 15.8892
v 19.7132 -11.1293 16.5643
f 11073 11074 11075 11076
f 11077 11078 11079 11080
f 11073 11074 11078 11077
f 11074 11075 11079 11078
f 11075 11076 11080 11079
f 11076 11073 11077 11080
o Box1385
v 19.2617 -10.5299 17.3866
v 22.2629 -10.5011 17.0789
v 22.3624 -9.07905 18.1818
v 19.3612 -9.10783 18.4896
v 19.279 -10.653 17.5438
v 22.2802 -10.6242 17.236
v 22.3797 -9.20213 18.339
v 19.3785 -9.23092 18.6467
f 11081 11082 11083 11084
f 11085 11086 11087 11088
f 11081 11082 11086 11085
f 11082 11083 11087 11086
f 11083 11084 11088 11087
f 11084 11081 11085 11088
o Box1386
v 19.4836 -10.9588 16.6062
v 22.3564 -10.6345 16.1499
v 22.4427 -10.2403 16.9735
v 19.5699 -10.5645 17.4298
v 19.4836 -10.9588 16.6062
v 22.3564 -10.6345 16.1499
v 22.4427 -10.2403 16.9735
v 19.5699 -10.5645 17.4298
f 11089 11090 11091 11092
f 11093 11094 11095 11096
f 11089 11090 11094 11093
f 11090 11091 11095 11094
f 11091 11092 11096 11095
f 11092 11089 11093 11096
o Box1387
v 19.3427 -9.94501 18.0853
v 22.1153 -9.93061 17.9286
v 22.1338 -9.09342 18.3329
v 19.3612 -9.10783 18.4896
v 19.3427 -9.94503 18.0853
v 22.1153 -9.93063 17.9286
v 22.1338 -9.09344 18.3329
v 19.3612 -9.10784 18.4896
f 11097 11098 11099 11100
f 11101 11102 11103 11104
f 11097 11098 11102 11101
f 11098 11099 11103 11102
f 11099 11100 11104 11103
f 11100 11097 11101 11104
o Box1388
v 19.4198 -10.5818 17.433
v 22.2754 -10.4345 17.1053
v 22.3171 -9.78319 17.7609
v 19.4614 -9.9305 18.0885
v 19.4198 -10.5819 17.433
v 22.2755 -10.4346 17.1053
v 22.3171 -9.78327 17.7609
v 19.4614 -9.93058 18.0886
f 11105 11106 11107 11108
f 11109 11110 11111 11112
f 11105 11106 11110 11109
f 11106 11107 11111 11110
f 11107 11108 11112 11111
f 11108 11105 11109 11112
o Box1389
v 19.5268 -11.034 15.7043
v 22.3475 -10.5051 15.1783
v 22.4942 -10.4042 16.0664
v 19.6735 -10.9331 16.5924
v 19.5268 -11.034 15.7043
v 22.3475 -10.5052 15.1783
v 22.4942 -10.4043 16.0665
v 19.6735 -10.9332 16.5924
f 11113 11114 11115 11116
f 11117 11118 11119 11120
f 11113 11114 11118 11117
f 11114 11115 11119 11118
f 11115 11116 11120 11119
f 11116 11113 11117 11120
o Box1390
v 19.544 -10.8015 14.8337
v 22.2489 -10.0614 14.3094
v 22.4646 -10.2519 15.1534
v 19.7597 -10.992 15.6777
v 19.544 -10.8016 14.8336
v 22.2489 -10.0615 14.3094
v 22.4646 -10.252 15.1534
v 19.7597 -10.9921 15.6776
f 11121 11122 11123 11124
f 11125 11126 11127 11128
f 11121 11122 11126 11125
f 11122 11123 11127 11126
f 11123 11124 11128 11127
f 11124 11121 11125 11128
o Box1391
v 20.07 -11.1409 12.2538
v 17.0511 -6.19365 14.1795
v 17.6707 -7.83007 19.3549
v 20.6896 -12.7773 17.4291
v 25.1219 -8.18631 12.5832
v 22.103 -3.23907 14.5089
v 22.7227 -4.8755 19.6842
v 25.7416 -9.82274 17.7585
f 11129 11130 11131 11132
f 11133 11134 11135 11136
f 11129 11130 11134 11133
f 11130 11131 11135 11134
f 11131 11132 11136 11135
f 11132 11129 11133 11136
o Box1392
v 23.2693 -9.47793 13.1469
v 21.664 -3.17629 14.1898
v 22.9714 -3.70926 19.4223
v 24.5766 -10.0109 18.3794
v 28.9645 -7.81963 11.8928
v 27.3593 -1.51799 12.9358
v 28.6667 -2.05096 18.1683
v 30.2719 -8.3526 17.1253
f 11137 11138 11139 11140
f 11141 11142 11143 11144
f 11137 11138 11142 11141
f 11138 11139 11143 11142
f 11139 11140 11144 11143
f 11140 11137 11141 11144
o Box1393
v 20.2579 -10.0395 11.79
v 19.6528 -12.0702 17.4597
v 25.0851 -10.3795 18.645
v 25.6902 -8.3488 12.9754
v 19.0057 -6.74872 12.8351
v 18.4005 -8.7794 18.5047
v 23.8329 -7.08866 19.69
v 24.438 -5.05798 14.0204
f 11145 11146 11147 11148
f 11149 11150 11151 11152
f 11145 11146 11150 11149
f 11146 11147 11151 11150
f 11147 11148 11152 11151
f 11148 11145 11149 11152
o Box1394
v 18.4391 -8.48289 13.5794
v 19.9411 -9.55707 19.3138
v 24.6887 -7.71834 18.4147
v 23.1867 -6.64415 12.6803
v 17.5397 -5.79951 14.3177
v 19.0416 -6.87369 20.052
v 23.7893 -5.03496 19.1529
v 22.2873 -3.96078 13.4186
f 11153 11154 11155 11156
f 11157 11158 11159 11160
f 11153 11154 11158 11157
f 11154 11155 11159 11158
f 11155 11156 11160 11159
f 11156 11153 11157 11160
o Box1395
v 22.1173 -12.8938 15.3638
v 26.2717 -8.76255 14.257
v 22.7615 -5.78104 12.2103
v 18.6071 -9.91231 13.3171
v 21.8486 -12.2482 16.7651
v 26.003 -8.11693 15.6583
v 22.4928 -5.13542 13.6116
v 18.3384 -9.2667 14.7184
f 11161 11162 11163 11164
f 11165 11166 11167 11168
f 11161 11162 11166 11165
f 11162 11163 11167 11166
f 11163 11164 11168 11167
f 11164 11161 11165 11168
o Box1396
v 19.5455 -10.933 14.9395
v 24.9085 -9.49003 14.6735
v 24.4411 -7.03767 18.5521
v 19.078 -8.48067 18.8182
v 19.8729 -12.0163 15.6638
v 25.2359 -10.5733 15.3978
v 24.7685 -8.1209 19.2765
v 19.4054 -9.5639 19.5425
f 11169 11170 11171 11172
f 11173 11174 11175 11176
f 11169 11170 11174 11173
f 11170 11171 11175 11174
f 11171 11172 11176 11175
f 11172 11169 11173 11176
o Box1397
v 19.4616 -10.9735 14.3266
v 24.8533 -11.0862 15.7422
v 25.4883 -7.80493 13.5849
v 20.0966 -7.69223 12.1693
v 19.2425 -10.3499 15.2106
v 24.6342 -10.4626 16.6263
v 25.2693 -7.18131 14.4689
v 19.8776 -7.06862 13.0533
f 11177 11178 11179 11180
f 11181 11182 11183 11184
f 11177 11178 11182 11181
f 11178 11179 11183 11182
f 11179 11180 11184 11183
f 11180 11177 11181 11184
o Box1398
v 20.6731 -9.67343 14.6559
v 22.0505 -5.29978 13.7579
v 25.6354 -6.31196 14.3268
v 24.2581 -10.6856 15.2248
v 20.7686 -9.91555 13.6233
v 22.146 -5.5419 12.7252
v 25.7309 -6.55407 13.2941
v 24.3536 -10.9277 14.1922
f 11185 11186 11187 11188
f 11189 11190 11191 11192
f 11185 11186 11190 11189
f 11186 11187 11191 11190
f 11187 11188 11192 11191
f 11188 11185 11189 11192
o Box1399
v 21.1283 -11.8748 14.8579
v 23.7515 -8.91896 13.8147
v 21.1758 -7.05988 12.6056
v 18.5527 -10.0157 13.6488
v 21.0415 -11.5634 15.5217
v 23.6646 -8.60762 14.4785
v 21.089 -6.74853 13.2694
v 18.4658 -9.70433 14.3126
f 11193 11194 11195 11196
f 11197 11198 11199 11200
f 11193 11194 11198 11197
f 11194 11195 11199 11198
f 11195 11196 11200 11199
f 11196 11193 11197 11200
o Box1400
v 21.8393 -9.76762 14.1562
v 24.3941 -8.57171 13.704
v 25.0736 -9.32866 15.5411
v 22.5188 -10.5246 15.9934
v 21.9036 -9.94107 14.061
v 24.4584 -8.74516 13.6087
v 25.138 -9.50211 15.4459
v 22.5831 -10.698 15.8981
f 11201 11202 11203 11204
f 11205 11206 11207 11208
f 11201 11202 11206 11205
f 11202 11203 11207 11206
f 11203 11204 11208 11207
f 11204 11201 11205 11208
o Box1401
v 20.0774 -11.2294 15.1111
v 22.7534 -10.1157 14.6609
v 22.0829 -9.00236 13.4298
v 19.4069 -10.1161 13.88
v 20.0439 -11.0907 15.2548
v 22.7198 -9.97695 14.8046
v 22.0494 -8.86365 13.5735
v 19.3734 -9.97738 14.0237
f 11209 11210 11211 11212
f 11213 11214 11215 11216
f 11209 11210 11214 11213
f 11210 11211 11215 11214
f 11211 11212 11216 11215
f 11212 11209 11213 11216
o Box1402
v 20.1942 -10.0247 13.4448
v 22.5041 -8.61176 13.4539
v 21.5915 -7.11875 13.3012
v 19.2815 -8.53167 13.292
v 20.1845 -10.0102 13.6443
v 22.4944 -8.59726 13.6535
v 21.5818 -7.10424 13.5007
v 19.2719 -8.51717 13.4916
f 11217 11218 11219 11220
f 11221 11222 11223 11224
f 11217 11218 11222 11221
f 11218 11219 11223 11222
f 11219 11220 11224 11223
f 11220 11217 11221 11224
o Box1403
v 19.6879 -10.506 14.4699
v 22.2417 -9.62165 14.0675
v 22.5291 -10.1245 14.7864
v 19.9753 -11.0089 15.1887
v 19.6879 -10.506 14.4699
v 22.2417 -9.62168 14.0675
v 22.5291 -10.1246 14.7863
v 19.9753 -11.0089 15.1887
f 11225 11226 11227 11228
f 11229 11230 11231 11232
f 11225 11226 11230 11229
f 11226 11227 11231 11230
f 11227 11228 11232 11231
f 11228 11225 11229 11232
o Box1404
v 20.0369 -10.5763 14.3209
v 22.4027 -9.56292 14.0586
v 22.0494 -8.8637 13.5734
v 19.6836 -9.87709 13.8357
v 20.0369 -10.5763 14.321
v 22.4027 -9.56287 14.0587
v 22.0494 -8.86365 13.5735
v 19.6836 -9.87704 13.8358
f 11233 11234 11235 11236
f 11237 11238 11239 11240
f 11233 11234 11238 11237
f 11234 11235 11239 11238
f 11235 11236 11240 11239
f 11236 11233 11237 11240
o Box1405
v 20.0571 -9.87572 13.6494
v 22.2273 -8.78743 13.5722
v 21.8202 -7.98938 13.3765
v 19.6499 -9.07767 13.4537
v 20.057 -9.87569 13.6495
v 22.2273 -8.78741 13.5723
v 21.8202 -7.98936 13.3766
v 19.6499 -9.07764 13.4538
f 11241 11242 11243 11244
f 11245 11246 11247 11248
f 11241 11242 11246 11245
f 11242 11243 11247 11246
f 11243 11244 11248 11247
f 11244 11241 11245 11248
o Box1406
v 20.0343 -8.99051 13.2528
v 22.0241 -7.89091 13.3911
v 21.5818 -7.10424 13.5007
v 19.5919 -8.20384 13.3624
v 20.0343 -8.99051 13.2528
v 22.0241 -7.89091 13.3911
v 21.5818 -7.10424 13.5007
v 19.5919 -8.20384 13.3624
f 11249 11250 11251 11252
f 11253 11254 11255 11256
f 11249 11250 11254 11253
f 11250 11251 11255 11254
f 11251 11252 11256 11255
f 11252 11249 11253 11256
o Box1407
v 21.6585 -9.87471 14.2838
v 24.2018 -8.43653 13.4772
v 24.9739 -9.01169 14.8863
v 22.4306 -10.4499 15.693
v 21.7194 -10.0386 14.1836
v 24.2626 -8.60041 13.377
v 25.0348 -9.17557 14.7861
v 22.4915 -10.6138 15.5927
f 11257 11258 11259 11260
f 11261 11262 11263 11264
f 11257 11258 11262 11261
f 11258 11259 11263 11262
f 11259 11260 11264 11263
f 11260 11257 11261 11264
o Box1408
v 22.2892 -10.3613 15.3094
v 24.7694 -9.18892 14.6655
v 25.079 -9.38291 15.5051
v 22.5988 -10.5552 16.149
v 22.2892 -10.3613 15.3094
v 24.7694 -9.18894 14.6655
v 25.079 -9.38293 15.5051
v 22.5988 -10.5553 16.149
f 11265 11266 11267 11268
f 11269 11270 11271 11272
f 11265 11266 11270 11269
f 11266 11267 11271 11270
f 11267 11268 11272 11271
f 11268 11265 11269 11272
o Box1409
v 22.1265 -10.2919 14.8675
v 24.5932 -9.0974 14.1872
v 24.8973 -9.25537 15.0127
v 22.4306 -10.4498 15.693
v 22.1265 -10.2919 14.8674
v 24.5932 -9.09744 14.1872
v 24.8973 -9.25541 15.0127
v 22.4306 -10.4499 15.693
f 11273 11274 11275 11276
f 11277 11278 11279 11280
f 11273 11274 11278 11277
f 11274 11275 11279 11278
f 11275 11276 11280 11279
f 11276 11273 11277 11280
o Box1410
v 21.9674 -9.78397 14.139
v 24.2411 -8.43736 13.5475
v 24.649 -8.83116 14.2191
v 22.3754 -10.1778 14.8106
v 21.9675 -9.78409 14.1389
v 24.2411 -8.43747 13.5474
v 24.6491 -8.83128 14.219
v 22.3755 -10.1779 14.8105
f 11281 11282 11283 11284
f 11285 11286 11287 11288
f 11281 11282 11286 11285
f 11282 11283 11287 11286
f 11283 11284 11288 11287
f 11284 11281 11285 11288
o Box1411
v 22.5213 -10.5027 14.6228
v 24.9115 -9.29735 14.3939
v 23.7199 -7.2109 12.9375
v 21.3296 -8.41624 13.1664
v 22.4626 -10.3303 14.9179
v 24.8528 -9.12492 14.6889
v 23.6612 -7.03848 13.2325
v 21.271 -8.24382 13.4615
f 11289 11290 11291 11292
f 11293 11294 11295 11296
f 11289 11290 11294 11293
f 11290 11291 11295 11294
f 11291 11292 11296 11295
f 11292 11289 11293 11296
o Box1412
v 22.6163 -9.42666 13.1679
v 24.7496 -7.29589 13.2364
v 22.9804 -5.53227 13.4777
v 20.8471 -7.66304 13.4092
v 22.6389 -9.46308 13.5991
v 24.7722 -7.33231 13.6676
v 23.0029 -5.5687 13.909
v 20.8696 -7.69946 13.8405
f 11297 11298 11299 11300
f 11301 11302 11303 11304
f 11297 11298 11302 11301
f 11298 11299 11303 11302
f 11299 11300 11304 11303
f 11300 11297 11301 11304
o Box1413
v 22.2627 -9.69738 13.8862
v 24.3806 -7.87127 13.4548
v 23.3142 -6.75174 12.9583
v 21.1963 -8.57785 13.3897
v 22.244 -9.63088 14.0762
v 24.3619 -7.80477 13.6448
v 23.2955 -6.68525 13.1483
v 21.1776 -8.51136 13.5797
f 11305 11306 11307 11308
f 11309 11310 11311 11312
f 11305 11306 11310 11309
f 11306 11307 11311 11310
f 11307 11308 11312 11311
f 11308 11305 11309 11312
o Box1414
v 22.7323 -10.6134 15.0995
v 25.102 -9.07106 14.4981
v 24.166 -8.08819 13.3303
v 21.7962 -9.63054 13.9317
v 22.6859 -10.4858 15.2441
v 25.0557 -8.94347 14.6426
v 24.1196 -7.9606 13.4748
v 21.7498 -9.50295 14.0763
f 11313 11314 11315 11316
f 11317 11318 11319 11320
f 11313 11314 11318 11317
f 11314 11315 11319 11318
f 11315 11316 11320 11319
f 11316 11313 11317 11320
o Box1415
v 22.244 -9.63088 14.0762
v 24.3075 -8.17673 13.6449
v 23.8199 -7.61588 13.2034
v 21.7565 -9.07003 13.6347
v 22.244 -9.63086 14.0762
v 24.3074 -8.1767 13.645
v 23.8199 -7.61585 13.2034
v 21.7565 -9.07001 13.6347
f 11321 11322 11323 11324
f 11325 11326 11327 11328
f 11321 11322 11326 11325
f 11322 11323 11327 11326
f 11323 11324 11328 11327
f 11324 11321 11325 11328
o Box1416
v 22.0523 -8.87518 13.5784
v 23.9157 -7.37542 13.3646
v 23.3802 -6.73381 13.1976
v 21.5168 -8.23356 13.4114
v 22.0523 -8.87517 13.5784
v 23.9157 -7.37541 13.3647
v 23.3802 -6.7338 13.1977
v 21.5168 -8.23355 13.4114
f 11329 11330 11331 11332
f 11333 11334 11335 11336
f 11329 11330 11334 11333
f 11330 11331 11335 11334
f 11331 11332 11336 11335
f 11332 11329 11333 11336
o Box1417
v 22.1859 -9.97571 14.4973
v 24.4843 -8.67221 13.9479
v 24.8996 -9.11505 14.6344
v 22.6012 -10.4186 15.1838
v 22.1859 -9.97575 14.4973
v 24.4843 -8.67225 13.9479
v 24.8996 -9.11509 14.6344
v 22.6012 -10.4186 15.1838
f 11337 11338 11339 11340
f 11341 11342 11343 11344
f 11337 11338 11342 11341
f 11338 11339 11343 11342
f 11339 11340 11344 11343
f 11340 11337 11341 11344
o Box1418
v 22.5173 -9.97331 14.3221
v 24.6173 -8.58426 13.9226
v 24.1196 -7.96061 13.4748
v 22.0196 -9.34966 13.8743
v 22.5173 -9.9733 14.3221
v 24.6173 -8.58425 13.9226
v 24.1196 -7.9606 13.4749
v 22.0196 -9.34965 13.8743
f 11345 11346 11347 11348
f 11349 11350 11351 11352
f 11345 11346 11350 11349
f 11346 11347 11351 11350
f 11347 11348 11352 11351
f 11348 11345 11349 11352
o Box1419
v 22.1311 -9.03516 13.4082
v 24.1949 -7.92374 13.3189
v 23.2655 -6.20119 13.277
v 21.2017 -7.31261 13.3662
v 22.1352 -9.02872 13.5825
v 24.199 -7.9173 13.4933
v 23.2696 -6.19475 13.4514
v 21.2057 -7.30617 13.5406
f 11353 11354 11355 11356
f 11357 11358 11359 11360
f 11353 11354 11358 11357
f 11354 11355 11359 11358
f 11355 11356 11360 11359
f 11356 11353 11357 11360
o Box1420
v 22.2981 -8.45526 13.0267
v 24.1462 -6.68049 13.2333
v 22.9751 -5.5178 13.7208
v 21.127 -7.29257 13.5141
v 22.326 -8.50615 13.2149
v 24.174 -6.73138 13.4215
v 23.0029 -5.56869 13.909
v 21.1549 -7.34346 13.7024
f 11361 11362 11363 11364
f 11365 11366 11367 11368
f 11361 11362 11366 11365
f 11362 11363 11367 11366
f 11363 11364 11368 11367
f 11364 11361 11365 11368
o Box1421
v 21.8235 -8.00178 13.3771
v 23.524 -6.53103 13.413
v 22.9751 -5.89921 13.5301
v 21.2746 -7.36996 13.4943
v 21.8235 -8.00179 13.3772
v 23.524 -6.53104 13.413
v 22.9751 -5.89921 13.5302
v 21.2746 -7.36997 13.4943
f 11369 11370 11371 11372
f 11373 11374 11375 11376
f 11369 11370 11374 11373
f 11370 11371 11375 11374
f 11371 11372 11376 11375
f 11372 11369 11373 11376
o Box1422
v 22.3588 -9.2735 13.6654
v 24.2663 -7.85123 13.4588
v 23.7192 -7.13995 13.3034
v 21.8116 -8.56223 13.51
v 22.3587 -9.27348 13.6656
v 24.2663 -7.8512 13.459
v 23.7192 -7.13993 13.3035
v 21.8116 -8.5622 13.5101
f 11377 11378 11379 11380
f 11381 11382 11383 11384
f 11377 11378 11382 11381
f 11378 11379 11383 11382
f 11379 11380 11384 11383
f 11380 11377 11381 11384
o Box1423
v 22.1454 -8.40233 13.2909
v 23.8894 -7.00344 13.3047
v 23.3313 -6.30925 13.4541
v 21.5874 -7.70814 13.4403
v 22.1454 -8.40234 13.291
v 23.8894 -7.00345 13.3048
v 23.3313 -6.30926 13.4541
v 21.5874 -7.70815 13.4404
f 11385 11386 11387 11388
f 11389 11390 11391 11392
f 11385 11386 11390 11389
f 11386 11387 11391 11390
f 11387 11388 11392 11391
f 11388 11385 11389 11392
o Box1424
v 21.902 -7.46227 13.2424
v 23.5324 -6.14705 13.4839
v 23.0029 -5.56869 13.909
v 21.3725 -6.88391 13.6675
v 21.902 -7.46228 13.2424
v 23.5324 -6.14707 13.4839
v 23.0029 -5.5687 13.909
v 21.3725 -6.88392 13.6675
f 11393 11394 11395 11396
f 11397 11398 11399 11400
f 11393 11394 11398 11397
f 11394 11395 11399 11398
f 11395 11396 11400 11399
f 11396 11393 11397 11400
o Box1425
v 17.8498 -10.0371 16.7541
v 21.5717 -10.7678 13.9041
v 24.1089 -8.88373 16.7344
v 20.387 -8.15309 19.5845
v 18.027 -10.9907 17.23
v 21.7489 -11.7213 14.38
v 24.2861 -9.83729 17.2103
v 20.5642 -9.10665 20.0604
f 11401 11402 11403 11404
f 11405 11406 11407 11408
f 11401 11402 11406 11405
f 11402 11403 11407 11406
f 11403 11404 11408 11407
f 11404 11401 11405 11408
o Box1426
v 20.6854 -10.2522 16.1648
v 24.5196 -10.0656 14.5018
v 25.6501 -7.23168 17.426
v 21.8159 -7.41822 19.089
v 21.0231 -11.0929 16.8491
v 24.8573 -10.9064 15.186
v 25.9878 -8.07242 18.1102
v 22.1536 -8.25896 19.7733
f 11409 11410 11411 11412
f 11413 11414 11415 11416
f 11409 11410 11414 11413
f 11410 11411 11415 11414
f 11411 11412 11416 11415
f 11412 11409 11413 11416
o Box1427
v 19.0971 -10.3355 17.2071
v 22.404 -10.417 16.6043
v 22.7596 -8.59853 18.3094
v 19.4528 -8.51707 18.9122
v 19.1449 -10.6276 17.5087
v 22.4518 -10.7091 16.9059
v 22.8074 -8.89063 18.611
v 19.5005 -8.80917 19.2138
f 11417 11418 11419 11420
f 11421 11422 11423 11424
f 11417 11418 11422 11421
f 11418 11419 11423 11422
f 11419 11420 11424 11423
f 11420 11417 11421 11424
o Box1428
v 19.4062 -10.8346 15.4199
v 22.3741 -10.172 14.7992
v 22.7583 -10.2559 16.5464
v 19.7904 -10.9185 17.1671
v 19.4463 -11.0311 15.4017
v 22.4142 -10.3685 14.7809
v 22.7983 -10.4525 16.5281
v 19.8305 -11.1151 17.1489
f 11425 11426 11427 11428
f 11429 11430 11431 11432
f 11425 11426 11430 11429
f 11426 11427 11431 11430
f 11427 11428 11432 11431
f 11428 11425 11429 11432
o Box1429
v 19.2742 -10.0468 17.7871
v 22.298 -10.0822 17.4601
v 22.4226 -8.6444 18.4576
v 19.3989 -8.60908 18.7846
v 19.2907 -10.1625 17.9517
v 22.3144 -10.1978 17.6246
v 22.4391 -8.76001 18.6221
v 19.4153 -8.7247 18.9492
f 11433 11434 11435 11436
f 11437 11438 11439 11440
f 11433 11434 11438 11437
f 11434 11435 11439 11438
f 11435 11436 11440 11439
f 11436 11433 11437 11440
o Box1430
v 19.5286 -10.7263 17.0575
v 22.404 -10.417 16.6043
v 22.4966 -10.054 17.4393
v 19.6211 -10.3633 17.8925
v 19.5286 -10.7263 17.0575
v 22.404 -10.417 16.6043
v 22.4966 -10.054 17.4393
v 19.6212 -10.3633 17.8925
f 11441 11442 11443 11444
f 11445 11446 11447 11448
f 11441 11442 11446 11445
f 11442 11443 11447 11446
f 11443 11444 11448 11447
f 11444 11441 11445 11448
o Box1431
v 19.3461 -9.4486 18.3106
v 22.1251 -9.48406 18.1442
v 22.1604 -8.68632 18.5628
v 19.3813 -8.65086 18.7292
v 19.3461 -9.44866 18.3107
v 22.1251 -9.48412 18.1443
v 22.1604 -8.68637 18.5629
v 19.3814 -8.65092 18.7293
f 11449 11450 11451 11452
f 11453 11454 11455 11456
f 11449 11450 11454 11453
f 11450 11451 11455 11454
f 11451 11452 11456 11455
f 11452 11449 11453 11456
o Box1432
v 19.4382 -10.2007 17.7976
v 22.298 -10.0822 17.4601
v 22.3509 -9.4647 18.125
v 19.4911 -9.5833 18.4626
v 19.4383 -10.2008 17.7976
v 22.298 -10.0822 17.4601
v 22.3509 -9.46477 18.1251
v 19.4911 -9.58337 18.4626
f 11457 11458 11459 11460
f 11461 11462 11463 11464
f 11457 11458 11462 11461
f 11458 11459 11463 11462
f 11459 11460 11464 11463
f 11460 11457 11461 11464
o Box1433
v 19.606 -10.9628 16.1836
v 22.4304 -10.4481 15.6802
v 22.5798 -10.3822 16.5854
v 19.7553 -10.8969 17.0888
v 19.606 -10.9629 16.1836
v 22.4304 -10.4482 15.6802
v 22.5798 -10.3822 16.5854
v 19.7554 -10.897 17.0888
f 11465 11466 11467 11468
f 11469 11470 11471 11472
f 11465 11466 11470 11469
f 11466 11467 11471 11470
f 11467 11468 11472 11471
f 11468 11465 11469 11472
o Box1434
v 19.6612 -10.8848 15.2846
v 22.3741 -10.1719 14.7992
v 22.5909 -10.4078 15.6643
v 19.878 -11.1207 16.1497
v 19.6612 -10.8848 15.2846
v 22.3741 -10.172 14.7992
v 22.5909 -10.4078 15.6643
v 19.878 -11.1207 16.1497
f 11473 11474 11475 11476
f 11477 11478 11479 11480
f 11473 11474 11478 11477
f 11474 11475 11479 11478
f 11475 11476 11480 11479
f 11476 11473 11477 11480
o Box1435
v 21.9482 -10.0593 17.3482
v 24.9069 -9.47917 16.9976
v 24.6233 -7.21724 18.3473
v 21.6646 -7.79733 18.6978
v 22.0337 -10.2705 17.7203
v 24.9924 -9.69045 17.3697
v 24.7088 -7.42852 18.7193
v 21.7502 -8.00861 19.0699
f 11481 11482 11483 11484
f 11485 11486 11487 11488
f 11481 11482 11486 11485
f 11482 11483 11487 11486
f 11483 11484 11488 11487
f 11484 11481 11485 11488
o Box1436
v 22.0773 -10.4872 15.7028
v 24.9071 -9.49404 15.24
v 24.9572 -8.36806 17.9627
v 22.1274 -9.36116 18.4255
v 22.2186 -10.8257 15.8402
v 25.0484 -9.83261 15.3774
v 25.0985 -8.70662 18.1001
v 22.2687 -9.69973 18.5629
f 11489 11490 11491 11492
f 11493 11494 11495 11496
f 11489 11490 11494 11493
f 11490 11491 11495 11494
f 11491 11492 11496 11495
f 11492 11489 11493 11496
o Box1437
v 21.7388 -10.0807 17.425
v 24.8727 -9.68428 16.8963
v 24.7985 -7.40086 18.1692
v 21.6647 -7.79733 18.6979
v 21.8239 -10.277 17.7819
v 24.9577 -9.88051 17.2533
v 24.8836 -7.59709 18.5262
v 21.7497 -7.99356 19.0548
f 11497 11498 11499 11500
f 11501 11502 11503 11504
f 11497 11498 11502 11501
f 11498 11499 11503 11502
f 11499 11500 11504 11503
f 11500 11497 11501 11504
o Box1438
v 21.9381 -9.01871 18.397
v 24.6444 -8.54438 18.0413
v 24.5626 -7.76068 18.4639
v 21.8563 -8.23501 18.8196
v 21.9382 -9.01879 18.3972
v 24.6444 -8.54446 18.0414
v 24.5626 -7.76076 18.464
v 21.8563 -8.23509 18.8198
f 11505 11506 11507 11508
f 11509 11510 11511 11512
f 11505 11506 11510 11509
f 11506 11507 11511 11510
f 11507 11508 11512 11511
f 11508 11505 11509 11512
o Box1439
v 21.8668 -9.49946 18.1006
v 24.7007 -9.0612 17.8107
v 24.4986 -7.35907 18.4079
v 21.6646 -7.79733 18.6978
v 21.8955 -9.56167 18.2877
v 24.7295 -9.12341 17.9977
v 24.5273 -7.42127 18.595
v 21.6934 -7.85953 18.8849
f 11513 11514 11515 11516
f 11517 11518 11519 11520
f 11513 11514 11518 11517
f 11514 11515 11519 11518
f 11515 11516 11520 11519
f 11516 11513 11517 11520
o Box1440
v 22.1546 -10.1169 17.4866
v 24.8912 -9.45277 16.9777
v 24.8591 -8.81016 17.6432
v 22.1224 -9.47425 18.1521
v 22.1546 -10.1169 17.4867
v 24.8913 -9.45286 16.9778
v 24.8591 -8.81025 17.6433
v 22.1224 -9.47434 18.1522
f 11521 11522 11523 11524
f 11525 11526 11527 11528
f 11521 11522 11526 11525
f 11522 11523 11527 11526
f 11523 11524 11528 11527
f 11524 11521 11525 11528
o Box1441
v 21.8078 -8.71104 18.5799
v 24.3917 -8.28735 18.4339
v 24.2486 -7.37364 18.5518
v 21.6646 -7.79733 18.6978
v 21.8078 -8.71104 18.5799
v 24.3917 -8.28735 18.4339
v 24.2486 -7.37364 18.5519
v 21.6646 -7.79733 18.6979
f 11529 11530 11531 11532
f 11533 11534 11535 11536
f 11529 11530 11534 11533
f 11530 11531 11535 11534
f 11531 11532 11536 11535
f 11532 11529 11533 11536
o Box1442
v 22.0101 -9.50644 18.1588
v 24.7014 -8.98312 17.818
v 24.5944 -8.1597 18.2374
v 21.9031 -8.68302 18.5781
v 22.0101 -9.50646 18.1588
v 24.7014 -8.98314 17.818
v 24.5944 -8.15972 18.2374
v 21.9031 -8.68304 18.5782
f 11537 11538 11539 11540
f 11541 11542 11543 11544
f 11537 11538 11542 11541
f 11538 11539 11543 11542
f 11539 11540 11544 11543
f 11540 11537 11541 11544
o Box1443
v 21.9763 -10.5244 15.7867
v 24.8209 -9.55345 14.988
v 25.1406 -9.10455 16.6722
v 22.296 -10.0755 17.4709
v 22.0486 -10.7073 15.8217
v 24.8931 -9.73633 15.023
v 25.2128 -9.28742 16.7072
v 22.3683 -10.2584 17.506
f 11545 11546 11547 11548
f 11549 11550 11551 11552
f 11545 11546 11550 11549
f 11546 11547 11551 11550
f 11547 11548 11552 11551
f 11548 11545 11549 11552
o Box1444
v 21.8174 -10.2664 16.5241
v 24.9404 -9.44849 15.5411
v 25.3171 -8.22884 17.7528
v 22.1941 -9.04678 18.7358
v 21.9629 -10.6185 16.6934
v 25.0859 -9.80056 15.7104
v 25.4626 -8.58091 17.9222
v 22.3397 -9.39884 18.9052
f 11553 11554 11555 11556
f 11557 11558 11559 11560
f 11553 11554 11558 11557
f 11554 11555 11559 11558
f 11555 11556 11560 11559
f 11556 11553 11557 11560
o Box1445
v 22.2257 -10.4718 16.6458
v 24.9379 -9.63782 16.0144
v 25.0082 -9.24156 16.8395
v 22.296 -10.0755 17.4709
v 22.2258 -10.4718 16.6458
v 24.9379 -9.63785 16.0144
v 25.0082 -9.24159 16.8395
v 22.296 -10.0756 17.4709
f 11561 11562 11563 11564
f 11565 11566 11567 11568
f 11561 11562 11566 11565
f 11562 11563 11567 11566
f 11563 11564 11568 11567
f 11564 11561 11565 11568
o Box1446
v 22.2159 -10.5315 15.7369
v 24.8348 -9.51448 15.0447
v 25.0219 -9.39737 15.9247
v 22.4031 -10.4143 16.6169
v 22.216 -10.5315 15.7369
v 24.8348 -9.51454 15.0447
v 25.0219 -9.39743 15.9247
v 22.4031 -10.4144 16.6169
f 11569 11570 11571 11572
f 11573 11574 11575 11576
f 11569 11570 11574 11573
f 11570 11571 11575 11574
f 11571 11572 11576 11575
f 11572 11569 11573 11576
o Box1447
v 22.0554 -10.1474 17.1599
v 24.9766 -9.41953 16.469
v 25.0548 -8.37757 17.8972
v 22.1336 -9.10541 18.5882
v 22.1194 -10.301 17.2685
v 25.0406 -9.57315 16.5776
v 25.1188 -8.53119 18.0058
v 22.1976 -9.25903 18.6967
f 11577 11578 11579 11580
f 11581 11582 11583 11584
f 11577 11578 11582 11581
f 11578 11579 11583 11582
f 11579 11580 11584 11583
f 11580 11577 11581 11584
o Box1448
v 22.3153 -10.4547 16.2141
v 24.9403 -9.44836 15.5411
v 25.1338 -9.3593 16.4287
v 22.5087 -10.3656 17.1018
v 22.3153 -10.4548 16.2141
v 24.9404 -9.44849 15.5411
v 25.1338 -9.35943 16.4287
v 22.5088 -10.3658 17.1018
f 11585 11586 11587 11588
f 11589 11590 11591 11592
f 11585 11586 11590 11589
f 11586 11587 11591 11590
f 11587 11588 11592 11591
f 11588 11585 11589 11592
o Box1449
v 22.129 -9.74242 17.8609
v 24.8738 -9.1055 17.3373
v 24.8586 -8.49475 18.0006
v 22.1138 -9.13167 18.5241
v 22.1291 -9.74249 17.8609
v 24.8739 -9.10557 17.3374
v 24.8587 -8.49482 18.0006
v 22.1139 -9.13173 18.5242
f 11593 11594 11595 11596
f 11597 11598 11599 11600
f 11593 11594 11598 11597
f 11594 11595 11599 11598
f 11595 11596 11600 11599
f 11596 11593 11597 11600
o Box1450
v 22.26 -10.2409 17.1014
v 24.9766 -9.41953 16.469
v 25.0571 -9.05001 17.2946
v 22.3404 -9.87136 17.927
v 22.26 -10.241 17.1014
v 24.9767 -9.41967 16.469
v 25.0572 -9.05015 17.2947
v 22.3405 -9.8715 17.9271
f 11601 11602 11603 11604
f 11605 11606 11607 11608
f 11601 11602 11606 11605
f 11602 11603 11607 11606
f 11603 11604 11608 11607
f 11604 11601 11605 11608
o Box1451
v 20.0163 -7.05591 12.1739
v 23.843 -4.60843 14.279
v 21.2576 -3.79191 18.0294
v 17.4309 -6.23938 15.9243
v 20.4073 -8.09334 12.6693
v 24.2339 -5.64587 14.7744
v 21.6486 -4.82934 18.5248
v 17.8219 -7.27682 16.4197
f 11609 11610 11611 11612
f 11613 11614 11615 11616
f 11609 11610 11614 11613
f 11610 11611 11615 11614
f 11611 11612 11616 11615
f 11612 11609 11613 11616
o Box1452
v 19.5256 -9.25036 18.5314
v 24.3866 -8.11619 18.6189
v 23.6065 -4.58802 16.2289
v 18.7454 -5.72219 16.1414
v 19.374 -8.67076 19.4365
v 24.2351 -7.53659 19.524
v 23.4549 -4.00842 17.134
v 18.5939 -5.14259 17.0465
f 11617 11618 11619 11620
f 11621 11622 11623 11624
f 11617 11618 11622 11621
f 11618 11619 11623 11622
f 11619 11620 11624 11623
f 11620 11617 11621 11624
o Box1453
v 19.9216 -8.04925 13.2001
v 18.3966 -6.53726 16.9937
v 21.8801 -5.12678 17.8319
v 23.4051 -6.63878 14.0383
v 19.6364 -7.03689 12.6819
v 18.1113 -5.52489 16.4756
v 21.5948 -4.11441 17.3138
v 23.1199 -5.62641 13.5201
f 11625 11626 11627 11628
f 11629 11630 11631 11632
f 11625 11626 11630 11629
f 11626 11627 11631 11630
f 11627 11628 11632 11631
f 11628 11625 11629 11632
o Box1454
v 18.771 -6.22955 14.7047
v 22.5787 -5.29259 13.076
v 23.4713 -4.03634 15.8856
v 19.6636 -4.9733 17.5143
v 19.1195 -7.13476 14.9987
v 22.9272 -6.1978 13.3701
v 23.8198 -4.94154 16.1796
v 20.0121 -5.8785 17.8083
f 11633 11634 11635 11636
f 11637 11638 11639 11640
f 11633 11634 11638 11637
f 11634 11635 11639 11638
f 11635 11636 11640 11639
f 11636 11633 11637 11640
o Box1455
v 19.7771 -7.69548 13.0177
v 23.3124 -6.14741 13.4412
v 22.5181 -4.6621 14.6419
v 18.9829 -6.21018 14.2184
v 19.8348 -7.91035 13.3217
v 23.37 -6.36228 13.7451
v 22.5758 -4.87697 14.9458
v 19.0406 -6.42505 14.5224
f 11641 11642 11643 11644
f 11645 11646 11647 11648
f 11641 11642 11646 11645
f 11642 11643 11647 11646
f 11643 11644 11648 11647
f 11644 11641 11645 11648
o Box1456
v 18.2093 -6.47269 15.2509
v 19.7826 -5.86742 18.0704
v 22.3059 -5.41217 16.5647
v 20.7326 -6.01743 13.7452
v 18.1207 -6.08966 15.2182
v 19.6939 -5.4844 18.0376
v 22.2172 -5.02914 16.5319
v 20.6439 -5.63441 13.7124
f 11649 11650 11651 11652
f 11653 11654 11655 11656
f 11649 11650 11654 11653
f 11650 11651 11655 11654
f 11651 11652 11656 11655
f 11652 11649 11653 11656
o Box1457
v 19.9369 -7.88929 12.9922
v 22.0217 -6.79017 13.4809
v 20.9429 -5.28492 14.698
v 18.8581 -6.38403 14.2093
v 19.9605 -8.00929 13.1615
v 22.0453 -6.91018 13.6502
v 20.9665 -5.40492 14.8673
v 18.8816 -6.50404 14.3786
f 11657 11658 11659 11660
f 11661 11662 11663 11664
f 11657 11658 11662 11661
f 11658 11659 11663 11662
f 11659 11660 11664 11663
f 11660 11657 11661 11664
o Box1458
v 19.9204 -7.5674 13.1895
v 23.2982 -6.27158 13.3421
v 22.731 -4.92139 14.4311
v 19.3532 -6.21721 14.2785
v 19.9787 -7.7495 13.4456
v 23.3565 -6.45368 13.5982
v 22.7893 -5.10349 14.6872
v 19.4115 -6.39931 14.5346
f 11665 11666 11667 11668
f 11669 11670 11671 11672
f 11665 11666 11670 11669
f 11666 11667 11671 11670
f 11667 11668 11672 11671
f 11668 11665 11669 11672
o Box1459
v 19.6979 -7.62218 13.4109
v 21.5168 -6.52861 13.8172
v 21.0655 -5.90188 14.1504
v 19.2467 -6.99546 13.7441
v 19.6979 -7.6222 13.411
v 21.5168 -6.52863 13.8173
v 21.0655 -5.90191 14.1504
v 19.2467 -6.99548 13.7441
f 11673 11674 11675 11676
f 11677 11678 11679 11680
f 11673 11674 11678 11677
f 11674 11675 11679 11678
f 11675 11676 11680 11679
f 11676 11673 11677 11680
o Box1460
v 19.7846 -7.72453 13.1049
v 21.8427 -6.9208 13.4187
v 21.0823 -5.44002 14.6128
v 19.0242 -6.24376 14.299
v 19.8037 -7.82877 13.2464
v 21.8618 -7.02503 13.5602
v 21.1014 -5.54426 14.7543
v 19.0434 -6.34799 14.4404
f 11681 11682 11683 11684
f 11685 11686 11687 11688
f 11681 11682 11686 11685
f 11682 11683 11687 11686
f 11683 11684 11688 11687
f 11684 11681 11685 11688
o Box1461
v 19.5977 -6.79944 13.8119
v 21.3416 -5.8769 14.4247
v 20.8987 -5.4093 14.981
v 19.1548 -6.33184 14.3682
v 19.5977 -6.79947 13.8119
v 21.3416 -5.87693 14.4248
v 20.8987 -5.40933 14.9811
v 19.1548 -6.33187 14.3682
f 11689 11690 11691 11692
f 11693 11694 11695 11696
f 11689 11690 11694 11693
f 11690 11691 11695 11694
f 11691 11692 11696 11695
f 11692 11689 11693 11696
o Box1462
v 19.9707 -8.02483 13.1778
v 21.8171 -6.98546 13.5427
v 21.363 -6.31505 13.9308
v 19.5166 -7.35442 13.5659
v 19.9707 -8.02484 13.1778
v 21.8171 -6.98546 13.5427
v 21.363 -6.31505 13.9308
v 19.5166 -7.35443 13.566
f 11697 11698 11699 11700
f 11701 11702 11703 11704
f 11697 11698 11702 11701
f 11698 11699 11703 11702
f 11699 11700 11704 11703
f 11700 11697 11701 11704
o Box1463
v 19.8715 -7.0929 13.4352
v 21.6304 -6.18882 14.0093
v 21.1901 -5.71698 14.615
v 19.4313 -6.62106 14.0408
v 19.8715 -7.09293 13.4352
v 21.6304 -6.18885 14.0093
v 21.1901 -5.717 14.615
v 19.4313 -6.62108 14.0409
f 11705 11706 11707 11708
f 11709 11710 11711 11712
f 11705 11706 11710 11709
f 11706 11707 11711 11710
f 11707 11708 11712 11711
f 11708 11705 11709 11712
o Box1464
v 21.585 -7.11608 13.4969
v 23.1831 -5.75303 13.7794
v 22.6552 -5.21287 14.1592
v 21.0571 -6.57592 13.8767
v 21.585 -7.11609 13.4969
v 23.1831 -5.75303 13.7794
v 22.6552 -5.21287 14.1593
v 21.0571 -6.57593 13.8767
f 11713 11714 11715 11716
f 11717 11718 11719 11720
f 11713 11714 11718 11717
f 11714 11715 11719 11718
f 11715 11716 11720 11719
f 11716 11713 11717 11720
o Box1465
v 19.6518 -6.27718 14.0981
v 21.4342 -5.63657 14.6836
v 20.9163 -5.24209 15.8283
v 19.134 -5.88271 15.2427
v 19.655 -6.29181 14.1045
v 21.4373 -5.65119 14.6901
v 20.9195 -5.25672 15.8347
v 19.1371 -5.89733 15.2491
f 11721 11722 11723 11724
f 11725 11726 11727 11728
f 11721 11722 11726 11725
f 11722 11723 11727 11726
f 11723 11724 11728 11727
f 11724 11721 11725 11728
o Box1466
v 19.3403 -5.6026 15.3355
v 21.4832 -5.26164 16.4657
v 20.7592 -5.64006 17.9525
v 18.6163 -5.98103 16.8222
v 19.3856 -5.79692 15.3081
v 21.5285 -5.45595 16.4383
v 20.8046 -5.83438 17.9251
v 18.6617 -6.17534 16.7948
f 11729 11730 11731 11732
f 11733 11734 11735 11736
f 11729 11730 11734 11733
f 11730 11731 11735 11734
f 11731 11732 11736 11735
f 11732 11729 11733 11736
o Box1467
v 19.4892 -6.16552 14.4708
v 21.23 -5.47193 15.2122
v 20.8211 -5.22025 15.9369
v 19.0803 -5.91385 15.1955
v 19.4892 -6.16553 14.4708
v 21.23 -5.47194 15.2122
v 20.8211 -5.22026 15.9369
v 19.0803 -5.91386 15.1955
f 11737 11738 11739 11740
f 11741 11742 11743 11744
f 11737 11738 11742 11741
f 11738 11739 11743 11742
f 11739 11740 11744 11743
f 11740 11737 11741 11744
o Box1468
v 19.746 -6.30768 13.9964
v 21.4863 -5.60478 14.7277
v 21.0841 -5.38209 15.4707
v 19.3438 -6.08499 14.7393
v 19.746 -6.30775 13.9964
v 21.4863 -5.60485 14.7278
v 21.0841 -5.38215 15.4707
v 19.3438 -6.08506 14.7394
f 11745 11746 11747 11748
f 11749 11750 11751 11752
f 11745 11746 11750 11749
f 11746 11747 11751 11750
f 11747 11748 11752 11751
f 11748 11745 11749 11752
o Box1469
v 19.3856 -5.79692 15.3081
v 21.1913 -5.34789 16.0807
v 20.8424 -5.35592 16.9008
v 19.0367 -5.80494 16.1282
v 19.3856 -5.79695 15.3081
v 21.1913 -5.34792 16.0807
v 20.8425 -5.35595 16.9008
v 19.0368 -5.80497 16.1282
f 11753 11754 11755 11756
f 11757 11758 11759 11760
f 11753 11754 11758 11757
f 11754 11755 11759 11758
f 11755 11756 11760 11759
f 11756 11753 11757 11760
o Box1470
v 19.2994 -5.73805 16.2229
v 21.2253 -5.50691 16.9369
v 20.9563 -5.79773 17.7565
v 19.0305 -6.02887 17.0424
v 19.2994 -5.73806 16.2229
v 21.2253 -5.50692 16.9369
v 20.9563 -5.79774 17.7565
v 19.0305 -6.02888 17.0424
f 11761 11762 11763 11764
f 11765 11766 11767 11768
f 11761 11762 11766 11765
f 11762 11763 11767 11766
f 11763 11764 11768 11767
f 11764 11761 11765 11768
o Box1471
v 19.4039 -5.58788 15.029
v 22.804 -4.59439 15.9961
v 22.4029 -4.88495 17.7046
v 19.0029 -5.87844 16.7376
v 19.5107 -5.92231 14.9972
v 22.9108 -4.92883 15.9643
v 22.5097 -5.21939 17.6728
v 19.1096 -6.21287 16.7058
f 11769 11770 11771 11772
f 11773 11774 11775 11776
f 11769 11770 11774 11773
f 11770 11771 11775 11774
f 11771 11772 11776 11775
f 11772 11769 11773 11776
o Box1472
v 21.9172 -6.18842 13.0471
v 23.9561 -4.50922 14.5925
v 22.3553 -4.24933 16.422
v 20.3165 -5.92852 14.8767
v 22.083 -6.57359 13.2469
v 24.1219 -4.8944 14.7922
v 22.5211 -4.63451 16.6218
v 20.4823 -6.3137 15.0765
f 11777 11778 11779 11780
f 11781 11782 11783 11784
f 11777 11778 11782 11781
f 11778 11779 11783 11782
f 11779 11780 11784 11783
f 11780 11777 11781 11784
o Box1473
v 19.7068 -5.49925 14.6745
v 21.8258 -5.13337 15.9203
v 21.0694 -5.42967 17.2939
v 18.9504 -5.79556 16.048
v 19.7515 -5.69677 14.6565
v 21.8705 -5.33089 15.9023
v 21.114 -5.62719 17.2759
v 18.9951 -5.99308 16.03
f 11785 11786 11787 11788
f 11789 11790 11791 11792
f 11785 11786 11790 11789
f 11786 11787 11791 11790
f 11787 11788 11792 11791
f 11788 11785 11789 11792
o Box1474
v 21.085 -5.38467 15.4582
v 22.8126 -4.63636 16.084
v 22.5376 -4.70993 16.931
v 20.81 -5.45824 16.3051
v 21.0851 -5.38477 15.4582
v 22.8126 -4.63646 16.084
v 22.5377 -4.71004 16.931
v 20.8101 -5.45835 16.3052
f 11793 11794 11795 11796
f 11797 11798 11799 11800
f 11793 11794 11798 11797
f 11794 11795 11799 11798
f 11795 11796 11800 11799
f 11796 11793 11797 11800
o Box1475
v 19.6076 -5.76599 14.7954
v 21.4018 -5.30305 15.6002
v 21.0577 -5.35097 16.3949
v 19.2636 -5.81392 15.59
v 19.6076 -5.76599 14.7954
v 21.4018 -5.30305 15.6002
v 21.0577 -5.35098 16.3949
v 19.2636 -5.81392 15.59
f 11801 11802 11803 11804
f 11805 11806 11807 11808
f 11801 11802 11806 11805
f 11802 11803 11807 11806
f 11803 11804 11808 11807
f 11804 11801 11805 11808
o Box1476
v 19.4744 -5.535 15.7359
v 21.3868 -5.31061 16.5165
v 21.114 -5.6272 17.2759
v 19.2016 -5.85159 16.4952
v 19.4744 -5.53502 15.7359
v 21.3869 -5.31063 16.5165
v 21.114 -5.62722 17.2759
v 19.2016 -5.85161 16.4952
f 11809 11810 11811 11812
f 11813 11814 11815 11816
f 11809 11810 11814 11813
f 11810 11811 11815 11814
f 11811 11812 11816 11815
f 11812 11809 11813 11816
o Box1477
v 21.5561 -6.38563 13.4165
v 23.4172 -5.14008 13.9664
v 22.3615 -4.36227 15.7773
v 20.5004 -5.60782 15.2274
v 21.6288 -6.54273 13.5263
v 23.4898 -5.29718 14.0763
v 22.4342 -4.51938 15.8872
v 20.5731 -5.76492 15.3372
f 11817 11818 11819 11820
f 11821 11822 11823 11824
f 11817 11818 11822 11821
f 11818 11819 11823 11822
f 11819 11820 11824 11823
f 11820 11817 11821 11824
o Box1478
v 21.5241 -5.58809 13.8927
v 23.4277 -4.49511 14.989
v 22.6307 -4.48631 16.364
v 20.7271 -5.57929 15.2677
v 21.6004 -5.76647 13.938
v 23.504 -4.67348 15.0343
v 22.707 -4.66468 16.4094
v 20.8034 -5.75767 15.3131
f 11825 11826 11827 11828
f 11829 11830 11831 11832
f 11825 11826 11830 11829
f 11826 11827 11831 11830
f 11827 11828 11832 11831
f 11828 11825 11829 11832
o Box1479
v 21.3657 -6.3248 13.9229
v 22.9358 -5.13846 14.4076
v 22.4617 -4.75618 15.0076
v 20.8916 -5.94252 14.5228
v 21.3658 -6.32487 13.923
v 22.9358 -5.13853 14.4077
v 22.4617 -4.75625 15.0076
v 20.8917 -5.94259 14.5229
f 11833 11834 11835 11836
f 11837 11838 11839 11840
f 11833 11834 11838 11837
f 11834 11835 11839 11838
f 11835 11836 11840 11839
f 11836 11833 11837 11840
o Box1480
v 21.3845 -6.29006 13.6304
v 23.2091 -5.31305 13.8636
v 22.5336 -4.46239 15.585
v 20.709 -5.43941 15.3519
v 21.4453 -6.42531 13.7211
v 23.2699 -5.4483 13.9543
v 22.5945 -4.59764 15.6757
v 20.7699 -5.57466 15.4426
f 11841 11842 11843 11844
f 11845 11846 11847 11848
f 11841 11842 11846 11845
f 11842 11843 11847 11846
f 11843 11844 11848 11847
f 11844 11841 11845 11848
o Box1481
v 21.1921 -5.72353 14.6041
v 22.8097 -4.75567 15.2092
v 22.421 -4.58217 15.9708
v 20.8034 -5.55004 15.3657
v 21.1921 -5.7236 14.6041
v 22.8097 -4.75573 15.2092
v 22.421 -4.58224 15.9708
v 20.8034 -5.55011 15.3657
f 11849 11850 11851 11852
f 11853 11854 11855 11856
f 11849 11850 11854 11853
f 11850 11851 11855 11854
f 11851 11852 11856 11855
f 11852 11849 11853 11856
o Box1482
v 21.6551 -6.56475 13.5273
v 23.2394 -5.39381 13.9759
v 22.7734 -5.00754 14.613
v 21.1892 -6.17848 14.1644
v 21.6551 -6.56485 13.5274
v 23.2394 -5.3939 13.976
v 22.7735 -5.00764 14.6131
v 21.1892 -6.17858 14.1645
f 11857 11858 11859 11860
f 11861 11862 11863 11864
f 11857 11858 11862 11861
f 11858 11859 11863 11862
f 11859 11860 11864 11863
f 11860 11857 11861 11864
o Box1483
v 21.4316 -5.81884 14.1145
v 23.0459 -4.84286 14.7143
v 22.6706 -4.69354 15.4814
v 21.0563 -5.66952 14.8816
v 21.4317 -5.81894 14.1146
v 23.046 -4.84296 14.7144
v 22.6707 -4.69364 15.4815
v 21.0564 -5.66962 14.8817
f 11865 11866 11867 11868
f 11869 11870 11871 11872
f 11865 11866 11870 11869
f 11866 11867 11871 11870
f 11867 11868 11872 11871
f 11868 11865 11869 11872
o Box1484
v 21.2575 -5.31699 14.935
v 22.9741 -4.55973 15.5988
v 22.707 -4.66468 16.4094
v 20.9903 -5.42194 15.7455
v 21.2575 -5.31703 14.935
v 22.9742 -4.55978 15.5988
v 22.707 -4.66473 16.4094
v 20.9903 -5.42198 15.7455
f 11873 11874 11875 11876
f 11877 11878 11879 11880
f 11873 11874 11878 11877
f 11874 11875 11879 11878
f 11875 11876 11880 11879
f 11876 11873 11877 11880
o Box1485
v 18.3233 -8.11122 17.8129
v 21.6587 -9.22355 18.8124
v 22.9905 -6.38045 17.5321
v 19.6551 -5.26813 16.5327
v 18.2335 -7.75622 18.5078
v 21.5689 -8.86854 19.5073
v 22.9006 -6.02545 18.227
v 19.5653 -4.91313 17.2276
f 11881 11882 11883 11884
f 11885 11886 11887 11888
f 11881 11882 11886 11885
f 11882 11883 11887 11886
f 11883 11884 11888 11887
f 11884 11881 11885 11888
o Box1486
v 19.7788 -6.81982 16.7976
v 23.0742 -9.03809 19.0877
v 25.4471 -6.67972 17.9576
v 22.1517 -4.46145 15.6675
v 19.5742 -6.17216 17.7195
v 22.8695 -8.39043 20.0096
v 25.2424 -6.03206 18.8795
v 21.947 -3.8138 16.5894
f 11889 11890 11891 11892
f 11893 11894 11895 11896
f 11889 11890 11894 11893
f 11890 11891 11895 11894
f 11891 11892 11896 11895
f 11892 11889 11893 11896
o Box1487
v 19.1364 -7.3631 18.3126
v 21.4185 -7.1741 18.7239
v 21.5495 -5.635 17.2897
v 19.2675 -5.824 16.8784
v 19.0972 -7.21871 18.4639
v 21.3792 -7.02971 18.8752
v 21.5102 -5.49061 17.4411
v 19.2282 -5.67961 17.0298
f 11897 11898 11899 11900
f 11901 11902 11903 11904
f 11897 11898 11902 11901
f 11898 11899 11903 11902
f 11899 11900 11904 11903
f 11900 11897 11901 11904
o Box1488
v 19.0021 -8.43274 18.2692
v 21.9063 -8.69488 18.5743
v 22.191 -6.30221 17.9208
v 19.2867 -6.04007 17.6157
v 18.9683 -8.31264 18.6942
v 21.8725 -8.57479 18.9993
v 22.1571 -6.18212 18.3458
v 19.2529 -5.91997 18.0407
f 11905 11906 11907 11908
f 11909 11910 11911 11912
f 11905 11906 11910 11909
f 11906 11907 11911 11910
f 11907 11908 11912 11911
f 11908 11905 11909 11912
o Box1489
v 18.8893 -7.35588 18.215
v 21.3203 -7.45217 18.867
v 21.6719 -6.09232 17.7567
v 19.2409 -5.99604 17.1048
v 18.854 -7.22342 18.3661
v 21.285 -7.3197 19.0181
v 21.6367 -5.95986 17.9078
v 19.2057 -5.86357 17.2558
f 11913 11914 11915 11916
f 11917 11918 11919 11920
f 11913 11914 11918 11917
f 11914 11915 11919 11918
f 11915 11916 11920 11919
f 11916 11913 11917 11920
o Box1490
v 19.3653 -5.64319 16.7036
v 21.4438 -5.61725 17.3707
v 21.2464 -6.17743 18.0076
v 19.1679 -6.20337 17.3405
v 19.3653 -5.64326 16.7036
v 21.4438 -5.61732 17.3707
v 21.2464 -6.1775 18.0075
v 19.1679 -6.20344 17.3404
f 11921 11922 11923 11924
f 11925 11926 11927 11928
f 11921 11922 11926 11925
f 11922 11923 11927 11926
f 11923 11924 11928 11927
f 11924 11921 11925 11928
o Box1491
v 19.2409 -5.99592 17.1048
v 21.327 -5.93023 17.6952
v 21.1439 -6.49157 18.4046
v 19.0578 -6.55726 17.8142
v 19.2409 -5.99604 17.1048
v 21.327 -5.93035 17.6951
v 21.144 -6.49168 18.4045
v 19.0579 -6.55737 17.8141
f 11929 11930 11931 11932
f 11933 11934 11935 11936
f 11929 11930 11934 11933
f 11930 11931 11935 11934
f 11931 11932 11936 11935
f 11932 11929 11933 11936
o Box1492
v 19.1105 -7.31735 18.3454
v 21.381 -7.35636 18.7711
v 21.4877 -6.57882 18.2731
v 19.2173 -6.53981 17.8473
v 19.1105 -7.31729 18.3455
v 21.381 -7.3563 18.7712
v 21.4877 -6.57877 18.2731
v 19.2173 -6.53976 17.8474
f 11937 11938 11939 11940
f 11941 11942 11943 11944
f 11937 11938 11942 11941
f 11938 11939 11943 11942
f 11939 11940 11944 11943
f 11940 11937 11941 11944
o Box1493
v 19.2865 -8.22537 18.5547
v 21.6692 -7.81737 18.6999
v 21.4278 -6.15081 17.9777
v 19.0451 -6.55882 17.8326
v 19.2646 -8.15662 18.7207
v 21.6473 -7.74862 18.8658
v 21.4059 -6.08206 18.1437
v 19.0232 -6.49006 17.9986
f 11945 11946 11947 11948
f 11949 11950 11951 11952
f 11945 11946 11950 11949
f 11946 11947 11951 11950
f 11947 11948 11952 11951
f 11948 11945 11949 11952
o Box1494
v 19.1133 -8.39988 18.3954
v 21.9063 -8.69488 18.5743
v 22.0929 -6.9988 18.4587
v 19.2998 -6.70379 18.2798
v 19.1019 -8.38486 18.5975
v 21.895 -8.67987 18.7764
v 22.0815 -6.98378 18.6608
v 19.2885 -6.68878 18.4819
f 11953 11954 11955 11956
f 11957 11958 11959 11960
f 11953 11954 11958 11957
f 11954 11955 11959 11958
f 11955 11956 11960 11959
f 11956 11953 11957 11960
o Box1495
v 19.1804 -8.20926 18.5756
v 21.6409 -8.29133 18.8124
v 21.6918 -7.38572 18.5978
v 19.2313 -7.30365 18.361
v 19.1804 -8.20921 18.5758
v 21.6409 -8.29128 18.8126
v 21.6918 -7.38567 18.598
v 19.2313 -7.3036 18.3612
f 11961 11962 11963 11964
f 11965 11966 11967 11968
f 11961 11962 11966 11965
f 11962 11963 11967 11966
f 11963 11964 11968 11967
f 11964 11961 11965 11968
o Box1496
v 19.1679 -6.82953 18.0144
v 21.4388 -6.93551 18.5016
v 21.5669 -6.18339 18.068
v 19.296 -6.07741 17.5808
v 19.1679 -6.82947 18.0144
v 21.4388 -6.93545 18.5016
v 21.5669 -6.18333 18.0681
v 19.296 -6.07735 17.5809
f 11969 11970 11971 11972
f 11973 11974 11975 11976
f 11969 11970 11974 11973
f 11970 11971 11975 11974
f 11971 11972 11976 11975
f 11972 11969 11973 11976
o Box1497
v 19.2015 -7.65057 18.4286
v 21.668 -7.80976 18.6984
v 21.7423 -6.94376 18.53
v 19.2758 -6.78456 18.2602
v 19.2015 -7.65054 18.4287
v 21.6679 -7.80973 18.6985
v 21.7423 -6.94373 18.5302
v 19.2758 -6.78453 18.2603
f 11977 11978 11979 11980
f 11981 11982 11983 11984
f 11977 11978 11982 11981
f 11978 11979 11983 11982
f 11979 11980 11984 11983
f 11980 11977 11981 11984
o Box1498
v 19.2637 -8.56188 18.5309
v 21.9063 -8.69487 18.5742
v 21.9487 -7.81162 18.7025
v 19.306 -7.67864 18.6592
v 19.2637 -8.5619 18.531
v 21.9063 -8.69488 18.5743
v 21.9487 -7.81164 18.7026
v 19.306 -7.67866 18.6594
f 11985 11986 11987 11988
f 11989 11990 11991 11992
f 11985 11986 11990 11989
f 11986 11987 11991 11990
f 11987 11988 11992 11991
f 11988 11985 11989 11992
o Box1499
v 21.0397 -4.95339 16.0627
v 23.252 -4.39631 16.6303
v 23.0577 -5.58653 18.5556
v 20.8455 -6.14361 17.988
v 21.0982 -5.09959 15.9782
v 23.3105 -4.54251 16.5458
v 23.1162 -5.73273 18.4712
v 20.9039 -6.28981 17.9035
f 11993 11994 11995 11996
f 11997 11998 11999 12000
f 11993 11994 11998 11997
f 11994 11995 11999 11998
f 11995 11996 12000 11999
f 11996 11993 11997 12000
o Box1500
v 21.3022 -7.9356 18.3129
v 24.316 -7.8039 18.4963
v 24.2526 -5.45383 17.8492
v 21.2389 -5.58554 17.6658
v 21.2693 -7.81184 18.7656
v 24.283 -7.68014 18.949
v 24.2197 -5.33007 18.3019
v 21.206 -5.46178 18.1185
f 12001 12002 12003 12004
f 12005 12006 12007 12008
f 12001 12002 12006 12005
f 12002 12003 12007 12006
f 12003 12004 12008 12007
f 12004 12001 12005 12008
o Box1501
v 20.9926 -5.18802 16.4811
v 23.2689 -4.72059 17.2122
v 23.0102 -5.70683 18.6485
v 20.7338 -6.17426 17.9174
v 21.0575 -5.34927 16.3821
v 23.3338 -4.88184 17.1132
v 23.0751 -5.86808 18.5494
v 20.7987 -6.33551 17.8184
f 12009 12010 12011 12012
f 12013 12014 12015 12016
f 12009 12010 12014 12013
f 12010 12011 12015 12014
f 12011 12012 12016 12015
f 12012 12009 12013 12016
o Box1502
v 21.1649 -4.83845 15.8723
v 23.4594 -4.41936 16.7756
v 23.097 -5.2739 18.0928
v 20.8024 -5.693 17.1894
v 21.2309 -5.00553 15.7821
v 23.5255 -4.58643 16.6854
v 23.163 -5.44098 18.0025
v 20.8685 -5.86007 17.0992
f 12017 12018 12019 12020
f 12021 12022 12023 12024
f 12017 12018 12022 12021
f 12018 12019 12023 12022
f 12019 12020 12024 12023
f 12020 12017 12021 12024
o Box1503
v 21.0575 -5.34921 16.3821
v 22.9381 -4.78363 16.9389
v 22.793 -5.12227 17.773
v 20.9124 -5.68785 17.2162
v 21.0575 -5.34932 16.3821
v 22.9382 -4.78373 16.9389
v 22.7931 -5.12237 17.7729
v 20.9124 -5.68796 17.2161
f 12025 12026 12027 12028
f 12029 12030 12031 12032
f 12025 12026 12030 12029
f 12026 12027 12031 12030
f 12027 12028 12032 12031
f 12028 12025 12029 12032
o Box1504
v 21.1127 -5.62128 17.2645
v 23.172 -5.18071 17.6884
v 23.1516 -5.76989 18.3997
v 21.0923 -6.21046 17.9758
v 21.1127 -5.62138 17.2645
v 23.172 -5.18081 17.6883
v 23.1517 -5.77 18.3996
v 21.0924 -6.21057 17.9757
f 12033 12034 12035 12036
f 12037 12038 12039 12040
f 12033 12034 12038 12037
f 12034 12035 12039 12038
f 12035 12036 12040 12039
f 12036 12033 12037 12040
o Box1505
v 21.1553 -5.1215 15.8898
v 23.0304 -4.56935 16.5177
v 22.878 -4.92423 17.285
v 21.0028 -5.47639 16.657
v 21.1553 -5.1216 15.8898
v 23.0304 -4.56945 16.5177
v 22.878 -4.92433 17.2849
v 21.0029 -5.47648 16.657
f 12041 12042 12043 12044
f 12045 12046 12047 12048
f 12041 12042 12046 12045
f 12042 12043 12047 12046
f 12043 12044 12048 12047
f 12044 12041 12045 12048
o Box1506
v 21.1405 -5.25629 16.8629
v 23.2071 -4.86132 17.3649
v 23.163 -5.44097 18.0025
v 21.0964 -5.83595 17.5005
v 21.1405 -5.2563 16.8629
v 23.2071 -4.86133 17.3649
v 23.163 -5.44098 18.0025
v 21.0964 -5.83595 17.5005
f 12049 12050 12051 12052
f 12053 12054 12055 12056
f 12049 12050 12054 12053
f 12050 12051 12055 12054
f 12051 12052 12056 12055
f 12052 12049 12053 12056
o Box1507
v 21.6375 -7.83363 18.6592
v 23.9903 -7.23792 18.7599
v 23.5508 -5.36703 17.9623
v 21.198 -5.96274 17.8615
v 21.6104 -7.75885 18.8495
v 23.9633 -7.16314 18.9503
v 23.5237 -5.29225 18.1526
v 21.1709 -5.88796 18.0519
f 12057 12058 12059 12060
f 12061 12062 12063 12064
f 12057 12058 12062 12061
f 12058 12059 12063 12062
f 12059 12060 12064 12063
f 12060 12057 12061 12064
o Box1508
v 21.5226 -8.02381 18.5225
v 24.316 -7.8039 18.4963
v 24.1819 -6.11337 18.3948
v 21.3886 -6.33329 18.421
v 21.5235 -8.01183 18.7209
v 24.3169 -7.79191 18.6947
v 24.1828 -6.10138 18.5932
v 21.3895 -6.3213 18.6194
f 12065 12066 12067 12068
f 12069 12070 12071 12072
f 12065 12066 12070 12069
f 12066 12067 12071 12070
f 12067 12068 12072 12071
f 12068 12065 12069 12072
o Box1509
v 21.4006 -7.86675 18.6082
v 23.9857 -7.55708 18.8074
v 23.8292 -5.8586 18.198
v 21.2441 -6.16827 17.9988
v 21.3784 -7.80156 18.7956
v 23.9635 -7.49189 18.9948
v 23.807 -5.79341 18.3855
v 21.2219 -6.10308 18.1863
f 12073 12074 12075 12076
f 12077 12078 12079 12080
f 12073 12074 12078 12077
f 12074 12075 12079 12078
f 12075 12076 12080 12079
f 12076 12073 12077 12080
o Box1510
v 21.2599 -6.46068 18.1641
v 23.5314 -6.15992 18.4786
v 23.4901 -5.39768 18.0478
v 21.2187 -5.69844 17.7333
v 21.2599 -6.46067 18.1641
v 23.5314 -6.1599 18.4787
v 23.4901 -5.39766 18.0478
v 21.2187 -5.69843 17.7333
f 12081 12082 12083 12084
f 12085 12086 12087 12088
f 12081 12082 12086 12085
f 12082 12083 12087 12086
f 12083 12084 12088 12087
f 12084 12081 12085 12088
o Box1511
v 21.3177 -6.95543 18.4877
v 23.5712 -6.58616 18.7433
v 23.4977 -5.79901 18.2544
v 21.2441 -6.16827 17.9988
v 21.3176 -6.95536 18.4878
v 23.5712 -6.5861 18.7434
v 23.4977 -5.79894 18.2545
v 21.2441 -6.16821 17.999
f 12089 12090 12091 12092
f 12093 12094 12095 12096
f 12089 12090 12094 12093
f 12090 12091 12095 12094
f 12091 12092 12096 12095
f 12092 12089 12093 12096
o Box1512
v 21.5695 -7.82488 18.6961
v 23.9992 -7.45159 18.7529
v 23.8654 -6.55065 18.5534
v 21.4358 -6.92395 18.4966
v 21.5695 -7.82487 18.6962
v 23.9992 -7.45157 18.753
v 23.8654 -6.55064 18.5535
v 21.4358 -6.92393 18.4967
f 12097 12098 12099 12100
f 12101 12102 12103 12104
f 12097 12098 12102 12101
f 12098 12099 12103 12102
f 12099 12100 12104 12103
f 12100 12097 12101 12104
o Box1513
v 21.4741 -7.26525 18.56
v 23.9282 -6.9732 18.6471
v 23.8327 -6.12407 18.4893
v 21.3787 -6.41612 18.4022
v 21.4741 -7.26523 18.5601
v 23.9281 -6.97318 18.6472
v 23.8327 -6.12406 18.4894
v 21.3787 -6.41611 18.4023
f 12105 12106 12107 12108
f 12109 12110 12111 12112
f 12105 12106 12110 12109
f 12106 12107 12111 12110
f 12107 12108 12112 12111
f 12108 12105 12109 12112
o Box1514
v 21.7106 -8.15832 18.6415
v 24.316 -7.8039 18.4963
v 24.2054 -6.93548 18.6316
v 21.6 -7.28991 18.7769
v 21.7106 -8.15833 18.6416
v 24.316 -7.8039 18.4964
v 24.2054 -6.93549 18.6317
v 21.6 -7.28992 18.7769
f 12113 12114 12115 12116
f 12117 12118 12119 12120
f 12113 12114 12118 12117
f 12114 12115 12119 12118
f 12115 12116 12120 12119
f 12116 12113 12117 12120
o Box1515
v 24.603 -9.24679 12.6157
v 25.3703 -9.83314 18.1435
v 29.8894 -6.74546 17.8437
v 29.1221 -6.15911 12.3159
v 22.8221 -6.58889 13.1448
v 23.5894 -7.17525 18.6727
v 28.1085 -4.08757 18.3729
v 27.3412 -3.50121 12.8451
f 12121 12122 12123 12124
f 12125 12126 12127 12128
f 12121 12122 12126 12125
f 12122 12123 12127 12126
f 12123 12124 12128 12127
f 12124 12121 12125 12128
o Box1516
v 22.8588 -7.67576 13.5788
v 24.6035 -7.78173 19.0322
v 28.5465 -5.06375 17.8235
v 26.8018 -4.95778 12.3701
v 21.0887 -4.8315 14.2003
v 22.8334 -4.93747 19.6537
v 26.7764 -2.2195 18.4451
v 25.0317 -2.11352 12.9917
f 12129 12130 12131 12132
f 12133 12134 12135 12136
f 12129 12130 12134 12133
f 12130 12131 12135 12134
f 12131 12132 12136 12135
f 12132 12129 12133 12136
o Box1517
v 22.114 -8.20705 14.4009
v 24.9466 -3.57951 12.4176
v 28.8816 -5.28404 14.0606
v 26.0489 -9.91158 16.0438
v 22.2744 -8.68026 13.5258
v 25.107 -4.05271 11.5425
v 29.0419 -5.75725 13.1855
v 26.2093 -10.3848 15.1688
f 12137 12138 12139 12140
f 12141 12142 12143 12144
f 12137 12138 12142 12141
f 12138 12139 12143 12142
f 12139 12140 12144 12143
f 12140 12137 12141 12144
o Box1518
v 24.2284 -9.61365 15.607
v 29.2492 -7.05961 13.8845
v 28.857 -4.03612 17.2246
v 23.8362 -6.59016 18.947
v 24.8714 -10.3669 16.3643
v 29.8922 -7.81286 14.6419
v 29.5 -4.78937 17.9819
v 24.4792 -7.34341 19.7044
f 12145 12146 12147 12148
f 12149 12150 12151 12152
f 12145 12146 12150 12149
f 12146 12147 12151 12150
f 12147 12148 12152 12151
f 12148 12145 12149 12152
o Box1519
v 25.6907 -10.1485 15.5791
v 27.953 -7.78191 14.5044
v 25.1878 -6.18371 12.2029
v 22.9255 -8.55029 13.2776
v 25.4885 -9.70509 16.1299
v 27.7509 -7.33851 15.0552
v 24.9857 -5.74031 12.7536
v 22.7233 -8.10689 13.8284
f 12153 12154 12155 12156
f 12157 12158 12159 12160
f 12153 12154 12158 12157
f 12154 12155 12159 12158
f 12155 12156 12160 12159
f 12156 12153 12157 12160
o Box1520
v 24.202 -8.92317 13.7575
v 28.7762 -7.42104 13.5721
v 27.7243 -4.33521 12.6231
v 23.1502 -5.83733 12.8085
v 24.1624 -8.71257 14.4862
v 28.7366 -7.21044 14.3008
v 27.6847 -4.12461 13.3518
v 23.1106 -5.62674 13.5372
f 12161 12162 12163 12164
f 12165 12166 12167 12168
f 12161 12162 12166 12165
f 12162 12163 12167 12166
f 12163 12164 12168 12167
f 12164 12161 12165 12168
o Box1521
v 25.211 -9.77989 15.3765
v 27.3026 -7.44504 14.1142
v 25.4993 -6.69477 12.5137
v 23.4076 -9.02961 13.776
v 25.0742 -9.50416 15.6598
v 27.1658 -7.16931 14.3976
v 25.3625 -6.41904 12.7971
v 23.2708 -8.75389 14.0593
f 12169 12170 12171 12172
f 12173 12174 12175 12176
f 12169 12170 12174 12173
f 12170 12171 12175 12174
f 12171 12172 12176 12175
f 12172 12169 12173 12176
o Box1522
v 24.967 -9.8934 15.0422
v 27.5243 -8.76008 15.0017
v 26.3004 -6.08604 12.5512
v 23.7431 -7.21936 12.5918
v 24.7906 -9.47587 15.586
v 27.3479 -8.34255 15.5454
v 26.124 -5.66851 13.095
v 23.5667 -6.80183 13.1355
f 12177 12178 12179 12180
f 12181 12182 12183 12184
f 12177 12178 12182 12181
f 12178 12179 12183 12182
f 12179 12180 12184 12183
f 12180 12177 12181 12184
o Box1523
v 23.9786 -9.02032 14.1994
v 26.1411 -7.17236 13.2389
v 27.1029 -7.60053 14.5806
v 24.9404 -9.44849 15.5411
v 24.0591 -9.16921 14.0941
v 26.2216 -7.32125 13.1337
v 27.1834 -7.74943 14.4754
v 25.0209 -9.59739 15.4358
f 12185 12186 12187 12188
f 12189 12190 12191 12192
f 12185 12186 12190 12189
f 12186 12187 12191 12190
f 12187 12188 12192 12191
f 12188 12185 12189 12192
o Box1524
v 23.8788 -8.2092 13.5525
v 25.5957 -6.43659 12.9988
v 26.2013 -6.89959 13.3942
v 24.4843 -8.6722 13.9479
v 23.8788 -8.20921 13.5525
v 25.5957 -6.43659 12.9988
v 26.2013 -6.89959 13.3942
v 24.4843 -8.67221 13.9479
f 12193 12194 12195 12196
f 12197 12198 12199 12200
f 12193 12194 12198 12197
f 12194 12195 12199 12198
f 12195 12196 12200 12199
f 12196 12193 12197 12200
o Box1525
v 24.557 -9.3475 14.748
v 26.6996 -7.74814 13.9158
v 27.083 -7.84909 14.7089
v 24.9403 -9.44845 15.5411
v 24.557 -9.34755 14.748
v 26.6996 -7.74819 13.9158
v 27.083 -7.84914 14.7089
v 24.9404 -9.4485 15.5411
f 12201 12202 12203 12204
f 12205 12206 12207 12208
f 12201 12202 12206 12205
f 12202 12203 12207 12206
f 12203 12204 12208 12207
f 12204 12201 12205 12208
o Box1526
v 24.2543 -8.87575 14.0346
v 26.1856 -7.16666 13.3063
v 26.7006 -7.47974 13.9373
v 24.7693 -9.18882 14.6656
v 24.2544 -8.87587 14.0345
v 26.1857 -7.16678 13.3062
v 26.7007 -7.47986 13.9372
v 24.7694 -9.18894 14.6655
f 12209 12210 12211 12212
f 12213 12214 12215 12216
f 12209 12210 12214 12213
f 12210 12211 12215 12214
f 12211 12212 12216 12215
f 12212 12209 12213 12216
o Box1527
v 23.4728 -7.42668 13.3557
v 25.0009 -5.64803 13.0311
v 25.6477 -6.18194 13.1502
v 24.1196 -7.9606 13.4748
v 23.4728 -7.42669 13.3557
v 25.0009 -5.64803 13.0311
v 25.6477 -6.18195 13.1502
v 24.1196 -7.9606 13.4748
f 12217 12218 12219 12220
f 12221 12222 12223 12224
f 12217 12218 12222 12221
f 12218 12219 12223 12222
f 12219 12220 12224 12223
f 12220 12217 12221 12224
o Box1528
v 23.7726 -8.87088 14.3503
v 25.967 -6.72047 13.2412
v 27.6243 -7.4613 15.0841
v 25.4298 -9.6117 16.1931
v 23.9268 -9.1597 14.0955
v 26.1213 -7.00929 12.9864
v 27.7785 -7.75012 14.8293
v 25.5841 -9.90053 15.9383
f 12225 12226 12227 12228
f 12229 12230 12231 12232
f 12225 12226 12230 12229
f 12226 12227 12231 12230
f 12227 12228 12232 12231
f 12228 12225 12229 12232
o Box1529
v 24.2945 -9.13583 14.5629
v 26.4921 -7.35302 13.6816
v 27.4239 -7.76599 15.1698
v 25.2262 -9.54879 16.0511
v 24.3793 -9.28741 14.4678
v 26.5769 -7.5046 13.5865
v 27.5087 -7.91757 15.0746
v 25.311 -9.70037 15.9559
f 12233 12234 12235 12236
f 12237 12238 12239 12240
f 12233 12234 12238 12237
f 12234 12235 12239 12238
f 12235 12236 12240 12239
f 12236 12233 12237 12240
o Box1530
v 24.8301 -8.96143 14.1715
v 26.5993 -7.24931 13.6501
v 25.967 -6.72052 13.2412
v 24.1979 -8.43263 13.7626
v 24.8301 -8.96138 14.1715
v 26.5993 -7.24927 13.6501
v 25.967 -6.72047 13.2412
v 24.1978 -8.43259 13.7626
f 12241 12242 12243 12244
f 12245 12246 12247 12248
f 12241 12242 12246 12245
f 12242 12243 12247 12246
f 12243 12244 12248 12247
f 12244 12241 12245 12248
o Box1531
v 24.7577 -9.3863 15.1656
v 26.9212 -7.80627 14.3745
v 27.3193 -7.9414 15.1933
v 25.1558 -9.52143 15.9844
v 24.7578 -9.3866 15.1655
v 26.9213 -7.80656 14.3744
v 27.3194 -7.94169 15.1932
v 25.1559 -9.52172 15.9843
f 12249 12250 12251 12252
f 12253 12254 12255 12256
f 12249 12250 12254 12253
f 12250 12251 12255 12254
f 12251 12252 12256 12255
f 12252 12249 12253 12256
o Box1532
v 24.5238 -9.0224 14.3649
v 26.4921 -7.35295 13.6817
v 27.0278 -7.71625 14.3374
v 25.0595 -9.38569 15.0206
v 24.5238 -9.02247 14.3649
v 26.4921 -7.35302 13.6816
v 27.0278 -7.71631 14.3373
v 25.0596 -9.38576 15.0206
f 12257 12258 12259 12260
f 12261 12262 12263 12264
f 12257 12258 12262 12261
f 12258 12259 12263 12262
f 12259 12260 12264 12263
f 12260 12257 12261 12264
o Box1533
v 24.3936 -8.26376 13.2555
v 26.1427 -6.53587 13.0525
v 24.6419 -5.00484 13.1527
v 22.8928 -6.73272 13.3556
v 24.412 -8.25885 13.4553
v 26.1611 -6.53097 13.2524
v 24.6602 -4.99993 13.3526
v 22.9111 -6.72782 13.5555
f 12265 12266 12267 12268
f 12269 12270 12271 12272
f 12265 12266 12270 12269
f 12266 12267 12271 12270
f 12267 12268 12272 12271
f 12268 12265 12269 12272
o Box1534
v 24.8655 -7.2323 13.7277
v 26.0249 -4.31522 12.6326
v 28.389 -4.97562 13.3763
v 27.2297 -7.8927 14.4714
v 24.9362 -7.40098 13.3532
v 26.0956 -4.4839 12.2581
v 28.4597 -5.1443 13.0018
v 27.3004 -8.06138 14.0969
f 12273 12274 12275 12276
f 12277 12278 12279 12280
f 12273 12274 12278 12277
f 12274 12275 12279 12278
f 12275 12276 12280 12279
f 12276 12273 12277 12280
o Box1535
v 23.0817 -6.6178 13.4664
v 24.4735 -4.89763 13.3987
v 25.1109 -5.41979 13.2357
v 23.7192 -7.13996 13.3034
v 23.0817 -6.61778 13.4663
v 24.4735 -4.89762 13.3986
v 25.1109 -5.41978 13.2355
v 23.7192 -7.13995 13.3033
f 12281 12282 12283 12284
f 12285 12286 12287 12288
f 12281 12282 12286 12285
f 12282 12283 12287 12286
f 12283 12284 12288 12287
f 12284 12281 12285 12288
o Box1536
v 23.2737 -7.28813 13.539
v 24.8864 -5.2359 13.2931
v 26.275 -6.33043 13.2652
v 24.6622 -8.38266 13.5111
v 23.2598 -7.30073 13.3429
v 24.8726 -5.24851 13.0969
v 26.2611 -6.34303 13.0691
v 24.6483 -8.39526 13.315
f 12289 12290 12291 12292
f 12293 12294 12295 12296
f 12289 12290 12294 12293
f 12290 12291 12295 12294
f 12291 12292 12296 12295
f 12292 12289 12293 12296
o Box1537
v 23.8209 -7.69173 13.4258
v 25.4094 -5.98519 13.1064
v 26.0852 -6.59349 13.2175
v 24.4967 -8.30002 13.5369
v 23.8209 -7.69174 13.4257
v 25.4094 -5.9852 13.1063
v 26.0852 -6.5935 13.2174
v 24.4967 -8.30004 13.5368
f 12297 12298 12299 12300
f 12301 12302 12303 12304
f 12297 12298 12302 12301
f 12298 12299 12303 12302
f 12299 12300 12304 12303
f 12300 12297 12301 12304
o Box1538
v 23.4383 -6.88918 13.3864
v 24.8865 -5.2359 13.2931
v 25.5483 -5.82668 13.0976
v 24.1001 -7.47997 13.1909
v 23.4382 -6.88916 13.3862
v 24.8864 -5.23588 13.2929
v 25.5483 -5.82666 13.0974
v 24.1001 -7.47994 13.1907
f 12305 12306 12307 12308
f 12309 12310 12311 12312
f 12305 12306 12310 12309
f 12306 12307 12311 12310
f 12307 12308 12312 12311
f 12308 12305 12309 12312
o Box1539
v 26.3116 -7.58814 13.7806
v 27.8446 -5.59178 12.9406
v 28.4543 -5.81004 13.5346
v 26.9212 -7.80641 14.3745
v 26.3117 -7.5883 13.7804
v 27.8447 -5.59193 12.9404
v 28.4544 -5.8102 13.5344
v 26.9213 -7.80656 14.3744
f 12313 12314 12315 12316
f 12317 12318 12319 12320
f 12313 12314 12318 12317
f 12314 12315 12319 12318
f 12315 12316 12320 12319
f 12316 12313 12317 12320
o Box1540
v 25.0325 -6.67506 13.3735
v 26.2731 -4.30108 12.7204
v 27.7327 -4.97904 13.0286
v 26.4921 -7.35302 13.6816
v 25.0453 -6.73395 13.1836
v 26.2858 -4.35997 12.5306
v 27.7454 -5.03793 12.8387
v 26.5048 -7.41191 13.4918
f 12321 12322 12323 12324
f 12325 12326 12327 12328
f 12321 12322 12326 12325
f 12322 12323 12327 12326
f 12323 12324 12328 12327
f 12324 12321 12325 12328
o Box1541
v 25.783 -7.00046 13.332
v 27.1078 -4.98433 12.6782
v 27.8169 -5.33684 13.0279
v 26.4921 -7.35297 13.6817
v 25.7831 -7.00051 13.3319
v 27.1079 -4.98438 12.6781
v 27.8169 -5.33689 13.0278
v 26.4921 -7.35302 13.6816
f 12329 12330 12331 12332
f 12333 12334 12335 12336
f 12329 12330 12334 12333
f 12330 12331 12335 12334
f 12331 12332 12336 12335
f 12332 12329 12333 12336
o Box1542
v 25.2246 -6.30298 13.1731
v 26.3798 -4.31658 12.7562
v 27.1222 -4.73407 12.8243
v 25.967 -6.72047 13.2412
v 25.2246 -6.303 13.173
v 26.3798 -4.3166 12.7561
v 27.1222 -4.73409 12.8242
v 25.967 -6.72049 13.2411
f 12337 12338 12339 12340
f 12341 12342 12343 12344
f 12337 12338 12342 12341
f 12338 12339 12343 12342
f 12339 12340 12344 12343
f 12340 12337 12341 12344
o Box1543
v 23.7263 -9.74306 15.9243
v 27.1745 -8.71154 14.6193
v 27.3197 -5.20681 17.7732
v 23.8715 -6.23834 19.0782
v 24.1869 -10.3942 16.6266
v 27.6351 -9.36266 15.3216
v 27.7803 -5.85794 18.4756
v 24.3321 -6.88946 19.7806
f 12345 12346 12347 12348
f 12349 12350 12351 12352
f 12345 12346 12350 12349
f 12346 12347 12351 12350
f 12347 12348 12352 12351
f 12348 12345 12349 12352
o Box1544
v 25.6026 -9.77536 14.2923
v 29.5093 -5.53207 14.7221
v 27.5155 -4.09012 18.6094
v 23.6088 -8.33341 18.1797
v 26.2932 -10.4733 14.9054
v 30.1999 -6.22997 15.3352
v 28.2061 -4.78802 19.2225
v 24.2993 -9.03131 18.7927
f 12353 12354 12355 12356
f 12357 12358 12359 12360
f 12353 12354 12358 12357
f 12354 12355 12359 12358
f 12355 12356 12360 12359
f 12356 12353 12357 12360
o Box1545
v 24.8146 -9.11548 17.3116
v 27.2771 -7.84986 16.9468
v 26.296 -5.54608 18.3167
v 23.8335 -6.81169 18.6814
v 24.936 -9.25768 17.6376
v 27.3985 -7.99206 17.2729
v 26.4174 -5.68828 18.6428
v 23.9548 -6.95389 19.0075
f 12361 12362 12363 12364
f 12365 12366 12367 12368
f 12361 12362 12366 12365
f 12362 12363 12367 12366
f 12363 12364 12368 12367
f 12364 12361 12365 12368
o Box1546
v 24.9881 -9.52609 15.2761
v 27.3966 -7.89525 15.2324
v 26.4141 -6.35807 18.4462
v 24.0056 -7.98891 18.4899
v 25.3138 -9.99837 15.6016
v 27.7223 -8.36753 15.5578
v 26.7398 -6.83035 18.7716
v 24.3313 -8.46119 18.8154
f 12369 12370 12371 12372
f 12373 12374 12375 12376
f 12369 12370 12374 12373
f 12370 12371 12375 12374
f 12371 12372 12376 12375
f 12372 12369 12373 12376
o Box1547
v 24.3096 -9.20815 17.3482
v 27.2782 -8.26369 16.5948
v 26.8968 -6.02874 17.8937
v 23.9282 -6.9732 18.6471
v 24.453 -9.38398 17.6928
v 27.4216 -8.43951 16.9394
v 27.0402 -6.20456 18.2383
v 24.0716 -7.14902 18.9917
f 12377 12378 12379 12380
f 12381 12382 12383 12384
f 12377 12378 12382 12381
f 12378 12379 12383 12382
f 12379 12380 12384 12383
f 12380 12377 12381 12384
o Box1548
v 24.0347 -7.32051 18.5843
v 26.5079 -6.5018 18.2543
v 26.2509 -5.66446 18.4055
v 23.7777 -6.48317 18.7356
v 24.0348 -7.32051 18.5844
v 26.5079 -6.50181 18.2543
v 26.2509 -5.66447 18.4056
v 23.7778 -6.48318 18.7356
f 12385 12386 12387 12388
f 12389 12390 12391 12392
f 12385 12386 12390 12389
f 12386 12387 12391 12390
f 12387 12388 12392 12391
f 12388 12385 12389 12392
o Box1549
v 24.3847 -8.60809 18.0183
v 27.063 -7.67188 17.5287
v 26.6065 -6.03698 18.1575
v 23.9281 -6.97319 18.6471
v 24.4372 -8.66333 18.2001
v 27.1156 -7.72712 17.7105
v 26.659 -6.09223 18.3393
v 23.9807 -7.02844 18.8288
f 12393 12394 12395 12396
f 12397 12398 12399 12400
f 12393 12394 12398 12397
f 12394 12395 12399 12398
f 12395 12396 12400 12399
f 12396 12393 12397 12400
o Box1550
v 24.7416 -9.16529 17.3736
v 27.2616 -8.02571 16.6809
v 27.1645 -7.40487 17.3486
v 24.6444 -8.54446 18.0414
v 24.7416 -9.16536 17.3737
v 27.2617 -8.02578 16.6809
v 27.1645 -7.40494 17.3487
v 24.6445 -8.54453 18.0415
f 12401 12402 12403 12404
f 12405 12406 12407 12408
f 12401 12402 12406 12405
f 12402 12403 12407 12406
f 12403 12404 12408 12407
f 12404 12401 12405 12408
o Box1551
v 24.2206 -7.83817 18.5091
v 26.6629 -6.96007 18.1811
v 26.3704 -6.09509 18.3192
v 23.9282 -6.97319 18.6471
v 24.2206 -7.83818 18.5091
v 26.6629 -6.96007 18.1812
v 26.3704 -6.09509 18.3192
v 23.9282 -6.9732 18.6471
f 12409 12410 12411 12412
f 12413 12414 12415 12416
f 12409 12410 12414 12413
f 12410 12411 12415 12414
f 12411 12412 12416 12415
f 12412 12409 12413 12416
o Box1552
v 24.5356 -8.5875 18.0642
v 27.0501 -7.59259 17.5379
v 26.8306 -6.80899 17.97
v 24.316 -7.8039 18.4963
v 24.5356 -8.58753 18.0642
v 27.0502 -7.59262 17.5379
v 26.8306 -6.80902 17.9701
v 24.316 -7.80393 18.4964
f 12417 12418 12419 12420
f 12421 12422 12423 12424
f 12417 12418 12422 12421
f 12418 12419 12423 12422
f 12419 12420 12424 12423
f 12420 12417 12421 12424
o Box1553
v 24.5183 -9.604 15.6782
v 27.065 -8.14988 14.6957
v 27.4205 -7.65144 16.3548
v 24.8739 -9.10556 17.3374
v 24.6232 -9.76933 15.7054
v 27.1699 -8.31521 14.7229
v 27.5254 -7.81677 16.382
v 24.9788 -9.27089 17.3646
f 12425 12426 12427 12428
f 12429 12430 12431 12432
f 12425 12426 12430 12429
f 12426 12427 12431 12430
f 12427 12428 12432 12431
f 12428 12425 12429 12432
o Box1554
v 24.3234 -9.06824 17.2037
v 27.3028 -7.98597 16.1622
v 27.2298 -6.12912 17.8827
v 24.2503 -7.21138 18.9242
v 24.5101 -9.31664 17.4797
v 27.4896 -8.23438 16.4383
v 27.4165 -6.37753 18.1588
v 24.437 -7.45979 19.2002
f 12433 12434 12435 12436
f 12437 12438 12439 12440
f 12433 12434 12438 12437
f 12434 12435 12439 12438
f 12435 12436 12440 12439
f 12436 12433 12437 12440
o Box1555
v 24.8162 -9.5044 16.5218
v 27.2711 -8.20559 15.7131
v 27.3287 -7.80664 16.5286
v 24.8738 -9.10545 17.3373
v 24.8163 -9.50452 16.5219
v 27.2712 -8.20571 15.7132
v 27.3287 -7.80676 16.5287
v 24.8739 -9.10557 17.3374
f 12441 12442 12443 12444
f 12445 12446 12447 12448
f 12441 12442 12446 12445
f 12442 12443 12447 12446
f 12443 12444 12448 12447
f 12444 12441 12445 12448
o Box1556
v 24.7518 -9.56645 15.6106
v 27.0762 -8.1091 14.7523
v 27.301 -7.96217 15.6107
v 24.9766 -9.41953 16.469
v 24.7519 -9.56663 15.6106
v 27.0763 -8.10927 14.7523
v 27.3011 -7.96235 15.6107
v 24.9768 -9.41971 16.469
f 12449 12450 12451 12452
f 12453 12454 12455 12456
f 12449 12450 12454 12453
f 12450 12451 12455 12454
f 12451 12452 12456 12455
f 12452 12449 12453 12456
o Box1557
v 24.3987 -8.12938 18.3095
v 26.933 -7.17473 17.7682
v 26.7398 -6.4144 18.2047
v 24.2055 -7.36905 18.7459
v 24.3987 -8.12941 18.3095
v 26.9331 -7.17476 17.7683
v 26.7399 -6.41444 18.2048
v 24.2055 -7.36909 18.746
f 12457 12458 12459 12460
f 12461 12462 12463 12464
f 12457 12458 12462 12461
f 12458 12459 12463 12462
f 12459 12460 12464 12463
f 12460 12457 12461 12464
o Box1558
v 24.6295 -9.22311 17.0429
v 27.3029 -7.98598 16.1622
v 27.2924 -6.93983 17.6
v 24.6191 -8.17697 18.4807
v 24.7275 -9.36219 17.1448
v 27.4008 -8.12505 16.2642
v 27.3903 -7.07891 17.7019
v 24.717 -8.31605 18.5826
f 12465 12466 12467 12468
f 12469 12470 12471 12472
f 12465 12466 12470 12469
f 12466 12467 12471 12470
f 12467 12468 12472 12471
f 12468 12465 12469 12472
o Box1559
v 24.6793 -8.80914 17.7463
v 27.2091 -7.69021 17.0418
v 27.1298 -7.08774 17.7135
v 24.5999 -8.20667 18.4181
v 24.6793 -8.80916 17.7463
v 27.2092 -7.69023 17.0418
v 27.1298 -7.08776 17.7135
v 24.5999 -8.20669 18.4181
f 12473 12474 12475 12476
f 12477 12478 12479 12480
f 12473 12474 12478 12477
f 12474 12475 12479 12478
f 12475 12476 12480 12479
f 12476 12473 12477 12480
o Box1560
v 24.8425 -9.27667 16.967
v 27.3028 -7.98594 16.1622
v 27.3728 -7.60435 16.9882
v 24.9125 -8.89509 17.793
v 24.8425 -9.27672 16.967
v 27.3029 -7.98598 16.1623
v 27.3728 -7.60439 16.9882
v 24.9125 -8.89513 17.793
f 12481 12482 12483 12484
f 12485 12486 12487 12488
f 12481 12482 12486 12485
f 12482 12483 12487 12486
f 12483 12484 12488 12487
f 12484 12481 12485 12488
o Box1561
v 24.8776 -9.45974 16.1584
v 29.0279 -6.2885 14.4243
v 29.2944 -6.16525 15.2874
v 25.1441 -9.33649 17.0216
v 25.0385 -9.68022 16.1403
v 29.1888 -6.50899 14.4061
v 29.4552 -6.38574 15.2692
v 25.305 -9.55697 17.0034
f 12489 12490 12491 12492
f 12493 12494 12495 12496
f 12489 12490 12494 12493
f 12490 12491 12495 12494
f 12491 12492 12496 12495
f 12492 12489 12493 12496
o Box1562
v 26.1384 -8.34962 16.572
v 29.2637 -6.99826 14.9508
v 29.0959 -4.15641 16.996
v 25.9705 -5.50777 18.6172
v 26.5418 -8.68458 17.0705
v 29.6672 -7.33322 15.4493
v 29.4993 -4.49136 17.4945
v 26.374 -5.84272 19.1157
f 12497 12498 12499 12500
f 12501 12502 12503 12504
f 12497 12498 12502 12501
f 12498 12499 12503 12502
f 12499 12500 12504 12503
f 12500 12497 12501 12504
o Box1563
v 24.8693 -9.47639 16.0697
v 27.2029 -8.02638 15.2359
v 27.4387 -7.90122 16.1136
v 25.1052 -9.35122 16.9475
v 24.8694 -9.47662 16.0697
v 27.203 -8.02662 15.2359
v 27.4389 -7.90145 16.1136
v 25.1053 -9.35145 16.9474
f 12505 12506 12507 12508
f 12509 12510 12511 12512
f 12505 12506 12510 12509
f 12506 12507 12511 12510
f 12507 12508 12512 12511
f 12508 12505 12509 12512
o Box1564
v 27.0463 -8.17334 15.3159
v 28.9979 -6.34101 14.3186
v 29.2545 -6.15363 15.165
v 27.3028 -7.98597 16.1622
v 27.0463 -8.17338 15.3159
v 28.998 -6.34105 14.3186
v 29.2545 -6.15367 15.165
v 27.3029 -7.98601 16.1622
f 12513 12514 12515 12516
f 12517 12518 12519 12520
f 12513 12514 12518 12517
f 12514 12515 12519 12518
f 12515 12516 12520 12519
f 12516 12513 12517 12520
o Box1565
v 26.6872 -7.28614 17.7656
v 29.1037 -5.88417 17.0947
v 28.4015 -4.35053 17.7702
v 25.985 -5.7525 18.4411
v 26.7617 -7.3299 17.9424
v 29.1782 -5.92793 17.2715
v 28.476 -4.3943 17.947
v 26.0595 -5.79626 18.6179
f 12521 12522 12523 12524
f 12525 12526 12527 12528
f 12521 12522 12526 12525
f 12522 12523 12527 12526
f 12523 12524 12528 12527
f 12524 12521 12525 12528
o Box1566
v 26.9739 -8.1493 16.2588
v 29.2825 -6.44351 15.22
v 29.2416 -5.46897 16.7296
v 26.9331 -7.17476 17.7683
v 27.1026 -8.27276 16.342
v 29.4112 -6.56697 15.3032
v 29.3703 -5.59243 16.8128
v 27.0617 -7.29822 17.8515
f 12529 12530 12531 12532
f 12533 12534 12535 12536
f 12529 12530 12534 12533
f 12530 12531 12535 12534
f 12531 12532 12536 12535
f 12532 12529 12533 12536
o Box1567
v 26.4208 -6.55328 18.2738
v 28.6263 -5.24949 17.7787
v 28.1905 -4.44869 17.9458
v 25.985 -5.75249 18.4409
v 26.4209 -6.55329 18.274
v 28.6264 -5.24949 17.7788
v 28.1905 -4.4487 17.9459
v 25.985 -5.7525 18.4411
f 12537 12538 12539 12540
f 12541 12542 12543 12544
f 12537 12538 12542 12541
f 12538 12539 12543 12542
f 12539 12540 12544 12543
f 12540 12537 12541 12544
o Box1568
v 26.8357 -7.23682 17.7984
v 29.0773 -5.80759 17.1059
v 28.7494 -5.07253 17.5617
v 26.5079 -6.50176 18.2542
v 26.8358 -7.23687 17.7985
v 29.0774 -5.80763 17.106
v 28.7495 -5.07257 17.5618
v 26.5079 -6.5018 18.2543
f 12545 12546 12547 12548
f 12549 12550 12551 12552
f 12545 12546 12550 12549
f 12546 12547 12551 12550
f 12547 12548 12552 12551
f 12548 12545 12549 12552
o Box1569
v 27.0935 -7.77215 17.0863
v 29.3034 -6.20422 16.2328
v 29.1429 -5.60678 16.9148
v 26.933 -7.17471 17.7683
v 27.0936 -7.77221 17.0864
v 29.3035 -6.20428 16.2329
v 29.143 -5.60684 16.9148
v 26.9331 -7.17477 17.7683
f 12553 12554 12555 12556
f 12557 12558 12559 12560
f 12553 12554 12558 12557
f 12554 12555 12559 12558
f 12555 12556 12560 12559
f 12556 12553 12557 12560
o Box1570
v 27.1659 -8.09652 16.2244
v 29.2762 -6.38984 15.2644
v 29.3194 -5.98351 16.0817
v 27.2091 -7.69019 17.0417
v 27.166 -8.09663 16.2245
v 29.2763 -6.38995 15.2645
v 29.3195 -5.98362 16.0818
v 27.2092 -7.69029 17.0418
f 12561 12562 12563 12564
f 12565 12566 12567 12568
f 12561 12562 12566 12565
f 12562 12563 12567 12566
f 12563 12564 12568 12567
f 12564 12561 12565 12568
o Box1571
v 23.9293 -6.19939 11.8514
v 26.8046 -2.52216 13.1761
v 24.1804 -1.8133 16.9044
v 21.305 -5.49054 15.5796
v 24.7071 -7.06405 12.5633
v 27.5824 -3.38682 13.888
v 24.9582 -2.67797 17.6162
v 22.0829 -6.3552 16.2915
f 12569 12570 12571 12572
f 12573 12574 12575 12576
f 12569 12570 12574 12573
f 12570 12571 12575 12574
f 12571 12572 12576 12575
f 12572 12569 12573 12576
o Box1572
v 23.7411 -7.45918 18.1063
v 28.6331 -5.48421 18.3775
v 27.4086 -2.0904 15.7514
v 22.5166 -4.06537 15.4801
v 23.4173 -6.79574 19.1146
v 28.3093 -4.82077 19.3858
v 27.0848 -1.42696 16.7597
v 22.1928 -3.40192 16.4885
f 12577 12578 12579 12580
f 12581 12582 12583 12584
f 12577 12578 12582 12581
f 12578 12579 12583 12582
f 12579 12580 12584 12583
f 12580 12577 12581 12584
o Box1573
v 21.263 -5.383 15.4144
v 24.1175 -6.34551 11.9668
v 26.1901 -3.90993 13.0028
v 23.3357 -2.94742 16.4505
v 21.7664 -6.07033 16.0231
v 24.6209 -7.03284 12.5754
v 26.6935 -4.59726 13.6115
v 23.8391 -3.63475 17.0592
f 12585 12586 12587 12588
f 12589 12590 12591 12592
f 12585 12586 12590 12589
f 12586 12587 12591 12590
f 12587 12588 12592 12591
f 12588 12585 12589 12592
o Box1574
v 23.7861 -6.25665 13.4493
v 22.9995 -4.87328 16.529
v 25.5098 -2.57067 16.1359
v 26.2964 -3.95403 13.0562
v 23.2793 -5.76401 13.0986
v 22.4927 -4.38064 16.1783
v 25.003 -2.07802 15.7851
v 25.7896 -3.46139 12.7054
f 12593 12594 12595 12596
f 12597 12598 12599 12600
f 12593 12594 12598 12597
f 12594 12595 12599 12598
f 12595 12596 12600 12599
f 12596 12593 12597 12600
o Box1575
v 22.9246 -5.20302 13.5335
v 24.7956 -3.29563 15.0007
v 23.4579 -3.55363 17.0419
v 21.5869 -5.46102 15.5747
v 23.1709 -5.5363 13.6527
v 25.0419 -3.62892 15.1199
v 23.7042 -3.88691 17.1612
v 21.8332 -5.7943 15.694
f 12601 12602 12603 12604
f 12605 12606 12607 12608
f 12601 12602 12606 12605
f 12602 12603 12607 12606
f 12603 12604 12608 12607
f 12604 12601 12605 12608
o Box1576
v 23.598 -6.83661 12.864
v 26.6882 -4.78502 12.4269
v 25.5643 -2.79333 13.8299
v 22.4741 -4.84492 14.267
v 23.8059 -7.04978 13.3331
v 26.8961 -4.99819 12.896
v 25.7722 -3.00649 14.2991
v 22.682 -5.05808 14.7361
f 12609 12610 12611 12612
f 12613 12614 12615 12616
f 12609 12610 12614 12613
f 12610 12611 12615 12614
f 12611 12612 12616 12615
f 12612 12609 12613 12616
o Box1577
v 22.9105 -5.42998 13.8012
v 24.4657 -3.72764 14.6586
v 23.5653 -3.55752 15.9541
v 22.0101 -5.25986 15.0966
v 23.0147 -5.57092 13.8921
v 24.5699 -3.86858 14.7495
v 23.6694 -3.69846 16.045
v 22.1142 -5.4008 15.1875
f 12617 12618 12619 12620
f 12621 12622 12623 12624
f 12617 12618 12622 12621
f 12618 12619 12623 12622
f 12619 12620 12624 12623
f 12620 12617 12621 12624
o Box1578
v 22.6972 -4.88526 14.426
v 24.3114 -3.78219 14.4894
v 24.0766 -3.55069 16.442
v 22.4624 -4.65376 16.3787
v 22.793 -5.02708 14.4544
v 24.4072 -3.92401 14.5177
v 24.1724 -3.69251 16.4703
v 22.5582 -4.79558 16.407
f 12625 12626 12627 12628
f 12629 12630 12631 12632
f 12625 12626 12630 12629
f 12626 12627 12631 12630
f 12627 12628 12632 12631
f 12628 12625 12629 12632
o Box1579
v 23.0029 -5.56869 13.909
v 24.3516 -4.14747 14.2889
v 23.8663 -3.85587 14.9209
v 22.5176 -5.27709 14.541
v 23.003 -5.56875 13.9091
v 24.3517 -4.14753 14.289
v 23.8664 -3.85592 14.921
v 22.5177 -5.27715 14.541
f 12633 12634 12635 12636
f 12637 12638 12639 12640
f 12633 12634 12638 12637
f 12634 12635 12639 12638
f 12635 12636 12640 12639
f 12636 12633 12637 12640
o Box1580
v 22.7735 -5.00759 14.6131
v 24.2179 -3.7884 15.1051
v 23.8645 -3.6858 15.8881
v 22.4201 -4.90499 15.3961
v 22.7735 -5.00768 14.6131
v 24.2179 -3.78849 15.1052
v 23.8646 -3.68589 15.8882
v 22.4202 -4.90508 15.3961
f 12641 12642 12643 12644
f 12645 12646 12647 12648
f 12641 12642 12646 12645
f 12642 12643 12647 12646
f 12643 12644 12648 12647
f 12644 12641 12645 12648
o Box1581
v 22.6707 -4.69364 15.4815
v 24.2655 -3.6658 15.9828
v 24.0728 -3.78434 16.8387
v 22.478 -4.81218 16.3374
v 22.6707 -4.69369 15.4815
v 24.2655 -3.66585 15.9828
v 24.0728 -3.78439 16.8387
v 22.4781 -4.81223 16.3374
f 12649 12650 12651 12652
f 12653 12654 12655 12656
f 12649 12650 12654 12653
f 12650 12651 12655 12654
f 12651 12652 12656 12655
f 12652 12649 12653 12656
o Box1582
v 22.9921 -5.0621 14.1028
v 24.4326 -3.8368 14.5891
v 24.0915 -3.75174 15.3851
v 22.651 -4.97704 14.8988
v 22.9922 -5.06227 14.1029
v 24.4328 -3.83697 14.5892
v 24.0917 -3.75192 15.3852
v 22.6511 -4.97721 14.8989
f 12657 12658 12659 12660
f 12661 12662 12663 12664
f 12657 12658 12662 12661
f 12658 12659 12663 12662
f 12659 12660 12664 12663
f 12660 12657 12661 12664
o Box1583
v 22.67 -5.90129 14.1548
v 24.1852 -4.0475 14.5056
v 25.3385 -4.79619 13.4806
v 23.8233 -6.64997 13.1298
v 22.5829 -5.79713 13.9807
v 24.0981 -3.94334 14.3315
v 25.2514 -4.69202 13.3064
v 23.7362 -6.54581 12.9557
f 12665 12666 12667 12668
f 12669 12670 12671 12672
f 12665 12666 12670 12669
f 12666 12667 12671 12670
f 12667 12668 12672 12671
f 12668 12665 12669 12672
o Box1584
v 24.699 -5.57595 13.3211
v 25.7493 -3.67069 13.1644
v 26.4597 -4.07996 12.9499
v 25.4094 -5.98522 13.1065
v 24.6989 -5.57594 13.3208
v 25.7492 -3.67067 13.1642
v 26.4597 -4.07994 12.9496
v 25.4094 -5.98521 13.1063
f 12673 12674 12675 12676
f 12677 12678 12679 12680
f 12673 12674 12678 12677
f 12674 12675 12679 12678
f 12675 12676 12680 12679
f 12676 12673 12677 12680
o Box1585
v 22.7497 -5.87299 13.8745
v 24.0786 -4.27591 14.0557
v 24.6603 -4.7122 13.6354
v 23.3314 -6.30928 13.4542
v 22.7497 -5.87296 13.8744
v 24.0786 -4.27588 14.0556
v 24.6602 -4.71217 13.6353
v 23.3313 -6.30925 13.4541
f 12681 12682 12683 12684
f 12685 12686 12687 12688
f 12681 12682 12686 12685
f 12682 12683 12687 12686
f 12683 12684 12688 12687
f 12684 12681 12685 12688
o Box1586
v 22.7211 -5.98998 14.036
v 24.1852 -4.0475 14.5056
v 25.3567 -4.68482 13.4896
v 23.8926 -6.6273 13.02
v 22.6417 -5.89327 13.8837
v 24.1058 -3.95079 14.3534
v 25.2772 -4.58811 13.3373
v 23.8131 -6.53059 12.8677
f 12689 12690 12691 12692
f 12693 12694 12695 12696
f 12689 12690 12694 12693
f 12690 12691 12695 12694
f 12691 12692 12696 12695
f 12692 12689 12693 12696
o Box1587
v 23.093 -6.11574 13.6426
v 24.4613 -4.56295 13.7791
v 25.0549 -5.04478 13.3099
v 23.6865 -6.59757 13.1734
v 23.0929 -6.11572 13.6426
v 24.4613 -4.56293 13.779
v 25.0548 -5.04476 13.3098
v 23.6865 -6.59755 13.1734
f 12697 12698 12699 12700
f 12701 12702 12703 12704
f 12697 12698 12702 12701
f 12698 12699 12703 12702
f 12699 12700 12704 12703
f 12700 12697 12701 12704
o Box1588
v 23.3027 -5.75742 13.4889
v 24.667 -4.35087 13.8306
v 24.1852 -4.04742 14.5056
v 22.8208 -5.45398 14.1639
v 23.3027 -5.75751 13.489
v 24.6671 -4.35095 13.8307
v 24.1852 -4.0475 14.5056
v 22.8209 -5.45406 14.164
f 12705 12706 12707 12708
f 12709 12710 12711 12712
f 12705 12706 12710 12709
f 12706 12707 12711 12710
f 12707 12708 12712 12711
f 12708 12705 12709 12712
o Box1589
v 23.7962 -4.71014 14.4396
v 25.0177 -2.70046 14.6795
v 26.5268 -3.42859 13.0954
v 25.3054 -5.43827 12.8555
v 23.7023 -4.63842 14.3171
v 24.9237 -2.62874 14.557
v 26.4328 -3.35687 12.9729
v 25.2114 -5.36655 12.7331
f 12713 12714 12715 12716
f 12717 12718 12719 12720
f 12713 12714 12718 12717
f 12714 12715 12719 12718
f 12715 12716 12720 12719
f 12716 12713 12717 12720
o Box1590
v 22.791 -4.7939 14.1977
v 25.4495 -2.4584 14.2645
v 25.2586 -2.29933 16.3013
v 22.6001 -4.63482 16.2345
v 23.046 -5.08552 14.2444
v 25.7046 -2.75003 14.3111
v 25.5136 -2.59095 16.3479
v 22.8551 -4.92645 16.2812
f 12721 12722 12723 12724
f 12725 12726 12727 12728
f 12721 12722 12726 12725
f 12722 12723 12727 12726
f 12723 12724 12728 12727
f 12724 12721 12725 12728
o Box1591
v 24.7997 -5.15705 13.1296
v 25.8744 -2.96794 13.6151
v 24.7658 -2.6674 14.7139
v 23.6911 -4.85651 14.2284
v 24.9127 -5.24302 13.2671
v 25.9874 -3.0539 13.7526
v 24.8788 -2.75336 14.8514
v 23.8041 -4.94248 14.3659
f 12729 12730 12731 12732
f 12733 12734 12735 12736
f 12729 12730 12734 12733
f 12730 12731 12735 12734
f 12731 12732 12736 12735
f 12732 12729 12733 12736
o Box1592
v 24.2704 -5.02398 13.918
v 25.3873 -2.87881 14.2915
v 26.5856 -3.31097 13.1904
v 25.4687 -5.45613 12.8169
v 24.1654 -4.94394 13.7723
v 25.2823 -2.79878 14.1458
v 26.4806 -3.23093 13.0447
v 25.3637 -5.37609 12.6712
f 12737 12738 12739 12740
f 12741 12742 12743 12744
f 12737 12738 12742 12741
f 12738 12739 12743 12742
f 12739 12740 12744 12743
f 12740 12737 12741 12744
o Box1593
v 24.266 -4.90079 13.762
v 25.2935 -3.12429 13.8521
v 25.914 -3.45942 13.3831
v 24.8865 -5.23591 13.2931
v 24.2659 -4.90075 13.762
v 25.2934 -3.12426 13.852
v 25.9139 -3.45938 13.383
v 24.8864 -5.23588 13.293
f 12745 12746 12747 12748
f 12749 12750 12751 12752
f 12745 12746 12750 12749
f 12746 12747 12751 12750
f 12747 12748 12752 12751
f 12748 12745 12749 12752
o Box1594
v 24.4613 -4.56293 13.7791
v 25.553 -2.95069 14.0607
v 25.0697 -2.74105 14.7338
v 23.9781 -4.35329 14.4521
v 24.4614 -4.563 13.7791
v 25.5531 -2.95076 14.0608
v 25.0698 -2.74111 14.7338
v 23.9781 -4.35336 14.4522
f 12753 12754 12755 12756
f 12757 12758 12759 12760
f 12753 12754 12758 12757
f 12754 12755 12759 12758
f 12755 12756 12760 12759
f 12756 12753 12757 12760
o Box1595
v 24.6295 -5.08262 13.4999
v 25.7015 -3.34468 13.5437
v 26.3388 -3.72481 13.0308
v 25.2667 -5.46275 12.987
v 24.6295 -5.08259 13.4998
v 25.7015 -3.34465 13.5436
v 26.3387 -3.72478 13.0307
v 25.2667 -5.46272 12.9869
f 12761 12762 12763 12764
f 12765 12766 12767 12768
f 12761 12762 12766 12765
f 12762 12763 12767 12766
f 12763 12764 12768 12767
f 12764 12761 12765 12768
o Box1596
v 24.7606 -4.70276 13.3365
v 25.8684 -3.10359 13.5803
v 25.3873 -2.87881 14.2915
v 24.2796 -4.47799 14.0476
v 24.7607 -4.70286 13.3366
v 25.8685 -3.10368 13.5805
v 25.3874 -2.87891 14.2916
v 24.2797 -4.47808 14.0477
f 12769 12770 12771 12772
f 12773 12774 12775 12776
f 12769 12770 12774 12773
f 12770 12771 12775 12774
f 12771 12772 12776 12775
f 12772 12769 12773 12776
o Box1597
v 22.6916 -4.83112 14.5914
v 25.3242 -2.72567 14.3281
v 25.2811 -2.44501 16.1414
v 22.6485 -4.55045 16.4047
v 22.8947 -5.07961 14.6347
v 25.5273 -2.97417 14.3714
v 25.4842 -2.69351 16.1847
v 22.8516 -4.79895 16.448
f 12777 12778 12779 12780
f 12781 12782 12783 12784
f 12777 12778 12782 12781
f 12778 12779 12783 12782
f 12779 12780 12784 12783
f 12780 12777 12781 12784
o Box1598
v 24.1456 -3.88143 13.9956
v 25.6961 -2.33382 14.3789
v 25.2538 -2.43678 16.5841
v 23.7032 -3.98439 16.2008
v 24.2833 -4.02467 14.0165
v 25.8339 -2.47706 14.3998
v 25.3916 -2.58002 16.6051
v 23.841 -4.12762 16.2218
f 12785 12786 12787 12788
f 12789 12790 12791 12792
f 12785 12786 12790 12789
f 12786 12787 12791 12790
f 12787 12788 12792 12791
f 12788 12785 12789 12792
o Box1599
v 22.7916 -4.59882 14.9436
v 24.3779 -3.56517 15.4824
v 24.1914 -3.71117 16.3115
v 22.6051 -4.74482 15.7727
v 22.7917 -4.59898 14.9436
v 24.378 -3.56534 15.4824
v 24.1915 -3.71134 16.3115
v 22.6052 -4.74498 15.7727
f 12793 12794 12795 12796
f 12797 12798 12799 12800
f 12793 12794 12798 12797
f 12794 12795 12799 12798
f 12795 12796 12800 12799
f 12796 12793 12797 12800
o Box1600
v 24.1852 -4.0475 14.5056
v 25.4137 -2.6105 14.8879
v 25.1066 -2.56431 15.701
v 23.8782 -4.00131 15.3188
v 24.1853 -4.04756 14.5057
v 25.4138 -2.61056 14.888
v 25.1067 -2.56436 15.7011
v 23.8782 -4.00137 15.3188
f 12801 12802 12803 12804
f 12805 12806 12807 12808
f 12801 12802 12806 12805
f 12802 12803 12807 12806
f 12803 12804 12808 12807
f 12804 12801 12805 12808
o Box1601
v 24.0734 -3.94287 14.355
v 25.4324 -2.62273 14.2628
v 25.3364 -2.388 16.2084
v 23.9774 -3.70814 16.3006
v 24.1922 -4.06377 14.3755
v 25.5513 -2.74364 14.2833
v 25.4553 -2.50891 16.2288
v 24.0962 -3.82905 16.321
f 12809 12810 12811 12812
f 12813 12814 12815 12816
f 12809 12810 12814 12813
f 12810 12811 12815 12814
f 12811 12812 12816 12815
f 12812 12809 12813 12816
o Box1602
v 24.1563 -3.64379 14.8365
v 25.5612 -2.35879 15.2552
v 25.4616 -2.52459 16.0979
v 24.0568 -3.80959 15.6792
v 24.1564 -3.6439 14.8365
v 25.5613 -2.3589 15.2552
v 25.4617 -2.5247 16.0979
v 24.0569 -3.8097 15.6792
f 12817 12818 12819 12820
f 12821 12822 12823 12824
f 12817 12818 12822 12821
f 12818 12819 12823 12822
f 12819 12820 12824 12823
f 12820 12817 12821 12824
o Box1603
v 24.0915 -3.75174 15.3851
v 25.5012 -2.4694 15.7632
v 25.3983 -2.61336 16.6352
v 23.9886 -3.8957 16.2571
v 24.0916 -3.75184 15.3851
v 25.5013 -2.46951 15.7632
v 25.3984 -2.61346 16.6352
v 23.9887 -3.8958 16.2571
f 12825 12826 12827 12828
f 12829 12830 12831 12832
f 12825 12826 12830 12829
f 12826 12827 12831 12830
f 12827 12828 12832 12831
f 12828 12825 12829 12832
o Box1604
v 24.375 -4.06999 13.9781
v 25.5995 -2.62907 14.3572
v 25.304 -2.59404 15.1785
v 24.0795 -4.03496 14.7994
v 24.3751 -4.07 13.9781
v 25.5996 -2.62908 14.3572
v 25.304 -2.59405 15.1785
v 24.0795 -4.03497 14.7994
f 12833 12834 12835 12836
f 12837 12838 12839 12840
f 12833 12834 12838 12837
f 12834 12835 12839 12838
f 12835 12836 12840 12839
f 12836 12833 12837 12840
o Box1605
v 21.7403 -6.49654 17.4279
v 25.1828 -7.28217 19.2822
v 26.7449 -4.3221 17.6364
v 23.3023 -3.53648 15.7821
v 21.5542 -6.1168 17.9343
v 24.9968 -6.90242 19.7886
v 26.5588 -3.94236 18.1428
v 23.1162 -3.15674 16.2885
f 12841 12842 12843 12844
f 12845 12846 12847 12848
f 12841 12842 12846 12845
f 12842 12843 12847 12846
f 12843 12844 12848 12847
f 12844 12841 12845 12848
o Box1606
v 23.5646 -5.44888 16.8178
v 27.7043 -6.42356 18.5984
v 28.9653 -3.50559 17.264
v 24.8257 -2.53091 15.4833
v 23.2856 -4.8924 17.7709
v 27.4253 -5.86708 19.5516
v 28.6864 -2.94911 18.2171
v 24.5467 -1.97443 16.4365
f 12849 12850 12851 12852
f 12853 12854 12855 12856
f 12849 12850 12854 12853
f 12850 12851 12855 12854
f 12851 12852 12856 12855
f 12852 12849 12853 12856
o Box1607
v 22.598 -4.27542 16.0876
v 24.7092 -3.34331 16.4999
v 24.8652 -4.5475 18.4238
v 22.7539 -5.47961 18.0115
v 22.6737 -4.40764 15.9987
v 24.785 -3.47553 16.411
v 24.9409 -4.67972 18.3349
v 22.8296 -5.61183 17.9226
f 12857 12858 12859 12860
f 12861 12862 12863 12864
f 12857 12858 12862 12861
f 12858 12859 12863 12862
f 12859 12860 12864 12863
f 12860 12857 12861 12864
o Box1608
v 23.7664 -7.04106 18.6295
v 26.1381 -6.15864 18.5991
v 25.4026 -4.20817 17.8348
v 23.0309 -5.0906 17.8652
v 23.7472 -6.98375 18.7943
v 26.1189 -6.10132 18.7638
v 25.3834 -4.15086 17.9995
v 23.0117 -5.03328 18.03
f 12865 12866 12867 12868
f 12869 12870 12871 12872
f 12865 12866 12870 12869
f 12866 12867 12871 12870
f 12867 12868 12872 12871
f 12868 12865 12869 12872
o Box1609
v 22.6233 -4.51886 16.5136
v 24.825 -3.66395 17.0849
v 24.8463 -4.67626 18.5178
v 22.6446 -5.53118 17.9465
v 22.707 -4.66468 16.4094
v 24.9087 -3.80976 16.9807
v 24.93 -4.82208 18.4135
v 22.7283 -5.67699 17.8423
f 12873 12874 12875 12876
f 12877 12878 12879 12880
f 12873 12874 12878 12877
f 12874 12875 12879 12878
f 12875 12876 12880 12879
f 12876 12873 12877 12880
o Box1610
v 22.6893 -4.14147 15.8911
v 24.9297 -3.33166 16.632
v 24.8152 -4.23168 17.9618
v 22.5748 -5.04149 17.2209
v 22.7764 -4.29449 15.795
v 25.0167 -3.48468 16.536
v 24.9023 -4.38471 17.8657
v 22.6619 -5.19452 17.1248
f 12881 12882 12883 12884
f 12885 12886 12887 12888
f 12881 12882 12886 12885
f 12882 12883 12887 12886
f 12883 12884 12888 12887
f 12884 12881 12885 12888
o Box1611
v 22.707 -4.66465 16.4094
v 24.4815 -3.78422 16.8287
v 24.4611 -4.13861 17.6591
v 22.6866 -5.01905 17.2398
v 22.707 -4.66476 16.4094
v 24.4816 -3.78433 16.8287
v 24.4612 -4.13872 17.6591
v 22.6866 -5.01916 17.2397
f 12889 12890 12891 12892
f 12893 12894 12895 12896
f 12889 12890 12894 12893
f 12890 12891 12895 12894
f 12891 12892 12896 12895
f 12892 12889 12893 12896
o Box1612
v 22.878 -4.92423 17.285
v 24.8423 -4.13033 17.5585
v 24.9784 -4.70719 18.2554
v 23.0141 -5.50109 17.9819
v 22.878 -4.9243 17.2849
v 24.8423 -4.1304 17.5584
v 24.9784 -4.70726 18.2553
v 23.0141 -5.50116 17.9818
f 12897 12898 12899 12900
f 12901 12902 12903 12904
f 12897 12898 12902 12901
f 12898 12899 12903 12902
f 12899 12900 12904 12903
f 12900 12897 12901 12904
o Box1613
v 22.7274 -4.42447 15.9093
v 24.5047 -3.55878 16.3976
v 24.4731 -3.93115 17.173
v 22.6957 -4.79685 16.6848
v 22.7274 -4.42454 15.9093
v 24.5048 -3.55885 16.3975
v 24.4731 -3.93123 17.173
v 22.6957 -4.79692 16.6848
f 12905 12906 12907 12908
f 12909 12910 12911 12912
f 12905 12906 12910 12909
f 12906 12907 12911 12910
f 12907 12908 12912 12911
f 12908 12905 12909 12912
o Box1614
v 22.8106 -4.56009 16.8824
v 24.7958 -3.80909 17.2294
v 24.9023 -4.38468 17.8658
v 22.9171 -5.13569 17.5188
v 22.8106 -4.56012 16.8824
v 24.7958 -3.80912 17.2294
v 24.9023 -4.38471 17.8657
v 22.9171 -5.13572 17.5187
f 12913 12914 12915 12916
f 12917 12918 12919 12920
f 12913 12914 12918 12917
f 12914 12915 12919 12918
f 12915 12916 12920 12919
f 12916 12913 12917 12920
o Box1615
v 23.666 -7.07796 18.5782
v 26.1563 -6.3092 18.5883
v 25.6532 -4.67221 18.0126
v 23.163 -5.44098 18.0025
v 23.6468 -7.01812 18.7652
v 26.137 -6.24935 18.7753
v 25.634 -4.61237 18.1996
v 23.1438 -5.38113 18.1895
f 12921 12922 12923 12924
f 12925 12926 12927 12928
f 12921 12922 12926 12925
f 12922 12923 12927 12926
f 12923 12924 12928 12927
f 12924 12921 12925 12928
o Box1616
v 23.3915 -6.4019 18.3504
v 25.985 -5.7525 18.4411
v 25.6264 -4.23323 17.8183
v 23.0328 -4.88263 17.7276
v 23.3673 -6.33129 18.5366
v 25.9608 -5.68189 18.6273
v 25.6022 -4.16263 18.0045
v 23.0086 -4.81202 17.9138
f 12929 12930 12931 12932
f 12933 12934 12935 12936
f 12929 12930 12934 12933
f 12930 12931 12935 12934
f 12931 12932 12936 12935
f 12932 12929 12933 12936
o Box1617
v 23.415 -6.20152 18.4737
v 25.567 -5.43316 18.563
v 25.3149 -4.67261 18.0918
v 23.163 -5.44098 18.0025
v 23.415 -6.20147 18.4738
v 25.5669 -5.43311 18.5631
v 25.3149 -4.67256 18.0919
v 23.163 -5.44093 18.0026
f 12937 12938 12939 12940
f 12941 12942 12943 12944
f 12937 12938 12942 12941
f 12938 12939 12943 12942
f 12939 12940 12944 12943
f 12940 12937 12941 12944
o Box1618
v 23.8346 -7.00575 18.6519
v 26.146 -6.20162 18.5331
v 25.8428 -5.35581 18.3597
v 23.5314 -6.15994 18.4785
v 23.8346 -7.00573 18.652
v 26.146 -6.2016 18.5332
v 25.8428 -5.35579 18.3598
v 23.5314 -6.15991 18.4787
f 12945 12946 12947 12948
f 12949 12950 12951 12952
f 12945 12946 12950 12949
f 12946 12947 12951 12950
f 12947 12948 12952 12951
f 12948 12945 12949 12952
o Box1619
v 23.243 -5.72334 18.1634
v 25.4304 -5.0211 18.3077
v 25.221 -4.28238 17.8868
v 23.0337 -4.98462 17.7425
v 23.243 -5.72333 18.1634
v 25.4304 -5.02109 18.3078
v 25.221 -4.28237 17.8868
v 23.0337 -4.98461 17.7425
f 12953 12954 12955 12956
f 12957 12958 12959 12960
f 12953 12954 12958 12957
f 12954 12955 12959 12958
f 12955 12956 12960 12959
f 12956 12953 12957 12960
o Box1620
v 23.6374 -6.48988 18.5369
v 25.985 -5.7525 18.4411
v 25.7207 -4.92992 18.2959
v 23.3731 -5.6673 18.3917
v 23.6374 -6.48987 18.5369
v 25.985 -5.7525 18.4411
v 25.7207 -4.92992 18.2959
v 23.3731 -5.66729 18.3917
f 12961 12962 12963 12964
f 12965 12966 12967 12968
f 12961 12962 12966 12965
f 12962 12963 12967 12966
f 12963 12964 12968 12967
f 12964 12961 12965 12968
o Box1621
v 23.9928 -3.35078 15.9955
v 25.9241 -2.06203 16.2514
v 26.434 -3.2056 18.1626
v 24.5026 -4.49435 17.9068
v 24.0823 -3.46652 15.9024
v 26.0137 -2.17777 16.1582
v 26.5235 -3.32134 18.0695
v 24.5922 -4.61009 17.8136
f 12969 12970 12971 12972
f 12973 12974 12975 12976
f 12969 12970 12974 12973
f 12970 12971 12975 12974
f 12971 12972 12976 12975
f 12972 12969 12973 12976
o Box1622
v 25.6181 -6.0094 18.1184
v 28.3952 -4.82485 17.8673
v 27.4193 -2.65734 17.2991
v 24.6422 -3.84189 17.5502
v 25.6101 -5.89518 18.568
v 28.3871 -4.71064 18.3168
v 27.4112 -2.54313 17.7486
v 24.6341 -3.72767 17.9998
f 12977 12978 12979 12980
f 12981 12982 12983 12984
f 12977 12978 12982 12981
f 12978 12979 12983 12982
f 12979 12980 12984 12983
f 12980 12977 12981 12984
o Box1623
v 24.0916 -3.58216 16.4223
v 26.137 -2.35126 16.8308
v 26.445 -3.33623 18.2568
v 24.3996 -4.56713 17.8483
v 24.1915 -3.71134 16.3115
v 26.2369 -2.48043 16.72
v 26.5448 -3.4654 18.146
v 24.4995 -4.69631 17.7375
f 12985 12986 12987 12988
f 12989 12990 12991 12992
f 12985 12986 12990 12989
f 12986 12987 12991 12990
f 12987 12988 12992 12991
f 12988 12985 12989 12992
o Box1624
v 24.0472 -3.20294 15.7906
v 26.1543 -2.01147 16.3696
v 26.2923 -2.90274 17.7014
v 24.1852 -4.09422 17.1224
v 24.1521 -3.33898 15.6887
v 26.2592 -2.1475 16.2677
v 26.3972 -3.03878 17.5995
v 24.2901 -4.23025 17.0205
f 12993 12994 12995 12996
f 12997 12998 12999 13000
f 12993 12994 12998 12997
f 12994 12995 12999 12998
f 12995 12996 13000 12999
f 12996 12993 12997 13000
o Box1625
v 24.1915 -3.71131 16.3115
v 25.7968 -2.5354 16.5946
v 25.9045 -2.88249 17.4254
v 24.2992 -4.05839 17.1424
v 24.1915 -3.71137 16.3115
v 25.7968 -2.53547 16.5945
v 25.9046 -2.88255 17.4254
v 24.2993 -4.05846 17.1424
f 13001 13002 13003 13004
f 13005 13006 13007 13008
f 13001 13002 13006 13005
f 13002 13003 13007 13006
f 13003 13004 13008 13007
f 13004 13001 13005 13008
o Box1626
v 24.4731 -3.93116 17.173
v 26.2687 -2.80104 17.2987
v 26.5607 -3.34094 17.9819
v 24.765 -4.47106 17.8562
v 24.4731 -3.93119 17.173
v 26.2687 -2.80106 17.2987
v 26.5607 -3.34096 17.9818
v 24.7651 -4.47109 17.8561
f 13009 13010 13011 13012
f 13013 13014 13015 13016
f 13009 13010 13014 13013
f 13010 13011 13015 13014
f 13011 13012 13016 13015
f 13012 13009 13013 13016
o Box1627
v 24.1333 -3.4769 15.8081
v 25.7514 -2.31698 16.1611
v 25.8413 -2.67908 16.9387
v 24.2232 -3.839 16.5857
v 24.1333 -3.47697 15.808
v 25.7515 -2.31705 16.1611
v 25.8414 -2.67915 16.9387
v 24.2232 -3.83907 16.5856
f 13017 13018 13019 13020
f 13021 13022 13023 13024
f 13017 13018 13022 13021
f 13018 13019 13023 13022
f 13019 13020 13024 13023
f 13020 13017 13021 13024
o Box1628
v 24.3122 -3.58844 16.774
v 26.1441 -2.49919 16.9713
v 26.3972 -3.03876 17.5995
v 24.5654 -4.12801 17.4022
v 24.3123 -3.58845 16.774
v 26.1441 -2.49921 16.9713
v 26.3973 -3.03878 17.5995
v 24.5654 -4.12802 17.4022
f 13025 13026 13027 13028
f 13029 13030 13031 13032
f 13025 13026 13030 13029
f 13026 13027 13031 13030
f 13027 13028 13032 13031
f 13028 13025 13029 13032
o Box1629
v 25.955 -5.78624 18.4151
v 27.9211 -4.39899 18.1868
v 26.731 -2.82296 17.5146
v 24.7649 -4.21021 17.7429
v 25.9322 -5.72297 18.6037
v 27.8984 -4.33572 18.3754
v 26.7083 -2.75969 17.7032
v 24.7422 -4.14694 17.9315
f 13033 13034 13035 13036
f 13037 13038 13039 13040
f 13033 13034 13038 13037
f 13034 13035 13039 13038
f 13035 13036 13040 13039
f 13036 13033 13037 13040
o Box1630
v 25.9045 -6.01765 18.2892
v 28.3952 -4.82486 17.8673
v 27.6501 -3.28279 17.8284
v 25.1594 -4.47559 18.2503
v 25.9296 -6.00061 18.4852
v 28.4202 -4.80781 18.0633
v 27.6751 -3.26575 18.0244
v 25.1845 -4.45855 18.4462
f 13041 13042 13043 13044
f 13045 13046 13047 13048
f 13041 13042 13046 13045
f 13042 13043 13047 13046
f 13043 13044 13048 13047
f 13044 13041 13045 13048
o Box1631
v 25.7365 -5.90548 18.393
v 28.0382 -4.7015 18.2238
v 27.204 -3.18073 17.6966
v 24.9023 -4.38471 17.8657
v 25.7208 -5.84893 18.581
v 28.0224 -4.64495 18.4119
v 27.1882 -3.12419 17.8846
v 24.8865 -4.32817 18.0538
f 13049 13050 13051 13052
f 13053 13054 13055 13056
f 13049 13050 13054 13053
f 13050 13051 13055 13054
f 13051 13052 13056 13055
f 13052 13049 13053 13056
o Box1632
v 25.0429 -4.6445 18.0196
v 27.064 -3.56165 18.0012
v 26.6948 -2.87951 17.5965
v 24.6737 -3.96236 17.6149
v 25.0428 -4.64438 18.0199
v 27.0639 -3.56153 18.0014
v 26.6947 -2.87939 17.5968
v 24.6737 -3.96224 17.6152
f 13057 13058 13059 13060
f 13061 13062 13063 13064
f 13057 13058 13062 13061
f 13058 13059 13063 13062
f 13059 13060 13064 13063
f 13060 13057 13061 13064
o Box1633
v 25.3234 -5.08321 18.3115
v 27.2921 -3.94012 18.2427
v 26.871 -3.24164 17.7969
v 24.9023 -4.38474 17.8657
v 25.3234 -5.08319 18.3115
v 27.2921 -3.94009 18.2427
v 26.871 -3.24161 17.797
v 24.9023 -4.38471 17.8657
f 13065 13066 13067 13068
f 13069 13070 13071 13072
f 13065 13066 13070 13069
f 13066 13067 13071 13070
f 13067 13068 13072 13071
f 13068 13065 13069 13072
o Box1634
v 25.8973 -5.80268 18.4528
v 28.0044 -4.5962 18.1707
v 27.5375 -3.81462 18.0256
v 25.4304 -5.0211 18.3077
v 25.8973 -5.80268 18.4528
v 28.0044 -4.5962 18.1707
v 27.5375 -3.81462 18.0257
v 25.4304 -5.0211 18.3077
f 13073 13074 13075 13076
f 13077 13078 13079 13080
f 13073 13074 13078 13077
f 13074 13075 13079 13078
f 13075 13076 13080 13079
f 13076 13073 13077 13080
o Box1635
v 25.5983 -5.3258 18.3579
v 27.7561 -4.18047 18.0935
v 27.3357 -3.41743 17.9679
v 25.1779 -4.56275 18.2322
v 25.5983 -5.32579 18.3579
v 27.7561 -4.18047 18.0936
v 27.3357 -3.41742 17.9679
v 25.1779 -4.56275 18.2323
f 13081 13082 13083 13084
f 13085 13086 13087 13088
f 13081 13082 13086 13085
f 13082 13083 13087 13086
f 13083 13084 13088 13087
f 13084 13081 13085 13088
o Box1636
v 26.1488 -6.07538 18.3699
v 28.3952 -4.82485 17.8673
v 27.9994 -4.04495 18.039
v 25.753 -5.29547 18.5415
v 26.1488 -6.07539 18.37
v 28.3952 -4.82487 17.8674
v 27.9995 -4.04496 18.0391
v 25.7531 -5.29548 18.5417
f 13089 13090 13091 13092
f 13093 13094 13095 13096
f 13089 13090 13094 13093
f 13090 13091 13095 13094
f 13091 13092 13096 13095
f 13092 13089 13093 13096
o Box1637
v 23.3516 -7.40191 13.7473
v 33.3056 26.4417 5.64623
v 34.7183 27.3865 11.329
v 24.7643 -6.45713 19.4301
v 29.0705 -9.34684 12.649
v 39.0245 24.4968 4.5479
v 40.4372 25.4415 10.2307
v 30.4832 -8.40206 18.3318
f 13097 13098 13099 13100
f 13101 13102 13103 13104
f 13097 13098 13102 13101
f 13098 13099 13103 13102
f 13099 13100 13104 13103
f 13100 13097 13101 13104
o Box1638
v 16.9745 2.24764 0.852277
v 59.4147 -16.7627 -2.23424
v 70.815 9.34273 -6.26436
v 28.3748 28.3531 -3.17785
v 19.0022 4.00015 17.9403
v 61.4424 -15.0102 14.8538
v 72.8428 11.0952 10.8237
v 30.4026 30.1056 13.9102
f 13105 13106 13107 13108
f 13109 13110 13111 13112
f 13105 13106 13110 13109
f 13106 13107 13111 13110
f 13107 13108 13112 13111
f 13108 13105 13109 13112
o Box1639
v 26.2773 -9.76178 15.045
v 29.1411 -5.86323 21.1256
v 33.7617 -0.940931 15.7936
v 30.898 -4.83948 9.71297
v 22.0822 -6.17471 14.7209
v 24.9459 -2.27616 20.8016
v 29.5666 2.64613 15.4695
v 26.7028 -1.25241 9.38891
f 13113 13114 13115 13116
f 13117 13118 13119 13120
f 13113 13114 13118 13117
f 13114 13115 13119 13118
f 13115 13116 13120 13119
f 13116 13113 13117 13120
o Box1640
v 25.2363 -2.44275 13.1208
v 34.3645 26.1543 5.71072
v 36.1133 26.9473 10.9252
v 26.9851 -1.64978 18.3353
v 30.2783 -4.41268 11.7294
v 39.4065 24.1844 4.31934
v 41.1553 24.9774 9.53385
v 32.0271 -3.61971 16.9439
f 13121 13122 13123 13124
f 13125 13126 13127 13128
f 13121 13122 13126 13125
f 13122 13123 13127 13126
f 13123 13124 13128 13127
f 13124 13121 13125 13128
o Box1641
v 25.782 -7.58927 17.6216
v 25.1306 0.338417 14.6383
v 31.2863 0.56644 13.9002
v 31.9377 -7.36125 16.8835
v 25.4151 -8.92628 14.1488
v 24.7637 -0.998588 11.1655
v 30.9194 -0.770565 10.4274
v 31.5708 -8.69825 13.4106
f 13129 13130 13131 13132
f 13133 13134 13135 13136
f 13129 13130 13134 13133
f 13130 13131 13135 13134
f 13131 13132 13136 13135
f 13132 13129 13133 13136
o Box1642
v 25.5678 -7.59262 16.1856
v 31.8162 -7.50608 13.6324
v 31.1544 -0.153221 12.2621
v 24.906 -0.239758 14.8153
v 27.0271 -6.79056 19.7843
v 33.2756 -6.70403 17.2311
v 32.6138 0.648834 15.8608
v 26.3654 0.562298 18.414
f 13137 13138 13139 13140
f 13141 13142 13143 13144
f 13137 13138 13142 13141
f 13138 13139 13143 13142
f 13139 13140 13144 13143
f 13140 13137 13141 13144
o Box1643
v 23.9839 -6.87296 14.5397
v 27.0314 -2.44842 12.0566
v 30.8299 -3.20921 15.3628
v 27.7824 -7.63375 17.8459
v 24.8083 -8.13529 13.3022
v 27.8558 -3.71074 10.8191
v 31.6542 -4.47153 14.1252
v 28.6067 -8.89607 16.6083
f 13145 13146 13147 13148
f 13149 13150 13151 13152
f 13145 13146 13150 13149
f 13146 13147 13151 13150
f 13147 13148 13152 13151
f 13148 13145 13149 13152
o Box1644
v 24.4877 -5.41705 13.0547
v 30.5265 -5.96154 11.4572
v 30.9818 -0.507789 11.3196
v 24.943 0.036701 12.917
v 25.1882 -5.40876 15.7
v 31.227 -5.95325 14.1026
v 31.6823 -0.499496 13.9649
v 25.6435 0.0449941 15.5624
f 13153 13154 13155 13156
f 13157 13158 13159 13160
f 13153 13154 13158 13157
f 13154 13155 13159 13158
f 13155 13156 13160 13159
f 13156 13153 13157 13160
o Box1645
v 26.2861 -6.40787 11.6258
v 26.6561 -9.32645 15.9958
v 29.9622 -7.35972 17.0293
v 29.5922 -4.44115 12.6594
v 25.459 -5.40603 12.365
v 25.8291 -8.3246 16.7349
v 29.1352 -6.35788 17.7685
v 28.7651 -3.4393 13.3985
f 13161 13162 13163 13164
f 13165 13166 13167 13168
f 13161 13162 13166 13165
f 13162 13163 13167 13166
f 13163 13164 13168 13167
f 13164 13161 13165 13168
o Box1646
v 25.8167 -7.99755 14.0271
v 31.2083 -6.44361 15.0384
v 30.7587 -3.18823 12.4328
v 25.3671 -4.74217 11.4215
v 25.3794 -7.18778 15.1143
v 30.771 -5.63384 16.1256
v 30.3214 -2.37846 13.52
v 24.9298 -3.9324 12.5087
f 13169 13170 13171 13172
f 13173 13174 13175 13176
f 13169 13170 13174 13173
f 13170 13171 13175 13174
f 13171 13172 13176 13175
f 13172 13169 13173 13176
o Box1647
v 25.4559 -7.25853 13.8067
v 26.8479 -4.57981 12.7991
v 29.0758 -5.35271 13.8224
v 27.6837 -8.03142 14.8299
v 25.5548 -7.44356 13.4515
v 26.9469 -4.76484 12.4439
v 29.1747 -5.53774 13.4672
v 27.7827 -8.21645 14.4747
f 13177 13178 13179 13180
f 13181 13182 13183 13184
f 13177 13178 13182 13181
f 13178 13179 13183 13182
f 13179 13180 13184 13183
f 13180 13177 13181 13184
o Box1648
v 26.6008 -7.99681 14.473
v 28.6723 -6.06015 13.7512
v 29.3362 -5.72557 16.5543
v 27.2646 -7.66223 17.2761
v 26.8487 -8.27168 14.4471
v 28.9203 -6.33502 13.7253
v 29.5841 -6.00044 16.5284
v 27.5126 -7.9371 17.2502
f 13185 13186 13187 13188
f 13189 13190 13191 13192
f 13185 13186 13190 13189
f 13186 13187 13191 13190
f 13187 13188 13192 13191
f 13188 13185 13189 13192
o Box1649
v 25.9896 -7.3925 13.7367
v 27.5418 -5.20012 12.8922
v 28.9214 -5.78524 13.9088
v 27.3692 -7.97763 14.7534
v 26.0567 -7.49869 13.5845
v 27.609 -5.30631 12.7399
v 28.9886 -5.89143 13.7566
v 27.4363 -8.08381 14.6012
f 13193 13194 13195 13196
f 13197 13198 13199 13200
f 13193 13194 13198 13197
f 13194 13195 13199 13198
f 13195 13196 13200 13199
f 13196 13193 13197 13200
o Box1650
v 25.6195 -6.50482 13.2128
v 26.8479 -4.57981 12.7991
v 27.6285 -5.06417 12.8633
v 26.4001 -6.98918 13.2769
v 25.6195 -6.50488 13.2125
v 26.8479 -4.57987 12.7988
v 27.6285 -5.06423 12.863
v 26.4001 -6.98925 13.2766
f 13201 13202 13203 13204
f 13205 13206 13207 13208
f 13201 13202 13206 13205
f 13202 13203 13207 13206
f 13203 13204 13208 13207
f 13204 13201 13205 13208
o Box1651
v 26.6281 -7.68673 14.0884
v 28.2067 -5.72146 13.2933
v 28.8428 -5.98135 13.9137
v 27.2642 -7.94663 14.7088
v 26.6282 -7.6868 14.0884
v 28.2068 -5.72152 13.2932
v 28.8428 -5.98142 13.9136
v 27.2642 -7.9467 14.7087
f 13209 13210 13211 13212
f 13213 13214 13215 13216
f 13209 13210 13214 13213
f 13210 13211 13215 13214
f 13211 13212 13216 13215
f 13212 13209 13213 13216
o Box1652
v 26.1529 -7.1662 13.5148
v 27.5418 -5.20012 12.8922
v 28.2857 -5.60975 13.258
v 26.8967 -7.57583 13.8807
v 26.1529 -7.16627 13.5147
v 27.5418 -5.20019 12.892
v 28.2857 -5.60982 13.2579
v 26.8968 -7.5759 13.8805
f 13217 13218 13219 13220
f 13221 13222 13223 13224
f 13217 13218 13222 13221
f 13218 13219 13223 13222
f 13219 13220 13224 13223
f 13220 13217 13221 13224
o Box1653
v 26.7496 -7.99587 14.4682
v 28.5009 -6.06349 13.5109
v 28.9542 -6.094 14.2785
v 27.2029 -8.02639 15.2359
v 26.7497 -7.99596 14.4682
v 28.501 -6.06358 13.5109
v 28.9543 -6.09409 14.2785
v 27.203 -8.02648 15.2358
f 13225 13226 13227 13228
f 13229 13230 13231 13232
f 13225 13226 13230 13229
f 13226 13227 13231 13230
f 13227 13228 13232 13231
f 13228 13225 13229 13232
o Box1654
v 26.5536 -8.13473 15.3476
v 28.7626 -6.08114 13.954
v 29.5766 -5.35458 16.315
v 27.3676 -7.40816 17.7086
v 26.834 -8.43851 15.3444
v 29.043 -6.38493 13.9508
v 29.857 -5.65836 16.3118
v 27.648 -7.71195 17.7054
f 13233 13234 13235 13236
f 13237 13238 13239 13240
f 13233 13234 13238 13237
f 13234 13235 13239 13238
f 13235 13236 13240 13239
f 13236 13233 13237 13240
o Box1655
v 27.1846 -7.86809 16.6712
v 29.3 -6.16623 15.7142
v 29.3546 -5.7704 16.5388
v 27.2392 -7.47226 17.4958
v 27.1847 -7.86817 16.6712
v 29.3 -6.16631 15.7142
v 29.3547 -5.77047 16.5388
v 27.2393 -7.47233 17.4958
f 13241 13242 13243 13244
f 13245 13246 13247 13248
f 13241 13242 13246 13245
f 13242 13243 13247 13246
f 13243 13244 13248 13247
f 13244 13241 13245 13248
o Box1656
v 26.7853 -8.08364 15.0471
v 28.7626 -6.08114 13.954
v 29.4777 -5.88656 15.6042
v 27.5004 -7.88906 16.6972
v 26.9126 -8.23003 15.0092
v 28.8899 -6.22753 13.9161
v 29.605 -6.03295 15.5663
v 27.6277 -8.03545 16.6593
f 13249 13250 13251 13252
f 13253 13254 13255 13256
f 13249 13250 13254 13253
f 13250 13251 13255 13254
f 13251 13252 13256 13255
f 13252 13249 13253 13256
o Box1657
v 27.1804 -8.06453 15.7675
v 29.1422 -6.23553 14.7948
v 29.4104 -6.06333 15.6595
v 27.4485 -7.89234 16.6321
v 27.1804 -8.0646 15.7674
v 29.1423 -6.2356 14.7948
v 29.4104 -6.0634 15.6594
v 27.4485 -7.8924 16.6321
f 13257 13258 13259 13260
f 13261 13262 13263 13264
f 13257 13258 13262 13261
f 13258 13259 13263 13262
f 13259 13260 13264 13263
f 13260 13257 13261 13264
o Box1658
v 26.9862 -8.00039 14.8701
v 28.7626 -6.0811 13.9541
v 29.233 -6.13753 14.748
v 27.4566 -8.05682 15.6641
v 26.9862 -8.00044 14.8701
v 28.7626 -6.08114 13.954
v 29.233 -6.13757 14.748
v 27.4566 -8.05687 15.6641
f 13265 13266 13267 13268
f 13269 13270 13271 13272
f 13265 13266 13270 13269
f 13266 13267 13271 13270
f 13267 13268 13272 13271
f 13268 13265 13269 13272
o Box1659
v 25.8934 -7.30549 13.5463
v 30.2827 -5.77385 13.3138
v 29.2943 -3.10308 12.249
v 24.905 -4.63473 12.4815
v 25.8465 -7.07752 14.1617
v 30.2357 -5.54587 13.9292
v 29.2474 -2.87511 12.8645
v 24.8581 -4.40675 13.097
f 13273 13274 13275 13276
f 13277 13278 13279 13280
f 13273 13274 13278 13277
f 13274 13275 13279 13278
f 13275 13276 13280 13279
f 13276 13273 13277 13280
o Box1660
v 28.1846 -6.38859 14.2722
v 29.5782 -3.8331 12.8001
v 30.6928 -3.60997 14.2427
v 29.2991 -6.16546 15.7147
v 28.409 -6.59262 14.1304
v 29.8026 -4.03714 12.6584
v 30.9171 -3.814 14.1009
v 29.5235 -6.36949 15.5729
f 13281 13282 13283 13284
f 13285 13286 13287 13288
f 13281 13282 13286 13285
f 13282 13283 13287 13286
f 13283 13284 13288 13287
f 13284 13281 13285 13288
o Box1661
v 25.0923 -5.78317 13.2104
v 26.2088 -3.93543 13.0255
v 26.9514 -4.40853 12.782
v 25.8349 -6.25627 12.9669
v 25.0922 -5.78316 13.2103
v 26.2088 -3.93542 13.0254
v 26.9514 -4.40852 12.7819
v 25.8348 -6.25626 12.9667
f 13289 13290 13291 13292
f 13293 13294 13295 13296
f 13289 13290 13294 13293
f 13290 13291 13295 13294
f 13291 13292 13296 13295
f 13292 13289 13293 13296
o Box1662
v 27.2706 -5.79507 13.2051
v 28.2442 -3.32522 12.2091
v 29.7362 -3.61129 12.9579
v 28.7626 -6.08114 13.954
v 27.3353 -5.88657 13.0414
v 28.3088 -3.41671 12.0453
v 29.8008 -3.70278 12.7942
v 28.8272 -6.17264 13.7903
f 13297 13298 13299 13300
f 13301 13302 13303 13304
f 13297 13298 13302 13301
f 13298 13299 13303 13302
f 13299 13300 13304 13303
f 13300 13297 13301 13304
o Box1663
v 28.0805 -5.97568 13.4003
v 29.1746 -3.77068 12.4725
v 29.8567 -3.87614 13.0262
v 28.7626 -6.08114 13.954
v 28.0806 -5.97578 13.4002
v 29.1747 -3.77077 12.4724
v 29.8568 -3.87623 13.0261
v 28.7627 -6.08124 13.9539
f 13305 13306 13307 13308
f 13309 13310 13311 13312
f 13305 13306 13310 13309
f 13306 13307 13311 13310
f 13307 13308 13312 13311
f 13308 13305 13309 13312
o Box1664
v 27.4191 -5.49731 12.9918
v 28.3209 -3.31357 12.2596
v 29.1086 -3.53777 12.561
v 28.2068 -5.72151 13.2933
v 27.4191 -5.49733 12.9918
v 28.3209 -3.31358 12.2595
v 29.1086 -3.53778 12.561
v 28.2068 -5.72152 13.2932
f 13313 13314 13315 13316
f 13317 13318 13319 13320
f 13313 13314 13318 13317
f 13314 13315 13319 13318
f 13315 13316 13320 13319
f 13316 13313 13317 13320
o Box1665
v 28.4484 -6.44987 14.1998
v 29.9217 -4.1371 12.9382
v 30.7733 -3.85347 14.4526
v 29.3 -6.16624 15.7142
v 28.5915 -6.57244 14.1422
v 30.0648 -4.25967 12.8806
v 30.9164 -3.97604 14.395
v 29.4431 -6.28882 15.6566
f 13321 13322 13323 13324
f 13325 13326 13327 13328
f 13321 13322 13326 13325
f 13322 13323 13327 13326
f 13323 13324 13328 13327
f 13324 13321 13325 13328
o Box1666
v 28.2927 -6.19017 13.895
v 29.5783 -3.8331 12.8001
v 30.7846 -3.85794 14.1632
v 29.4991 -6.215 15.258
v 28.4114 -6.30467 13.7879
v 29.697 -3.94761 12.693
v 30.9033 -3.97244 14.056
v 29.6178 -6.32951 15.1509
f 13329 13330 13331 13332
f 13333 13334 13335 13336
f 13329 13330 13334 13333
f 13330 13331 13335 13334
f 13331 13332 13336 13335
f 13332 13329 13333 13336
o Box1667
v 29.0231 -6.40318 14.8822
v 30.5388 -4.27249 13.7709
v 30.8156 -4.03548 14.6029
v 29.2999 -6.16617 15.7142
v 29.0232 -6.40326 14.8822
v 30.5389 -4.27257 13.7709
v 30.8157 -4.03556 14.6029
v 29.3 -6.16625 15.7142
f 13337 13338 13339 13340
f 13341 13342 13343 13344
f 13337 13338 13342 13341
f 13338 13339 13343 13342
f 13339 13340 13344 13343
f 13340 13337 13341 13344
o Box1668
v 28.6371 -6.29099 14.0555
v 29.945 -4.10438 12.9979
v 30.45 -4.0488 13.7373
v 29.1421 -6.23541 14.7949
v 28.6373 -6.29117 14.0554
v 29.9452 -4.10455 12.9978
v 30.4502 -4.04897 13.7372
v 29.1423 -6.23559 14.7948
f 13345 13346 13347 13348
f 13349 13350 13351 13352
f 13345 13346 13350 13349
f 13346 13347 13351 13350
f 13347 13348 13352 13351
f 13348 13345 13349 13352
o Box1669
v 28.9002 -6.25277 14.44
v 30.2358 -4.07245 13.4235
v 30.7581 -4.03529 14.1894
v 29.4226 -6.21561 15.2059
v 28.9003 -6.25281 14.4399
v 30.2358 -4.07249 13.4234
v 30.7581 -4.03533 14.1894
v 29.4226 -6.21564 15.2059
f 13353 13354 13355 13356
f 13357 13358 13359 13360
f 13353 13354 13358 13357
f 13354 13355 13359 13358
f 13355 13356 13360 13359
f 13356 13353 13357 13360
o Box1670
v 28.4326 -6.01734 13.6839
v 29.5782 -3.8331 12.8002
v 30.2893 -3.97055 13.3822
v 29.1436 -6.15479 14.2659
v 28.4326 -6.01735 13.6839
v 29.5783 -3.83311 12.8001
v 30.2893 -3.97056 13.3822
v 29.1436 -6.1548 14.2659
f 13361 13362 13363 13364
f 13365 13366 13367 13368
f 13361 13362 13366 13365
f 13362 13363 13367 13366
f 13363 13364 13368 13367
f 13364 13361 13365 13368
o Box1671
v 28.3008 -4.13775 10.8979
v 27.4641 -0.0534859 12.7552
v 24.6281 -1.65288 14.9947
v 25.4648 -5.73714 13.1374
v 29.0524 -4.34823 11.6993
v 28.2157 -0.263969 13.5567
v 25.3796 -1.86336 15.7961
v 26.2163 -5.94762 13.9388
f 13369 13370 13371 13372
f 13373 13374 13375 13376
f 13369 13370 13374 13373
f 13370 13371 13375 13374
f 13371 13372 13376 13375
f 13372 13369 13373 13376
o Box1672
v 26.2074 -4.85233 13.4496
v 28.0002 -0.53156 12.3541
v 31.6902 -1.73924 13.6294
v 29.8974 -6.06001 14.7249
v 26.441 -5.20531 12.4396
v 28.2338 -0.884543 11.3441
v 31.9237 -2.09222 12.6194
v 30.131 -6.41299 13.7149
f 13377 13378 13379 13380
f 13381 13382 13383 13384
f 13377 13378 13382 13381
f 13378 13379 13383 13382
f 13379 13380 13384 13383
f 13380 13377 13381 13384
o Box1673
v 25.5442 -4.85698 13.7753
v 26.0261 -1.83453 13.6912
v 28.2623 -2.21864 12.7026
v 27.7803 -5.24109 12.7867
v 25.3619 -4.83957 13.3562
v 25.8439 -1.81713 13.2721
v 28.08 -2.20123 12.2835
v 27.598 -5.22368 12.3676
f 13385 13386 13387 13388
f 13389 13390 13391 13392
f 13385 13386 13390 13389
f 13386 13387 13391 13390
f 13387 13388 13392 13391
f 13388 13385 13389 13392
o Box1674
v 25.3494 -3.74816 13.2516
v 27.7397 -0.995486 11.6592
v 27.3164 0.5584 13.7098
v 24.9261 -2.19428 15.3022
v 25.8926 -4.03102 13.5781
v 28.2829 -1.27835 11.9857
v 27.8596 0.275539 14.0363
v 25.4693 -2.47714 15.6287
f 13393 13394 13395 13396
f 13397 13398 13399 13400
f 13393 13394 13398 13397
f 13394 13395 13399 13398
f 13395 13396 13400 13399
f 13396 13393 13397 13400
o Box1675
v 26.0184 -4.7793 13.2224
v 26.6308 -2.26818 12.8476
v 28.1542 -2.689 12.5174
v 27.5418 -5.20012 12.8921
v 25.972 -4.79663 13.0304
v 26.5844 -2.28552 12.6557
v 28.1078 -2.70633 12.3254
v 27.4954 -5.21745 12.7002
f 13401 13402 13403 13404
f 13405 13406 13407 13408
f 13401 13402 13406 13405
f 13402 13403 13407 13406
f 13403 13404 13408 13407
f 13404 13401 13405 13408
o Box1676
v 25.4805 -3.8714 13.6291
v 26.4246 -1.81061 13.4255
v 28.1344 -2.69642 12.3877
v 27.1903 -4.75721 12.5913
v 25.3899 -3.84673 13.4588
v 26.334 -1.78594 13.2553
v 28.0438 -2.67175 12.2174
v 27.0998 -4.73254 12.421
f 13409 13410 13411 13412
f 13413 13414 13415 13416
f 13409 13410 13414 13413
f 13410 13411 13415 13414
f 13411 13412 13416 13415
f 13412 13409 13413 13416
o Box1677
v 26.7288 -4.91341 12.8762
v 27.4872 -2.78998 12.3859
v 28.3002 -3.07666 12.402
v 27.5418 -5.20009 12.8923
v 26.7288 -4.91344 12.876
v 27.4872 -2.79002 12.3857
v 28.3002 -3.07669 12.4018
v 27.5418 -5.20012 12.8921
f 13417 13418 13419 13420
f 13421 13422 13423 13424
f 13417 13418 13422 13421
f 13418 13419 13423 13422
f 13419 13420 13424 13423
f 13420 13417 13421 13424
o Box1678
v 26.0879 -4.29179 13.0659
v 26.7754 -2.26471 12.8356
v 27.5354 -2.55273 12.569
v 26.8479 -4.57981 12.7992
v 26.0879 -4.29179 13.0658
v 26.7753 -2.26471 12.8355
v 27.5353 -2.55273 12.5689
v 26.8479 -4.57981 12.7991
f 13425 13426 13427 13428
f 13429 13430 13431 13432
f 13425 13426 13430 13429
f 13426 13427 13431 13430
f 13427 13428 13432 13431
f 13428 13425 13429 13432
o Box1679
v 25.5694 -3.70181 13.5416
v 26.2729 -1.80086 13.5528
v 26.9124 -2.0345 13.0367
v 26.2089 -3.93546 13.0255
v 25.5693 -3.70177 13.5415
v 26.2728 -1.80082 13.5526
v 26.9123 -2.03447 13.0366
v 26.2088 -3.93542 13.0254
f 13433 13434 13435 13436
f 13437 13438 13439 13440
f 13433 13434 13438 13437
f 13434 13435 13439 13438
f 13435 13436 13440 13439
f 13436 13433 13437 13440
o Box1680
v 25.9981 -4.3127 13.2957
v 26.692 -1.95399 13.2143
v 28.1901 -2.42149 12.4368
v 27.4962 -4.7802 12.5181
v 25.913 -4.29371 13.1202
v 26.6069 -1.93499 13.0389
v 28.1049 -2.40249 12.2614
v 27.411 -4.76121 12.3427
f 13441 13442 13443 13444
f 13445 13446 13447 13448
f 13441 13442 13446 13445
f 13442 13443 13447 13446
f 13443 13444 13448 13447
f 13444 13441 13445 13448
o Box1681
v 26.5033 -4.4307 12.9247
v 27.2653 -2.45036 12.6638
v 28.0645 -2.79617 12.373
v 27.3026 -4.77651 12.6338
v 26.5033 -4.4307 12.9245
v 27.2652 -2.45036 12.6637
v 28.0644 -2.79617 12.3728
v 27.3025 -4.77651 12.6336
f 13449 13450 13451 13452
f 13453 13454 13455 13456
f 13449 13450 13454 13453
f 13450 13451 13455 13454
f 13451 13452 13456 13455
f 13452 13449 13453 13456
o Box1682
v 25.9401 -3.82288 13.2512
v 26.6922 -1.95405 13.2146
v 27.3535 -2.23105 12.6594
v 26.6014 -4.09988 12.696
v 25.94 -3.82282 13.251
v 26.692 -1.95399 13.2143
v 27.3533 -2.23099 12.6591
v 26.6013 -4.09982 12.6958
f 13457 13458 13459 13460
f 13461 13462 13463 13464
f 13457 13458 13462 13461
f 13458 13459 13463 13462
f 13459 13460 13464 13463
f 13460 13457 13461 13464
o Box1683
v 25.5255 -3.23763 13.4676
v 26.5664 -1.19702 13.9296
v 25.9062 -1.20372 15.4467
v 24.8652 -3.24434 14.9847
v 25.7015 -3.34467 13.5437
v 26.7425 -1.30405 14.0058
v 26.0822 -1.31076 15.5229
v 25.0413 -3.35138 15.0608
f 13465 13466 13467 13468
f 13469 13470 13471 13472
f 13465 13466 13470 13469
f 13466 13467 13471 13470
f 13467 13468 13472 13471
f 13468 13465 13469 13472
o Box1684
v 26.234 -3.82573 12.8189
v 28.0162 -0.642426 12.0154
v 27.053 0.227674 13.3263
v 25.2709 -2.95563 14.1298
v 26.475 -3.903 13.0473
v 28.2571 -0.719687 12.2437
v 27.294 0.150413 13.5546
v 25.5118 -3.0329 14.3581
f 13473 13474 13475 13476
f 13477 13478 13479 13480
f 13473 13474 13478 13477
f 13474 13475 13479 13478
f 13475 13476 13480 13479
f 13476 13473 13477 13480
o Box1685
v 25.7013 -3.34456 13.5435
v 26.5073 -1.58731 13.7363
v 26.0418 -1.45186 14.448
v 25.2358 -3.20911 14.2552
v 25.7015 -3.34467 13.5437
v 26.5075 -1.58742 13.7365
v 26.042 -1.45197 14.4481
v 25.236 -3.20922 14.2554
f 13481 13482 13483 13484
f 13485 13486 13487 13488
f 13481 13482 13486 13485
f 13482 13483 13487 13486
f 13483 13484 13488 13487
f 13484 13481 13485 13488
o Box1686
v 25.4816 -2.90961 13.8846
v 26.4804 -1.33006 13.9964
v 26.1701 -1.22438 15.2755
v 25.1712 -2.80393 15.1637
v 25.4858 -2.91234 13.8858
v 26.4846 -1.33279 13.9976
v 26.1743 -1.22711 15.2767
v 25.1754 -2.80666 15.1649
f 13489 13490 13491 13492
f 13493 13494 13495 13496
f 13489 13490 13494 13493
f 13490 13491 13495 13494
f 13491 13492 13496 13495
f 13492 13489 13493 13496
o Box1687
v 25.3873 -2.87881 14.2915
v 26.3624 -1.2627 14.5718
v 26.111 -1.25647 15.4105
v 25.1358 -2.87258 15.1302
v 25.3874 -2.87887 14.2915
v 26.3625 -1.26276 14.5719
v 26.1111 -1.25653 15.4106
v 25.1359 -2.87264 15.1302
f 13497 13498 13499 13500
f 13501 13502 13503 13504
f 13497 13498 13502 13501
f 13498 13499 13503 13502
f 13499 13500 13504 13503
f 13500 13497 13501 13504
o Box1688
v 25.5432 -2.87906 13.7504
v 26.5152 -1.2609 14.0298
v 26.2723 -1.2605 14.8726
v 25.3003 -2.87866 14.5932
v 25.5433 -2.87909 13.7504
v 26.5153 -1.26093 14.0298
v 26.2724 -1.26053 14.8726
v 25.3004 -2.87869 14.5932
f 13505 13506 13507 13508
f 13509 13510 13511 13512
f 13505 13506 13510 13509
f 13506 13507 13511 13510
f 13507 13508 13512 13511
f 13508 13505 13509 13512
o Box1689
v 25.9912 -3.44018 13.0821
v 26.8142 -1.69475 13.2374
v 26.3472 -1.54076 13.9815
v 25.5242 -3.2862 13.8262
v 25.9912 -3.44021 13.0821
v 26.8142 -1.69477 13.2374
v 26.3472 -1.54078 13.9815
v 25.5242 -3.28622 13.8262
f 13513 13514 13515 13516
f 13517 13518 13519 13520
f 13513 13514 13518 13517
f 13514 13515 13519 13518
f 13515 13516 13520 13519
f 13516 13513 13517 13520
o Box1690
v 26.6216 -2.26319 13.2362
v 27.1234 -0.0681453 13.0828
v 27.7671 -0.255307 12.5103
v 27.2652 -2.45036 12.6637
v 26.6213 -2.26316 13.2359
v 27.1232 -0.068112 13.0826
v 27.7668 -0.255274 12.51
v 27.265 -2.45032 12.6634
f 13521 13522 13523 13524
f 13525 13526 13527 13528
f 13521 13522 13526 13525
f 13522 13523 13527 13526
f 13523 13524 13528 13527
f 13524 13521 13525 13528
o Box1691
v 27.1012 -5.36539 13.0964
v 27.9976 -2.96999 12.3959
v 29.6898 -3.49352 12.771
v 28.7934 -5.88892 13.4715
v 27.123 -5.42766 12.9113
v 28.0194 -3.03227 12.2108
v 29.7115 -3.5558 12.5859
v 28.8152 -5.9512 13.2864
f 13529 13530 13531 13532
f 13533 13534 13535 13536
f 13529 13530 13534 13533
f 13530 13531 13535 13534
f 13531 13532 13536 13535
f 13532 13529 13533 13536
o Box1692
v 26.8564 -2.16621 11.5537
v 29.8703 -5.38349 13.4273
v 32.3817 -3.25169 13.048
v 29.3678 -0.0344164 11.1743
v 26.6722 -1.77794 12.5166
v 29.6861 -4.99521 14.3902
v 32.1976 -2.86342 14.0109
v 29.1837 0.353857 12.1373
f 13537 13538 13539 13540
f 13541 13542 13543 13544
f 13537 13538 13542 13541
f 13538 13539 13543 13542
f 13539 13540 13544 13543
f 13540 13537 13541 13544
o Box1693
v 27.8259 -5.59671 13.1459
v 28.8009 -3.4502 12.4433
v 29.6289 -3.72149 12.7636
v 28.6539 -5.868 13.4662
v 27.8259 -5.59672 13.1459
v 28.8009 -3.45021 12.4433
v 29.629 -3.7215 12.7636
v 28.6539 -5.86801 13.4662
f 13545 13546 13547 13548
f 13549 13550 13551 13552
f 13545 13546 13550 13549
f 13546 13547 13551 13550
f 13547 13548 13552 13551
f 13548 13545 13549 13552
o Box1694
v 27.1562 -5.04541 12.8852
v 27.9976 -2.96999 12.3959
v 28.856 -3.31437 12.4113
v 28.0146 -5.3898 12.9006
v 27.1562 -5.04541 12.8852
v 27.9976 -2.96999 12.3959
v 28.856 -3.31437 12.4113
v 28.0146 -5.3898 12.9006
f 13553 13554 13555 13556
f 13557 13558 13559 13560
f 13553 13554 13558 13557
f 13554 13555 13559 13558
f 13555 13556 13560 13559
f 13556 13553 13557 13560
o Box1695
v 27.3828 -3.91162 13.1166
v 27.1633 -0.640136 12.4056
v 29.7202 -0.548685 12.037
v 29.9397 -3.82017 12.748
v 27.3289 -4.00135 12.7204
v 27.1094 -0.729858 12.0094
v 29.6663 -0.638407 11.6408
v 29.8858 -3.9099 12.3519
f 13561 13562 13563 13564
f 13565 13566 13567 13568
f 13561 13562 13566 13565
f 13562 13563 13567 13566
f 13563 13564 13568 13567
f 13564 13561 13565 13568
o Box1696
v 29.3647 -4.29125 13.115
v 30.0721 -1.78914 11.9391
v 31.4018 -1.63736 13.0621
v 30.6943 -4.13947 14.238
v 29.4962 -4.39506 12.9732
v 30.2037 -1.89296 11.7974
v 31.5334 -1.74117 12.9204
v 30.8259 -4.24328 14.0962
f 13569 13570 13571 13572
f 13573 13574 13575 13576
f 13569 13570 13574 13573
f 13570 13571 13575 13574
f 13571 13572 13576 13575
f 13572 13569 13573 13576
o Box1697
v 28.7388 -3.74359 12.5445
v 29.2289 -1.42829 11.746
v 30.0683 -1.51776 12.0018
v 29.5782 -3.83307 12.8002
v 28.7389 -3.74362 12.5444
v 29.229 -1.42832 11.7459
v 30.0684 -1.5178 12.0017
v 29.5783 -3.8331 12.8001
f 13577 13578 13579 13580
f 13581 13582 13583 13584
f 13577 13578 13582 13581
f 13578 13579 13583 13582
f 13579 13580 13584 13583
f 13580 13577 13581 13584
o Box1698
v 27.2023 -3.20269 12.8663
v 27.4889 -0.522044 12.3808
v 29.0875 -0.769568 11.9578
v 28.8009 -3.45021 12.4433
v 27.1486 -3.23076 12.6795
v 27.4352 -0.55012 12.194
v 29.0338 -0.797645 11.771
v 28.7472 -3.47829 12.2565
f 13585 13586 13587 13588
f 13589 13590 13591 13592
f 13585 13586 13590 13589
f 13586 13587 13591 13590
f 13587 13588 13592 13591
f 13588 13585 13589 13592
o Box1699
v 27.94 -3.28456 12.475
v 28.3624 -0.978575 11.8953
v 29.2233 -1.14423 11.8636
v 28.8009 -3.45021 12.4433
v 27.94 -3.28456 12.4749
v 28.3624 -0.978578 11.8953
v 29.2233 -1.14423 11.8636
v 28.8009 -3.45022 12.4433
f 13593 13594 13595 13596
f 13597 13598 13599 13600
f 13593 13594 13598 13597
f 13594 13595 13599 13598
f 13595 13596 13600 13599
f 13596 13593 13597 13600
o Box1700
v 27.2048 -2.77121 12.7138
v 27.6309 -0.506293 12.3601
v 28.4239 -0.705045 12.0426
v 27.9978 -2.96996 12.3962
v 27.2047 -2.77124 12.7134
v 27.6308 -0.506321 12.3598
v 28.4237 -0.705073 12.0422
v 27.9976 -2.96999 12.3959
f 13601 13602 13603 13604
f 13605 13606 13607 13608
f 13601 13602 13606 13605
f 13602 13603 13607 13606
f 13603 13604 13608 13607
f 13604 13601 13605 13608
o Box1701
v 29.3893 -4.35337 13.1204
v 30.0559 -1.84146 11.8613
v 31.3609 -1.62756 12.9789
v 30.6943 -4.13947 14.238
v 29.5103 -4.44731 12.997
v 30.1769 -1.9354 11.7379
v 31.4819 -1.72149 12.8555
v 30.8153 -4.2334 14.1146
f 13609 13610 13611 13612
f 13613 13614 13615 13616
f 13609 13610 13614 13613
f 13610 13611 13615 13614
f 13611 13612 13616 13615
f 13612 13609 13613 13616
o Box1702
v 29.9079 -4.0766 13.1922
v 30.5551 -1.78744 12.2333
v 31.3032 -1.77796 12.7609
v 30.6559 -4.06711 13.7198
v 29.908 -4.07672 13.192
v 30.5553 -1.78756 12.2331
v 31.3033 -1.77808 12.7607
v 30.6561 -4.06723 13.7196
f 13617 13618 13619 13620
f 13621 13622 13623 13624
f 13617 13618 13622 13621
f 13618 13619 13623 13622
f 13619 13620 13624 13623
f 13620 13617 13621 13624
o Box1703
v 30.157 -4.29811 13.5345
v 30.941 -2.05061 12.4289
v 31.4783 -1.89196 13.1324
v 30.6943 -4.13946 14.238
v 30.1571 -4.29815 13.5345
v 30.9411 -2.05065 12.4289
v 31.4783 -1.892 13.1323
v 30.6944 -4.1395 14.2379
f 13625 13626 13627 13628
f 13629 13630 13631 13632
f 13625 13626 13630 13629
f 13626 13627 13631 13630
f 13627 13628 13632 13631
f 13628 13625 13629 13632
o Box1704
v 29.5076 -4.09504 12.9124
v 30.1248 -1.80072 11.9315
v 30.853 -1.77815 12.4425
v 30.2358 -4.07248 13.4234
v 29.5077 -4.09519 12.9122
v 30.125 -1.80087 11.9313
v 30.8532 -1.7783 12.4423
v 30.236 -4.07262 13.4232
f 13633 13634 13635 13636
f 13637 13638 13639 13640
f 13633 13634 13638 13637
f 13634 13635 13639 13638
f 13635 13636 13640 13639
f 13636 13633 13637 13640
o Box1705
v 26.1621 -7.1486 18.5393
v 24.3501 -0.811055 16.5125
v 29.5304 1.05651 17.7208
v 31.3425 -5.28104 19.7476
v 26.8784 -7.66876 16.2725
v 25.0663 -1.33121 14.2457
v 30.2467 0.536351 15.454
v 32.0587 -5.8012 17.4808
f 13641 13642 13643 13644
f 13645 13646 13647 13648
f 13641 13642 13646 13645
f 13642 13643 13647 13646
f 13643 13644 13648 13647
f 13644 13641 13645 13648
o Box1706
v 28.2762 -6.25593 15.4448
v 31.259 -1.9972 12.7824
v 30.856 0.311468 16.0238
v 27.8732 -3.94727 18.6862
v 29.531 -6.79657 15.9858
v 32.5138 -2.53784 13.3235
v 32.1108 -0.229171 16.5649
v 29.128 -4.48791 19.2273
f 13649 13650 13651 13652
f 13653 13654 13655 13656
f 13649 13650 13654 13653
f 13650 13651 13655 13654
f 13651 13652 13656 13655
f 13652 13649 13653 13656
o Box1707
v 25.2493 -6.37713 18.7344
v 27.4051 -1.36233 18.3515
v 30.8122 -2.91193 17.2396
v 28.6564 -7.92674 17.6226
v 24.9824 -6.32989 17.8508
v 27.1383 -1.31508 17.4678
v 30.5453 -2.86469 16.3559
v 28.3895 -7.8795 16.7389
f 13657 13658 13659 13660
f 13661 13662 13663 13664
f 13657 13658 13662 13661
f 13658 13659 13663 13662
f 13659 13660 13664 13663
f 13660 13657 13661 13664
o Box1708
v 24.6669 -1.23267 15.0917
v 29.5251 1.15564 16.8879
v 29.7936 -1.08361 19.1392
v 24.9354 -3.47192 17.343
v 25.3649 -2.00908 14.2362
v 30.2231 0.379229 16.0324
v 30.4916 -1.86002 18.2837
v 25.6333 -4.24833 16.4875
f 13665 13666 13667 13668
f 13669 13670 13671 13672
f 13665 13666 13670 13669
f 13666 13667 13671 13670
f 13667 13668 13672 13671
f 13668 13665 13669 13672
o Box1709
v 27.1567 -7.63417 17.2382
v 31.03 -4.28153 15.9751
v 30.2999 -3.02461 17.0726
v 26.4266 -6.37725 18.3356
v 27.3062 -7.72864 17.4459
v 31.1795 -4.376 16.1828
v 30.4494 -3.11908 17.2802
v 26.5761 -6.47172 18.5433
f 13673 13674 13675 13676
f 13677 13678 13679 13680
f 13673 13674 13678 13677
f 13674 13675 13679 13678
f 13675 13676 13680 13679
f 13676 13673 13677 13680
o Box1710
v 27.9679 -5.15074 17.7616
v 30.3177 -3.44436 17.2253
v 28.7471 -1.33239 17.0632
v 26.3972 -3.03877 17.5995
v 28.0179 -5.07928 18.2081
v 30.3677 -3.37289 17.6718
v 28.7971 -1.26092 17.5097
v 26.4473 -2.96731 18.046
f 13681 13682 13683 13684
f 13685 13686 13687 13688
f 13681 13682 13686 13685
f 13682 13683 13687 13686
f 13683 13684 13688 13687
f 13684 13681 13685 13688
o Box1711
v 26.7791 -7.38888 17.5106
v 29.2167 -5.88147 16.6012
v 28.7779 -4.53507 17.6567
v 26.3402 -6.04248 18.5661
v 26.884 -7.46993 17.6577
v 29.3217 -5.96251 16.7483
v 28.8828 -4.61611 17.8037
v 26.4452 -6.12353 18.7131
f 13689 13690 13691 13692
f 13693 13694 13695 13696
f 13689 13690 13694 13693
f 13690 13691 13695 13694
f 13691 13692 13696 13695
f 13692 13689 13693 13696
o Box1712
v 28.821 -5.49352 17.3851
v 30.7056 -3.68887 16.5466
v 30.2798 -3.0202 17.0288
v 28.3952 -4.82485 17.8673
v 28.8211 -5.49356 17.3852
v 30.7057 -3.68891 16.5467
v 30.2799 -3.02024 17.0289
v 28.3953 -4.82489 17.8674
f 13697 13698 13699 13700
f 13701 13702 13703 13704
f 13697 13698 13702 13701
f 13698 13699 13703 13702
f 13699 13700 13704 13703
f 13700 13697 13701 13704
o Box1713
v 26.6361 -6.80928 18.0604
v 28.9025 -5.41561 17.349
v 28.6029 -4.69713 17.8021
v 26.3365 -6.09081 18.5135
v 26.6362 -6.8093 18.0605
v 28.9025 -5.41562 17.3491
v 28.6029 -4.69715 17.8021
v 26.3366 -6.09082 18.5135
f 13705 13706 13707 13708
f 13709 13710 13711 13712
f 13705 13706 13710 13709
f 13706 13707 13711 13710
f 13707 13708 13712 13711
f 13708 13705 13709 13712
o Box1714
v 26.9959 -7.43224 17.4689
v 29.2167 -5.88147 16.6012
v 29.0738 -5.29588 17.282
v 26.8529 -6.84665 18.1497
v 26.996 -7.43231 17.469
v 29.2168 -5.88154 16.6013
v 29.0738 -5.29595 17.2821
v 26.853 -6.84672 18.1497
f 13713 13714 13715 13716
f 13717 13718 13719 13720
f 13713 13714 13718 13717
f 13714 13715 13719 13718
f 13715 13716 13720 13719
f 13716 13713 13717 13720
o Box1715
v 27.8526 -5.19384 17.8448
v 30.3677 -3.55454 17.3249
v 28.9123 -1.39947 17.0796
v 26.3973 -3.03878 17.5995
v 27.8896 -5.12305 18.2471
v 30.4047 -3.48374 17.7273
v 28.9493 -1.32867 17.482
v 26.4343 -2.96798 18.0018
f 13721 13722 13723 13724
f 13725 13726 13727 13728
f 13721 13722 13726 13725
f 13722 13723 13727 13726
f 13723 13724 13728 13727
f 13724 13721 13725 13728
o Box1716
v 27.7106 -4.456 17.952
v 29.9055 -2.83612 17.3544
v 28.8877 -1.45439 17.3614
v 26.6928 -3.07427 17.959
v 27.7452 -4.4315 18.1454
v 29.9401 -2.81163 17.5478
v 28.9223 -1.4299 17.5547
v 26.7273 -3.04977 18.1523
f 13729 13730 13731 13732
f 13733 13734 13735 13736
f 13729 13730 13734 13733
f 13730 13731 13735 13734
f 13731 13732 13736 13735
f 13732 13729 13733 13736
o Box1717
v 26.9707 -3.64234 18.0128
v 28.6812 -2.16373 17.799
v 28.1077 -1.56018 17.3856
v 26.3973 -3.03879 17.5994
v 26.9706 -3.64231 18.0129
v 28.6811 -2.1637 17.799
v 28.1077 -1.56015 17.3857
v 26.3972 -3.03876 17.5995
f 13737 13738 13739 13740
f 13741 13742 13743 13744
f 13737 13738 13742 13741
f 13738 13739 13743 13742
f 13739 13740 13744 13743
f 13740 13737 13741 13744
o Box1718
v 28.1885 -4.98679 17.8559
v 30.2544 -3.29586 17.2593
v 29.1298 -1.87071 17.4046
v 27.064 -3.56165 18.0012
v 28.2316 -4.9722 18.0466
v 30.2975 -3.28127 17.45
v 29.1729 -1.85612 17.5953
v 27.1071 -3.54706 18.1919
f 13745 13746 13747 13748
f 13749 13750 13751 13752
f 13745 13746 13750 13749
f 13746 13747 13751 13750
f 13747 13748 13752 13751
f 13748 13745 13749 13752
o Box1719
v 27.6789 -4.24682 18.1118
v 29.5006 -2.68143 17.6811
v 28.8857 -1.99627 17.5705
v 27.064 -3.56166 18.0012
v 27.6789 -4.24681 18.1118
v 29.5006 -2.68142 17.6812
v 28.8857 -1.99626 17.5705
v 27.064 -3.56165 18.0012
f 13753 13754 13755 13756
f 13757 13758 13759 13760
f 13753 13754 13758 13757
f 13754 13755 13759 13758
f 13755 13756 13760 13759
f 13756 13753 13757 13760
o Box1720
v 28.3205 -4.89134 17.8928
v 30.2048 -3.21305 17.2479
v 29.6403 -2.50217 17.4487
v 27.7561 -4.18047 18.0936
v 28.3206 -4.89134 17.8928
v 30.2048 -3.21305 17.248
v 29.6404 -2.50217 17.4487
v 27.7561 -4.18047 18.0936
f 13761 13762 13763 13764
f 13765 13766 13767 13768
f 13761 13762 13766 13765
f 13762 13763 13767 13766
f 13763 13764 13768 13767
f 13764 13761 13765 13768
o Box1721
v 27.2875 -3.82926 18.0412
v 29.1731 -2.31649 17.6222
v 28.6108 -1.64362 17.5214
v 26.7253 -3.15639 17.9403
v 27.2876 -3.82924 18.0413
v 29.1731 -2.31646 17.6223
v 28.6109 -1.6436 17.5215
v 26.7253 -3.15637 17.9405
f 13769 13770 13771 13772
f 13773 13774 13775 13776
f 13769 13770 13774 13773
f 13770 13771 13775 13774
f 13771 13772 13776 13775
f 13772 13769 13773 13776
o Box1722
v 27.972 -4.46889 18.0123
v 29.9055 -2.83612 17.3544
v 29.3834 -2.13884 17.5504
v 27.4499 -3.7716 18.2083
v 27.9721 -4.4689 18.0125
v 29.9056 -2.83613 17.3546
v 29.3835 -2.13884 17.5506
v 27.4499 -3.77161 18.2085
f 13777 13778 13779 13780
f 13781 13782 13783 13784
f 13777 13778 13782 13781
f 13778 13779 13783 13782
f 13779 13780 13784 13783
f 13780 13777 13781 13784
o Box1723
v 25.0761 -1.81268 14.4896
v 27.3645 -0.0878152 15.6889
v 27.37 -1.95031 18.3572
v 25.0816 -3.67517 17.158
v 25.3023 -2.01451 14.3483
v 27.5907 -0.289647 15.5475
v 27.5962 -2.15214 18.2159
v 25.3078 -3.87701 17.0166
f 13785 13786 13787 13788
f 13789 13790 13791 13792
f 13785 13786 13790 13789
f 13786 13787 13791 13790
f 13787 13788 13792 13791
f 13788 13785 13789 13792
o Box1724
v 27.4148 -4.06644 17.8078
v 30.7624 -0.867931 17.2343
v 29.0194 0.777617 16.2375
v 25.6718 -2.4209 16.811
v 27.3327 -3.9077 18.2136
v 30.6803 -0.709187 17.6401
v 28.9372 0.93636 16.6433
v 25.5896 -2.26215 17.2168
f 13793 13794 13795 13796
f 13797 13798 13799 13800
f 13793 13794 13798 13797
f 13794 13795 13799 13798
f 13795 13796 13800 13799
f 13796 13793 13797 13800
o Box1725
v 25.1234 -2.41725 14.8159
v 26.5098 -0.737186 14.9441
v 26.8583 -1.18833 17.0872
v 25.4718 -2.86839 16.9589
v 25.2721 -2.53625 14.7666
v 26.6586 -0.856193 14.8949
v 27.007 -1.30734 17.038
v 25.6205 -2.9874 16.9097
f 13801 13802 13803 13804
f 13805 13806 13807 13808
f 13801 13802 13806 13805
f 13802 13803 13807 13806
f 13803 13804 13808 13807
f 13804 13801 13805 13808
o Box1726
v 25.1921 -2.2683 15.9178
v 26.7443 -0.670989 15.8683
v 27.6845 -1.52943 17.6475
v 26.1323 -3.12674 17.697
v 25.3058 -2.38229 15.8027
v 26.8579 -0.78498 15.7532
v 27.7981 -1.64343 17.5325
v 26.2459 -3.24073 17.582
f 13809 13810 13811 13812
f 13813 13814 13815 13816
f 13809 13810 13814 13813
f 13810 13811 13815 13814
f 13811 13812 13816 13815
f 13812 13809 13813 13816
o Box1727
v 25.159 -2.4752 15.2363
v 26.7565 -0.785072 15.7694
v 26.8815 -1.40308 17.3543
v 25.284 -3.09321 16.8212
v 25.304 -2.59404 15.1785
v 26.9015 -0.903913 15.7116
v 27.0265 -1.52192 17.2965
v 25.429 -3.21205 16.7634
f 13817 13818 13819 13820
f 13821 13822 13823 13824
f 13817 13818 13822 13821
f 13818 13819 13823 13822
f 13819 13820 13824 13823
f 13820 13817 13821 13824
o Box1728
v 25.3121 -2.48775 14.6235
v 26.4888 -0.983882 14.9287
v 26.4763 -1.14692 15.7801
v 25.2997 -2.65079 15.475
v 25.3123 -2.48785 14.6235
v 26.4889 -0.983983 14.9287
v 26.4764 -1.14702 15.7801
v 25.2998 -2.65089 15.4749
f 13825 13826 13827 13828
f 13829 13830 13831 13832
f 13825 13826 13830 13829
f 13826 13827 13831 13830
f 13827 13828 13832 13831
f 13828 13825 13829 13832
o Box1729
v 25.304 -2.59404 15.1785
v 26.4805 -1.091 15.4411
v 26.4699 -1.23669 16.3229
v 25.2933 -2.73973 16.0603
v 25.3041 -2.59408 15.1785
v 26.4806 -1.09104 15.4411
v 26.4699 -1.23672 16.3229
v 25.2934 -2.73976 16.0603
f 13833 13834 13835 13836
f 13837 13838 13839 13840
f 13833 13834 13838 13837
f 13834 13835 13839 13838
f 13835 13836 13840 13839
f 13836 13833 13837 13840
o Box1730
v 25.4617 -2.5247 16.0979
v 26.8393 -1.08561 16.2532
v 27.0701 -1.39547 17.0772
v 25.6926 -2.83455 16.922
v 25.4618 -2.52475 16.0979
v 26.8393 -1.08566 16.2531
v 27.0702 -1.39551 17.0772
v 25.6926 -2.8346 16.9219
f 13841 13842 13843 13844
f 13845 13846 13847 13848
f 13841 13842 13846 13845
f 13842 13843 13847 13846
f 13843 13844 13848 13847
f 13844 13841 13845 13848
o Box1731
v 25.8413 -2.67905 16.9388
v 27.4004 -1.24677 16.9268
v 27.8369 -1.71628 17.5884
v 26.2777 -3.14855 17.6004
v 25.8414 -2.67916 16.9387
v 27.4005 -1.24688 16.9266
v 27.837 -1.71639 17.5882
v 26.2778 -3.14866 17.6003
f 13849 13850 13851 13852
f 13853 13854 13855 13856
f 13849 13850 13854 13853
f 13850 13851 13855 13854
f 13851 13852 13856 13855
f 13852 13849 13853 13856
o Box1732
v 25.1955 -2.05877 15.5807
v 27.0901 -0.508909 16.0016
v 27.4732 -1.33677 17.3254
v 25.5786 -2.88664 16.9045
v 25.3147 -2.17539 15.4733
v 27.2093 -0.625525 15.8941
v 27.5925 -1.45339 17.2179
v 25.6979 -3.00325 16.7971
f 13857 13858 13859 13860
f 13861 13862 13863 13864
f 13857 13858 13862 13861
f 13858 13859 13863 13862
f 13859 13860 13864 13863
f 13860 13857 13861 13864
o Box1733
v 25.3283 -2.31407 15.5958
v 26.7294 -0.889595 15.8208
v 26.9349 -1.21402 16.5946
v 25.5338 -2.63849 16.3696
v 25.3284 -2.31418 15.5957
v 26.7296 -0.889712 15.8208
v 26.9351 -1.21413 16.5946
v 25.5339 -2.6386 16.3695
f 13865 13866 13867 13868
f 13869 13870 13871 13872
f 13865 13866 13870 13869
f 13866 13867 13871 13870
f 13867 13868 13872 13871
f 13868 13865 13869 13872
o Box1734
v 25.5938 -2.37826 16.5478
v 27.2036 -0.980755 16.604
v 27.5925 -1.45338 17.218
v 25.9827 -2.85088 17.1617
v 25.5938 -2.37827 16.5478
v 27.2036 -0.980771 16.604
v 27.5925 -1.45339 17.2179
v 25.9827 -2.85089 17.1617
f 13873 13874 13875 13876
f 13877 13878 13879 13880
f 13873 13874 13878 13877
f 13874 13875 13879 13878
f 13875 13876 13880 13879
f 13876 13873 13877 13880
o Box1735
v 26.5926 -3.26472 17.7445
v 28.3703 -1.83657 17.5749
v 27.856 -1.24172 17.1928
v 26.0783 -2.66987 17.3624
v 26.5926 -3.2647 17.7446
v 28.3703 -1.83655 17.575
v 27.856 -1.2417 17.1928
v 26.0782 -2.66985 17.3625
f 13881 13882 13883 13884
f 13885 13886 13887 13888
f 13881 13882 13886 13885
f 13882 13883 13887 13886
f 13883 13884 13888 13887
f 13884 13881 13885 13888
o Box1736
v 28.6645 -2.8742 17.575
v 30.7606 -0.861976 17.2846
v 29.0311 0.798213 16.3042
v 26.9349 -1.21401 16.5946
v 28.5839 -2.73601 17.9511
v 30.6801 -0.723783 17.6607
v 28.9505 0.936406 16.6804
v 26.8544 -1.07582 16.9708
f 13889 13890 13891 13892
f 13893 13894 13895 13896
f 13889 13890 13894 13893
f 13890 13891 13895 13894
f 13891 13892 13896 13895
f 13892 13889 13893 13896
o Box1737
v 26.9349 -1.21402 16.5946
v 28.2357 0.594099 16.4157
v 28.8122 0.242135 17.0501
v 27.5115 -1.56598 17.2291
v 26.935 -1.21403 16.5946
v 28.2357 0.594088 16.4157
v 28.8122 0.242124 17.0501
v 27.5115 -1.56599 17.2291
f 13897 13898 13899 13900
f 13901 13902 13903 13904
f 13897 13898 13902 13901
f 13898 13899 13903 13902
f 13899 13900 13904 13903
f 13900 13897 13901 13904
o Box1738
v 27.5827 -1.3985 17.4057
v 29.2008 0.511449 16.9319
v 30.6058 -0.581425 17.3248
v 28.9877 -2.49138 17.7986
v 27.5925 -1.45339 17.2179
v 29.2106 0.456559 16.7442
v 30.6156 -0.636315 17.1371
v 28.9975 -2.54627 17.6108
f 13905 13906 13907 13908
f 13909 13910 13911 13912
f 13905 13906 13910 13909
f 13906 13907 13911 13910
f 13907 13908 13912 13911
f 13908 13905 13909 13912
o Box1739
v 27.5925 -1.45339 17.2179
v 28.992 0.348567 16.8631
v 29.6985 -0.126297 17.2382
v 28.2991 -1.92826 17.5931
v 27.5925 -1.45343 17.2178
v 28.992 0.348529 16.863
v 29.6985 -0.126335 17.2381
v 28.2991 -1.9283 17.593
f 13913 13914 13915 13916
f 13917 13918 13919 13920
f 13913 13914 13918 13917
f 13914 13915 13919 13918
f 13915 13916 13920 13919
f 13916 13913 13917 13920
o Box1740
v 28.3703 -1.83655 17.575
v 29.8216 -0.0107911 17.0261
v 30.5579 -0.574317 17.0984
v 29.1066 -2.40007 17.6473
v 28.3703 -1.83657 17.5749
v 29.8216 -0.0108098 17.026
v 30.5579 -0.574336 17.0983
v 29.1066 -2.40009 17.6472
f 13921 13922 13923 13924
f 13925 13926 13927 13928
f 13921 13922 13926 13925
f 13922 13923 13927 13926
f 13923 13924 13928 13927
f 13924 13921 13925 13928
o Box1741
v 28.6459 -6.40875 15.5919
v 30.6943 -4.13946 14.238
v 30.2744 -2.16303 16.9154
v 28.226 -4.43231 18.2693
v 29.2159 -6.7289 15.9176
v 31.2643 -4.45961 14.5637
v 30.8444 -2.48318 17.2411
v 28.796 -4.75246 18.595
f 13929 13930 13931 13932
f 13933 13934 13935 13936
f 13929 13930 13934 13933
f 13930 13931 13935 13934
f 13931 13932 13936 13935
f 13932 13929 13933 13936
o Box1742
v 32.1698 -3.6615 12.6684
v 29.9473 -5.27658 16.8989
v 30.6359 -1.5803 18.6718
v 32.8584 0.0347857 14.4413
v 30.9297 -3.2021 12.1923
v 28.7072 -4.81719 16.4227
v 29.3958 -1.1209 18.1956
v 31.6183 0.494184 13.9652
f 13937 13938 13939 13940
f 13941 13942 13943 13944
f 13937 13938 13942 13941
f 13938 13939 13943 13942
f 13939 13940 13944 13943
f 13940 13937 13941 13944
o Box1743
v 29.3721 -6.24421 15.5639
v 30.9247 -3.95869 15.1232
v 29.8016 -2.74462 17.4629
v 28.249 -5.03014 17.9037
v 29.6369 -6.38545 15.7643
v 31.1895 -4.09993 15.3236
v 30.0664 -2.88586 17.6633
v 28.5138 -5.17138 18.104
f 13945 13946 13947 13948
f 13949 13950 13951 13952
f 13945 13946 13950 13949
f 13946 13947 13951 13950
f 13947 13948 13952 13951
f 13948 13945 13949 13952
o Box1744
v 28.7328 -6.35581 15.7391
v 30.6943 -4.13946 14.238
v 30.8115 -2.76124 16.4261
v 28.85 -4.97758 17.9272
v 29.0637 -6.56953 15.856
v 31.0252 -4.35318 14.3549
v 31.1425 -2.97495 16.543
v 29.181 -5.1913 18.0441
f 13953 13954 13955 13956
f 13957 13958 13959 13960
f 13953 13954 13958 13957
f 13954 13955 13959 13958
f 13955 13956 13960 13959
f 13956 13953 13957 13960
o Box1745
v 29.0188 -6.38239 15.8302
v 30.8972 -4.305 14.6517
v 30.7809 -3.33822 16.1705
v 28.9025 -5.41561 17.349
v 29.1725 -6.47963 15.9039
v 31.0509 -4.40224 14.7254
v 30.9346 -3.43545 16.2442
v 29.0562 -5.51284 17.4227
f 13961 13962 13963 13964
f 13965 13966 13967 13968
f 13961 13962 13966 13965
f 13962 13963 13967 13966
f 13963 13964 13968 13967
f 13964 13961 13965 13968
o Box1746
v 28.5657 -5.1068 17.6652
v 30.4787 -3.33249 16.8037
v 30.0803 -2.67389 17.2755
v 28.1673 -4.44819 18.137
v 28.5658 -5.10683 17.6653
v 30.4788 -3.33252 16.8039
v 30.0804 -2.67392 17.2756
v 28.1674 -4.44823 18.1371
f 13969 13970 13971 13972
f 13973 13974 13975 13976
f 13969 13970 13974 13973
f 13970 13971 13975 13974
f 13971 13972 13976 13975
f 13972 13969 13973 13976
o Box1747
v 29.1227 -5.98117 16.6525
v 30.9424 -4.05099 15.6606
v 30.7221 -3.48542 16.3571
v 28.9025 -5.4156 17.349
v 29.1227 -5.98119 16.6525
v 30.9424 -4.05101 15.6606
v 30.7222 -3.48544 16.3572
v 28.9025 -5.41562 17.349
f 13977 13978 13979 13980
f 13981 13982 13983 13984
f 13977 13978 13982 13981
f 13978 13979 13983 13982
f 13979 13980 13984 13983
f 13980 13977 13981 13984
o Box1748
v 29.1921 -6.2964 15.7835
v 30.8849 -4.25392 14.6962
v 30.9093 -3.83889 15.514
v 29.2165 -5.88137 16.6012
v 29.1923 -6.2965 15.7835
v 30.885 -4.25402 14.6963
v 30.9095 -3.83899 15.514
v 29.2167 -5.88147 16.6012
f 13985 13986 13987 13988
f 13989 13990 13991 13992
f 13985 13986 13990 13989
f 13986 13987 13991 13990
f 13987 13988 13992 13991
f 13988 13985 13989 13992
o Box1749
v 28.9929 -5.66203 17.0449
v 30.8235 -3.74573 16.0366
v 30.6182 -3.18639 16.7268
v 28.7876 -5.10269 17.7351
v 28.993 -5.66206 17.0449
v 30.8236 -3.74576 16.0366
v 30.6182 -3.18642 16.7269
v 28.7876 -5.10272 17.7352
f 13993 13994 13995 13996
f 13997 13998 13999 14000
f 13993 13994 13998 13997
f 13994 13995 13999 13998
f 13995 13996 14000 13999
f 13996 13993 13997 14000
o Box1750
v 28.9843 -6.33513 15.473
v 30.6943 -4.13947 14.238
v 30.9768 -3.43698 15.878
v 29.2668 -5.63264 17.113
v 29.1441 -6.44787 15.4938
v 30.8541 -4.25221 14.2588
v 31.1365 -3.54973 15.8987
v 29.4266 -5.74539 17.1338
f 14001 14002 14003 14004
f 14005 14006 14007 14008
f 14001 14002 14006 14005
f 14002 14003 14007 14006
f 14003 14004 14008 14007
f 14004 14001 14005 14008
o Box1751
v 29.2017 -6.06617 16.2306
v 30.8983 -4.02589 15.1455
v 30.9313 -3.6161 15.9677
v 29.2348 -5.65638 17.0528
v 29.2019 -6.06626 16.2306
v 30.8984 -4.02599 15.1455
v 30.9315 -3.6162 15.9677
v 29.2349 -5.65647 17.0528
f 14009 14010 14011 14012
f 14013 14014 14015 14016
f 14009 14010 14014 14013
f 14010 14011 14015 14014
f 14011 14012 14016 14015
f 14012 14009 14013 14016
o Box1752
v 29.1688 -6.2709 15.3249
v 30.6943 -4.13946 14.238
v 30.9803 -3.91115 15.0871
v 29.4548 -6.04259 16.174
v 29.169 -6.27106 15.3249
v 30.6945 -4.13962 14.238
v 30.9805 -3.91131 15.087
v 29.455 -6.04275 16.174
f 14017 14018 14019 14020
f 14021 14022 14023 14024
f 14017 14018 14022 14021
f 14018 14019 14023 14022
f 14019 14020 14024 14023
f 14020 14017 14021 14024
o Box1753
v 30.1361 -4.46114 14.3845
v 31.2523 -1.95872 12.8364
v 31.9722 -0.888786 15.0849
v 30.856 -3.39121 16.6331
v 30.5404 -4.66236 14.3508
v 31.6566 -2.15994 12.8027
v 32.3766 -1.09 15.0512
v 31.2604 -3.59242 16.5993
f 14025 14026 14027 14028
f 14029 14030 14031 14032
f 14025 14026 14030 14029
f 14026 14027 14031 14030
f 14027 14028 14032 14031
f 14028 14025 14029 14032
o Box1754
v 30.2789 -4.21221 16.2408
v 32.1257 -2.13459 14.868
v 31.0199 -0.238868 16.2494
v 29.1731 -2.31649 17.6222
v 30.5758 -4.26827 16.5554
v 32.4226 -2.19065 15.1826
v 31.3168 -0.29493 16.564
v 29.47 -2.37255 17.9368
f 14033 14034 14035 14036
f 14037 14038 14039 14040
f 14033 14034 14038 14037
f 14034 14035 14039 14038
f 14035 14036 14040 14039
f 14036 14033 14037 14040
o Box1755
v 30.4459 -4.49167 14.4648
v 31.5705 -2.20394 13.1089
v 31.9481 -1.45799 14.6807
v 30.8235 -3.74572 16.0366
v 30.6214 -4.57846 14.4638
v 31.7459 -2.29073 13.108
v 32.1235 -1.54479 14.6798
v 30.999 -3.83252 16.0356
f 14041 14042 14043 14044
f 14045 14046 14047 14048
f 14041 14042 14046 14045
f 14042 14043 14047 14046
f 14043 14044 14048 14047
f 14044 14041 14045 14048
o Box1756
v 30.1756 -4.47552 14.5978
v 31.2523 -1.95873 12.8364
v 32.0634 -0.815779 14.9654
v 30.9867 -3.33257 16.7267
v 30.5396 -4.65926 14.5577
v 31.6163 -2.14247 12.7964
v 32.4274 -0.999522 14.9253
v 31.3508 -3.51631 16.6867
f 14049 14050 14051 14052
f 14053 14054 14055 14056
f 14049 14050 14054 14053
f 14050 14051 14055 14054
f 14051 14052 14056 14055
f 14052 14049 14053 14056
o Box1757
v 30.8148 -4.17968 15.229
v 31.9578 -2.07683 14.0866
v 31.9666 -1.64288 14.8942
v 30.8235 -3.74573 16.0366
v 30.8148 -4.17972 15.229
v 31.9579 -2.07687 14.0866
v 31.9667 -1.64291 14.8942
v 30.8236 -3.74576 16.0366
f 14057 14058 14059 14060
f 14061 14062 14063 14064
f 14057 14058 14062 14061
f 14058 14059 14063 14062
f 14059 14060 14064 14063
f 14060 14057 14061 14064
o Box1758
v 30.6107 -4.32784 14.3382
v 31.5777 -2.14666 13.1779
v 31.8655 -1.8448 13.9852
v 30.8984 -4.02598 15.1455
v 30.6107 -4.32789 14.3382
v 31.5778 -2.14671 13.1779
v 31.8656 -1.84485 13.9852
v 30.8985 -4.02603 15.1455
f 14065 14066 14067 14068
f 14069 14070 14071 14072
f 14065 14066 14070 14069
f 14066 14067 14071 14070
f 14067 14068 14072 14071
f 14068 14065 14069 14072
o Box1759
v 30.6034 -4.25845 14.9756
v 31.7411 -1.97531 13.6362
v 32.0037 -1.17761 15.2191
v 30.866 -3.46075 16.5585
v 30.7815 -4.34031 14.9873
v 31.9192 -2.05717 13.648
v 32.1818 -1.25947 15.2308
v 31.0441 -3.54261 16.5702
f 14073 14074 14075 14076
f 14077 14078 14079 14080
f 14073 14074 14078 14077
f 14074 14075 14079 14078
f 14075 14076 14080 14079
f 14076 14073 14077 14080
o Box1760
v 30.4516 -4.20612 13.9205
v 31.252 -1.95854 12.8366
v 31.8009 -1.80741 13.5553
v 31.0005 -4.055 14.6392
v 30.4519 -4.20631 13.9204
v 31.2523 -1.95872 12.8364
v 31.8012 -1.8076 13.5551
v 31.0008 -4.05519 14.6391
f 14081 14082 14083 14084
f 14085 14086 14087 14088
f 14081 14082 14086 14085
f 14082 14083 14087 14086
f 14083 14084 14088 14087
f 14084 14081 14085 14088
o Box1761
v 30.8185 -3.93767 15.6781
v 31.9627 -1.83516 14.5364
v 31.9738 -1.40209 15.345
v 30.8297 -3.5046 16.4868
v 30.8186 -3.93771 15.6781
v 31.9628 -1.8352 14.5364
v 31.9739 -1.40213 15.3451
v 30.8298 -3.50464 16.4868
f 14089 14090 14091 14092
f 14093 14094 14095 14096
f 14089 14090 14094 14093
f 14090 14091 14095 14094
f 14091 14092 14096 14095
f 14092 14089 14093 14096
o Box1762
v 30.7688 -4.15852 14.7834
v 31.7411 -1.97531 13.6362
v 32.0334 -1.67633 14.4529
v 31.0611 -3.85954 15.6001
v 30.7689 -4.15857 14.7834
v 31.7412 -1.97537 13.6362
v 32.0335 -1.67639 14.4529
v 31.0612 -3.8596 15.6001
f 14097 14098 14099 14100
f 14101 14102 14103 14104
f 14097 14098 14102 14101
f 14098 14099 14103 14102
f 14099 14100 14104 14103
f 14100 14097 14101 14104
o Box1763
v 29.2793 -2.3243 17.7857
v 30.8598 -0.331657 16.8541
v 31.957 -1.5627 16.0825
v 30.3766 -3.55535 17.014
v 29.1731 -2.31649 17.6222
v 30.7536 -0.323844 16.6906
v 31.8508 -1.55489 15.919
v 30.2704 -3.54754 16.8505
f 14105 14106 14107 14108
f 14109 14110 14111 14112
f 14105 14106 14110 14109
f 14106 14107 14111 14110
f 14107 14108 14112 14111
f 14108 14105 14109 14112
o Box1764
v 30.7742 -3.8285 16.0728
v 32.0016 -1.74198 15.1531
v 31.596 -1.06115 16.1564
v 30.3686 -3.14767 17.0761
v 30.7747 -3.82867 16.0732
v 32.0022 -1.74215 15.1534
v 31.5966 -1.06132 16.1567
v 30.3691 -3.14784 17.0764
f 14113 14114 14115 14116
f 14117 14118 14119 14120
f 14113 14114 14118 14117
f 14114 14115 14119 14118
f 14115 14116 14120 14119
f 14116 14113 14117 14120
o Box1765
v 29.1731 -2.31649 17.6222
v 30.6248 -0.442137 16.879
v 31.2894 -1.04931 16.646
v 29.8377 -2.92366 17.3891
v 29.1731 -2.31649 17.6222
v 30.6248 -0.442139 16.879
v 31.2894 -1.04931 16.646
v 29.8377 -2.92367 17.3891
f 14121 14122 14123 14124
f 14125 14126 14127 14128
f 14121 14122 14126 14125
f 14122 14123 14127 14126
f 14123 14124 14128 14127
f 14124 14121 14125 14128
o Box1766
v 30.4056 -3.43399 16.8518
v 31.8031 -1.49235 15.9327
v 31.303 -0.894484 16.4354
v 29.9055 -2.83612 17.3544
v 30.4057 -3.43399 16.8518
v 31.8031 -1.49235 15.9328
v 31.303 -0.894487 16.4354
v 29.9055 -2.83612 17.3544
f 14129 14130 14131 14132
f 14133 14134 14135 14136
f 14129 14130 14134 14133
f 14130 14131 14135 14134
f 14131 14132 14136 14135
f 14132 14129 14133 14136
o Box1767
v 30.7442 -3.86984 16.1016
v 32.0359 -1.84951 15.0438
v 31.7703 -1.31215 15.746
v 30.4787 -3.33248 16.8037
v 30.7442 -3.86985 16.1016
v 32.0359 -1.84952 15.0438
v 31.7704 -1.31216 15.746
v 30.4787 -3.33249 16.8037
f 14137 14138 14139 14140
f 14141 14142 14143 14144
f 14137 14138 14142 14141
f 14138 14139 14143 14142
f 14139 14140 14144 14143
f 14140 14137 14141 14144
o Box1768
v 30.5937 -3.56956 16.4963
v 31.8905 -1.5553 15.4282
v 31.63 -1.01853 16.1243
v 30.3333 -3.03279 17.1924
v 30.5937 -3.56956 16.4963
v 31.8905 -1.5553 15.4283
v 31.63 -1.01854 16.1243
v 30.3333 -3.0328 17.1924
f 14145 14146 14147 14148
f 14149 14150 14151 14152
f 14145 14146 14150 14149
f 14146 14147 14151 14150
f 14147 14148 14152 14151
f 14148 14145 14149 14152
o Box1769
v 25.2598 -2.41993 13.2427
v 27.0009 -1.61593 18.3499
v 32.0103 -3.63242 16.9596
v 30.2692 -4.43642 11.8523
v 26.1464 0.284391 12.5147
v 27.8875 1.08839 17.6219
v 32.8969 -0.928094 16.2316
v 31.1557 -1.7321 11.1244
f 14153 14154 14155 14156
f 14157 14158 14159 14160
f 14153 14154 14158 14157
f 14154 14155 14159 14158
f 14155 14156 14160 14159
f 14156 14153 14157 14160
o Box1770
v 26.23 -0.129866 12.3607
v 35.6747 25.6625 5.31363
v 37.3517 26.4872 10.5798
v 27.9071 0.694875 17.6269
v 28.77 -1.23373 11.7247
v 38.2146 24.5586 4.67764
v 39.8917 25.3834 9.94383
v 30.447 -0.408985 16.9909
f 14161 14162 14163 14164
f 14165 14166 14167 14168
f 14161 14162 14166 14165
f 14162 14163 14167 14166
f 14163 14164 14168 14167
f 14164 14161 14165 14168
o Box1771
v 25.8623 0.426155 12.9804
v 30.5398 -1.67637 10.7729
v 31.9701 -1.26985 13.4164
v 27.2926 0.832673 15.6239
v 25.0836 -2.16723 13.8005
v 29.7611 -4.26975 11.593
v 31.1914 -3.86323 14.2365
v 26.5139 -1.76071 16.444
f 14169 14170 14171 14172
f 14173 14174 14175 14176
f 14169 14170 14174 14173
f 14170 14171 14175 14174
f 14171 14172 14176 14175
f 14172 14169 14173 14176
o Box1772
v 26.8831 0.597621 14.4366
v 31.9453 -1.36769 13.4169
v 32.7281 -0.99994 16.5939
v 27.6659 0.965375 17.6136
v 25.9939 -1.96013 14.9518
v 31.0561 -3.92544 13.932
v 31.8389 -3.55769 17.1091
v 26.7767 -1.59237 18.1288
f 14177 14178 14179 14180
f 14181 14182 14183 14184
f 14177 14178 14182 14181
f 14178 14179 14183 14182
f 14179 14180 14184 14183
f 14180 14177 14181 14184
o Box1773
v 27.3899 -2.53204 12.4544
v 26.2906 -1.59593 15.8438
v 27.2482 0.680605 15.5257
v 28.3475 -0.255503 12.1363
v 26.8017 -2.31946 12.2049
v 25.7024 -1.38335 15.5943
v 26.66 0.893184 15.2762
v 27.7593 -0.0429246 11.8868
f 14185 14186 14187 14188
f 14189 14190 14191 14192
f 14185 14186 14190 14189
f 14186 14187 14191 14190
f 14187 14188 14192 14191
f 14188 14185 14189 14192
o Box1774
v 27.4949 -3.30433 11.7595
v 31.2762 -4.3617 13.0576
v 32.1075 -1.89033 12.6491
v 28.3261 -0.832955 11.351
v 27.2411 -3.06454 12.6938
v 31.0225 -4.12191 13.992
v 31.8538 -1.65054 13.5835
v 28.0724 -0.593167 12.2854
f 14193 14194 14195 14196
f 14197 14198 14199 14200
f 14193 14194 14198 14197
f 14194 14195 14199 14198
f 14195 14196 14200 14199
f 14196 14193 14197 14200
o Box1775
v 27.2169 -2.4767 12.4337
v 28.0467 -0.458452 12.0283
v 26.9655 0.285462 13.5184
v 26.1357 -1.73278 13.9239
v 27.3502 -2.50886 12.5465
v 28.1801 -0.490614 12.1411
v 27.0988 0.2533 13.6312
v 26.269 -1.76494 14.0367
f 14201 14202 14203 14204
f 14205 14206 14207 14208
f 14201 14202 14206 14205
f 14202 14203 14207 14206
f 14203 14204 14208 14207
f 14204 14201 14205 14208
o Box1776
v 26.2089 -1.50767 13.7944
v 27.1009 0.418117 13.4757
v 27.15 0.726159 15.4749
v 26.258 -1.19963 15.7936
v 26.3813 -1.58623 13.8022
v 27.2733 0.33956 13.4836
v 27.3224 0.647602 15.4828
v 26.4304 -1.27819 15.8014
f 14209 14210 14211 14212
f 14213 14214 14215 14216
f 14209 14210 14214 14213
f 14210 14211 14215 14214
f 14211 14212 14216 14215
f 14212 14209 14213 14216
o Box1777
v 27.3432 -2.51879 12.2509
v 28.0965 -0.26225 12.0192
v 26.8399 0.32887 13.6907
v 26.0867 -1.92767 13.9225
v 27.4856 -2.55405 12.3704
v 28.2389 -0.297509 12.1387
v 26.9823 0.293611 13.8103
v 26.2291 -1.96293 14.042
f 14217 14218 14219 14220
f 14221 14222 14223 14224
f 14217 14218 14222 14221
f 14218 14219 14223 14222
f 14219 14220 14224 14223
f 14220 14217 14221 14224
o Box1778
v 28.0435 -0.831803 12.2145
v 27.0265 -0.12047 13.6013
v 27.15 0.210467 13.5221
v 28.167 -0.500866 12.1353
v 27.9142 -0.809047 12.108
v 26.8973 -0.0977146 13.4948
v 27.0208 0.233222 13.4157
v 28.0377 -0.478111 12.0289
f 14225 14226 14227 14228
f 14229 14230 14231 14232
f 14225 14226 14230 14229
f 14226 14227 14231 14230
f 14227 14228 14232 14231
f 14228 14225 14229 14232
o Box1779
v 26.692 -1.95399 13.2143
v 27.3298 0.150449 13.2053
v 26.9 0.283982 13.9736
v 26.2622 -1.82046 13.9826
v 26.6922 -1.95404 13.2145
v 27.3299 0.150394 13.2054
v 26.9002 0.283928 13.9737
v 26.2624 -1.82051 13.9827
f 14233 14234 14235 14236
f 14237 14238 14239 14240
f 14233 14234 14238 14237
f 14234 14235 14239 14238
f 14235 14236 14240 14239
f 14236 14233 14237 14240
o Box1780
v 27.6198 -2.51496 12.0457
v 28.1555 0.0163937 12.0885
v 27.019 0.235149 13.3769
v 26.4833 -2.2962 13.3342
v 27.7615 -2.54716 12.1762
v 28.2973 -0.0158095 12.2189
v 27.1608 0.202945 13.5074
v 26.6251 -2.32841 13.4647
f 14241 14242 14243 14244
f 14245 14246 14247 14248
f 14241 14242 14246 14245
f 14242 14243 14247 14246
f 14243 14244 14248 14247
f 14244 14241 14245 14248
o Box1781
v 26.9941 -2.36601 12.9053
v 27.5184 -0.183002 12.7315
v 28.1758 -0.38755 12.1456
v 27.6516 -2.57055 12.3195
v 26.9941 -2.366 12.9053
v 27.5183 -0.182993 12.7314
v 28.1758 -0.38754 12.1455
v 27.6515 -2.57054 12.3194
f 14249 14250 14251 14252
f 14253 14254 14255 14256
f 14249 14250 14254 14253
f 14250 14251 14255 14254
f 14251 14252 14256 14255
f 14252 14249 14253 14256
o Box1782
v 26.9483 -2.03806 12.7528
v 27.5933 0.0610372 12.7286
v 27.1606 0.203012 13.5073
v 26.5155 -1.89609 13.5315
v 26.9485 -2.03813 12.7529
v 27.5935 0.0609704 12.7287
v 27.1608 0.202945 13.5074
v 26.5157 -1.89616 13.5317
f 14257 14258 14259 14260
f 14261 14262 14263 14264
f 14257 14258 14262 14261
f 14258 14259 14263 14262
f 14259 14260 14264 14263
f 14260 14257 14261 14264
o Box1783
v 27.3881 -0.48944 12.8134
v 28.0471 -0.834266 12.2046
v 28.1558 -0.516591 12.1424
v 27.4969 -0.171766 12.7512
v 27.3887 -0.489509 12.8141
v 28.0476 -0.834335 12.2053
v 28.1564 -0.51666 12.1431
v 27.4975 -0.171835 12.7519
f 14265 14266 14267 14268
f 14269 14270 14271 14272
f 14265 14266 14270 14269
f 14266 14267 14271 14270
f 14267 14268 14272 14271
f 14268 14265 14269 14272
o Box1784
v 27.424 -0.443487 12.7725
v 27.0078 -0.162072 13.6011
v 27.1443 0.214332 13.5418
v 27.5605 -0.0670831 12.7132
v 27.4234 -0.443317 12.7721
v 27.0072 -0.161901 13.6007
v 27.1437 0.214503 13.5415
v 27.5599 -0.0669124 12.7129
f 14273 14274 14275 14276
f 14277 14278 14279 14280
f 14273 14274 14278 14277
f 14274 14275 14279 14278
f 14275 14276 14280 14279
f 14276 14273 14277 14280
o Box1785
v 27.4079 -0.432878 12.8028
v 28.0792 -0.751659 12.1863
v 28.1619 -0.488611 12.1403
v 27.4906 -0.16983 12.7569
v 27.4081 -0.432896 12.803
v 28.0793 -0.751677 12.1865
v 28.162 -0.488628 12.1405
v 27.4908 -0.169848 12.757
f 14281 14282 14283 14284
f 14285 14286 14287 14288
f 14281 14282 14286 14285
f 14282 14283 14287 14286
f 14283 14284 14288 14287
f 14284 14281 14285 14288
o Box1786
v 27.3757 -0.543424 12.8196
v 28.0568 -0.836825 12.196
v 28.1179 -0.628402 12.1647
v 27.4368 -0.335002 12.7883
v 27.3758 -0.543437 12.8197
v 28.0569 -0.836837 12.1961
v 28.118 -0.628415 12.1648
v 27.4369 -0.335014 12.7884
f 14289 14290 14291 14292
f 14293 14294 14295 14296
f 14289 14290 14294 14293
f 14290 14291 14295 14294
f 14291 14292 14296 14295
f 14292 14289 14293 14296
o Box1787
v 27.432 -0.445291 12.7574
v 26.9927 -0.217158 13.6015
v 27.079 0.0451403 13.5756
v 27.5183 -0.182993 12.7314
v 27.4319 -0.445254 12.7573
v 26.9926 -0.217121 13.6014
v 27.0789 0.0451775 13.5755
v 27.5182 -0.182956 12.7313
f 14297 14298 14299 14300
f 14301 14302 14303 14304
f 14297 14298 14302 14301
f 14298 14299 14303 14302
f 14299 14300 14304 14303
f 14300 14297 14301 14304
o Box1788
v 27.4739 -0.316194 12.7467
v 27.0394 -0.0750352 13.5874
v 27.1367 0.216316 13.5541
v 27.5713 -0.0248427 12.7134
v 27.4738 -0.316168 12.7466
v 27.0393 -0.0750084 13.5873
v 27.1366 0.216343 13.5541
v 27.5712 -0.0248159 12.7133
f 14305 14306 14307 14308
f 14309 14310 14311 14312
f 14305 14306 14310 14309
f 14306 14307 14311 14310
f 14307 14308 14312 14311
f 14308 14305 14309 14312
o Box1789
v 26.2116 -1.50756 13.653
v 27.1387 0.54495 13.4778
v 27.1338 0.729926 15.6195
v 26.2067 -1.32258 15.7946
v 26.3872 -1.58626 13.6602
v 27.3144 0.466245 13.485
v 27.3094 0.651221 15.6267
v 26.3823 -1.40129 15.8019
f 14313 14314 14315 14316
f 14317 14318 14319 14320
f 14313 14314 14318 14317
f 14314 14315 14319 14318
f 14315 14316 14320 14319
f 14316 14313 14317 14320
o Box1790
v 26.4515 -1.32132 13.4783
v 26.353 -1.31101 15.3357
v 27.324 0.614308 15.3765
v 27.4225 0.603993 13.5191
v 26.2738 -1.23151 13.4684
v 26.1754 -1.22119 15.3258
v 27.1464 0.704126 15.3666
v 27.2448 0.693812 13.5092
f 14321 14322 14323 14324
f 14325 14326 14327 14328
f 14321 14322 14326 14325
f 14322 14323 14327 14326
f 14323 14324 14328 14327
f 14324 14321 14325 14328
o Box1791
v 26.1697 -1.4588 13.9837
v 27.2123 0.791939 14.2486
v 27.1524 0.615594 15.9827
v 26.1098 -1.63515 15.7178
v 26.3472 -1.54076 13.9815
v 27.3898 0.709989 14.2464
v 27.3299 0.533643 15.9805
v 26.2873 -1.7171 15.7156
f 14329 14330 14331 14332
f 14333 14334 14335 14336
f 14329 14330 14334 14333
f 14330 14331 14335 14334
f 14331 14332 14336 14335
f 14332 14329 14333 14336
o Box1792
v 26.4472 -1.5656 13.4553
v 27.2568 0.441017 13.5144
v 27.0885 0.482848 14.3993
v 26.2789 -1.52377 14.3402
v 26.4472 -1.56563 13.4553
v 27.2568 0.440986 13.5144
v 27.0886 0.482817 14.3993
v 26.279 -1.5238 14.3402
f 14337 14338 14339 14340
f 14341 14342 14343 14344
f 14337 14338 14342 14341
f 14338 14339 14343 14342
f 14339 14340 14344 14343
f 14340 14337 14341 14344
o Box1793
v 26.3472 -1.54076 13.9815
v 27.1577 0.465439 14.0406
v 26.9868 0.508445 14.9247
v 26.1763 -1.49775 14.8655
v 26.3474 -1.54083 13.9815
v 27.1579 0.465367 14.0406
v 26.987 0.508372 14.9247
v 26.1764 -1.49782 14.8656
f 14345 14346 14347 14348
f 14349 14350 14351 14352
f 14345 14346 14350 14349
f 14346 14347 14351 14350
f 14347 14348 14352 14351
f 14348 14345 14349 14352
o Box1794
v 26.2723 -1.2605 14.8726
v 27.2656 0.655209 14.9185
v 27.3709 0.578916 15.8216
v 26.3777 -1.33679 15.7756
v 26.2726 -1.26065 14.8725
v 27.2658 0.655057 14.9185
v 27.3712 0.578764 15.8215
v 26.378 -1.33694 15.7756
f 14353 14354 14355 14356
f 14357 14358 14359 14360
f 14353 14354 14358 14357
f 14354 14355 14359 14358
f 14355 14356 14360 14359
f 14356 14353 14357 14360
o Box1795
v 27.045 -0.0829 13.5476
v 26.925 0.0986863 14.4944
v 27.0837 0.490423 14.4394
v 27.2037 0.308837 13.4926
v 27.0445 -0.0826956 13.5475
v 26.9245 0.0988907 14.4943
v 27.0831 0.490628 14.4393
v 27.2031 0.309041 13.4924
f 14361 14362 14363 14364
f 14365 14366 14367 14368
f 14361 14362 14366 14365
f 14362 14363 14367 14366
f 14363 14364 14368 14367
f 14364 14361 14365 14368
o Box1796
v 26.2067 -1.21208 14.3527
v 27.2013 0.704162 14.4057
v 27.3198 0.615712 15.3791
v 26.3253 -1.30053 15.3261
v 26.2153 -1.21647 14.3512
v 27.2098 0.699765 14.4042
v 27.3284 0.611315 15.3777
v 26.3338 -1.30492 15.3247
f 14369 14370 14371 14372
f 14373 14374 14375 14376
f 14369 14370 14374 14373
f 14370 14371 14375 14374
f 14371 14372 14376 14375
f 14372 14369 14373 14376
o Box1797
v 27.0478 -0.0829075 13.5301
v 26.9065 0.0491505 14.4918
v 27.0196 0.33495 14.4692
v 27.1609 0.202892 13.5075
v 27.0477 -0.0828543 13.5301
v 26.9064 0.0492037 14.4918
v 27.0195 0.335003 14.4691
v 27.1608 0.202945 13.5074
f 14377 14378 14379 14380
f 14381 14382 14383 14384
f 14377 14378 14382 14381
f 14378 14379 14383 14382
f 14379 14380 14384 14383
f 14380 14377 14381 14384
o Box1798
v 27.1103 0.0733006 13.5178
v 26.9684 0.205139 14.4795
v 27.08 0.490728 14.4568
v 27.2219 0.35889 13.4951
v 27.11 0.0734112 13.5177
v 26.9681 0.205249 14.4794
v 27.0797 0.490839 14.4567
v 27.2216 0.359 13.495
f 14385 14386 14387 14388
f 14389 14390 14391 14392
f 14385 14386 14390 14389
f 14386 14387 14391 14390
f 14387 14388 14392 14391
f 14388 14385 14389 14392
o Box1799
v 26.2099 -1.2105 14.343
v 27.2049 0.707237 14.4068
v 27.3101 0.622951 15.2994
v 26.3151 -1.29478 15.2357
v 26.2099 -1.21051 14.343
v 27.2049 0.707223 14.4068
v 27.3102 0.622938 15.2994
v 26.3152 -1.2948 15.2357
f 14393 14394 14395 14396
f 14397 14398 14399 14400
f 14393 14394 14398 14397
f 14394 14395 14399 14398
f 14395 14396 14400 14399
f 14396 14393 14397 14400
o Box1800
v 26.9594 0.20401 14.4283
v 27.1332 0.22319 15.3871
v 27.2623 0.502029 15.3581
v 27.0885 0.482849 14.3993
v 26.9589 0.204228 14.4284
v 27.1327 0.223408 15.3871
v 27.2619 0.502247 15.3582
v 27.088 0.483067 14.3994
f 14401 14402 14403 14404
f 14405 14406 14407 14408
f 14401 14402 14406 14405
f 14402 14403 14407 14406
f 14403 14404 14408 14407
f 14404 14401 14405 14408
o Box1801
v 28.1836 -3.57302 12.631
v 27.5292 -0.747266 12.3277
v 29.4776 -0.352928 11.7981
v 30.132 -3.17869 12.1014
v 28.1436 -3.60026 12.4635
v 27.4892 -0.774504 12.1602
v 29.4376 -0.380166 11.6306
v 30.092 -3.20592 11.9339
f 14409 14410 14411 14412
f 14413 14414 14415 14416
f 14409 14410 14414 14413
f 14410 14411 14415 14414
f 14411 14412 14416 14415
f 14412 14409 14413 14416
o Box1802
v 29.1667 -3.83706 12.3604
v 31.3177 -4.02886 13.9763
v 32.0387 -1.79652 13.2816
v 29.8877 -1.60472 11.6656
v 28.9824 -3.69596 12.6225
v 31.1334 -3.88776 14.2384
v 31.8544 -1.65542 13.5437
v 29.7034 -1.46362 11.9277
f 14417 14418 14419 14420
f 14421 14422 14423 14424
f 14417 14418 14422 14421
f 14418 14419 14423 14422
f 14419 14420 14424 14423
f 14420 14417 14421 14424
o Box1803
v 27.4731 -3.03577 12.705
v 28.118 -0.628414 12.1648
v 29.8404 -1.14076 11.9378
v 29.1955 -3.54811 12.478
v 27.434 -3.07301 12.4924
v 28.0789 -0.665651 11.9522
v 29.8013 -1.178 11.7252
v 29.1564 -3.58535 12.2654
f 14425 14426 14427 14428
f 14429 14430 14431 14432
f 14425 14426 14430 14429
f 14426 14427 14431 14430
f 14427 14428 14432 14431
f 14428 14425 14429 14432
o Box1804
v 27.9886 -0.879113 12.1497
v 29.6423 -1.60439 11.7448
v 29.6744 -1.45944 11.6164
v 28.0208 -0.734162 12.0212
v 28.0796 -0.759686 12.3071
v 29.7332 -1.48497 11.9023
v 29.7653 -1.34001 11.7739
v 28.1117 -0.614735 12.1787
f 14433 14434 14435 14436
f 14437 14438 14439 14440
f 14433 14434 14438 14437
f 14434 14435 14439 14438
f 14435 14436 14440 14439
f 14436 14433 14437 14440
o Box1805
v 27.7627 -3.26307 12.683
v 28.118 -0.628414 12.1648
v 29.8216 -0.919206 11.8543
v 29.4664 -3.55387 12.3724
v 27.7229 -3.29481 12.4944
v 28.0782 -0.660147 11.9762
v 29.7818 -0.95094 11.6656
v 29.4265 -3.5856 12.1838
f 14441 14442 14443 14444
f 14445 14446 14447 14448
f 14441 14442 14446 14445
f 14442 14443 14447 14446
f 14443 14444 14448 14447
f 14444 14441 14445 14448
o Box1806
v 28.8216 -1.2279 11.9167
v 29.7186 -1.52796 11.9109
v 29.7338 -1.48229 11.8991
v 28.8368 -1.18223 11.9049
v 28.8216 -1.22773 11.9175
v 29.7186 -1.52779 11.9116
v 29.7338 -1.48213 11.8998
v 28.8368 -1.18207 11.9056
f 14449 14450 14451 14452
f 14453 14454 14455 14456
f 14449 14450 14454 14453
f 14450 14451 14455 14454
f 14451 14452 14456 14455
f 14452 14449 14453 14456
o Box1807
v 28.4213 -3.36966 12.4562
v 28.8874 -1.0796 11.876
v 29.7773 -1.26838 11.8458
v 29.3112 -3.55845 12.426
v 28.4213 -3.3697 12.4561
v 28.8874 -1.07963 11.8758
v 29.7773 -1.26842 11.8457
v 29.3112 -3.55848 12.4259
f 14457 14458 14459 14460
f 14461 14462 14463 14464
f 14457 14458 14462 14461
f 14458 14459 14463 14462
f 14459 14460 14464 14463
f 14460 14457 14461 14464
o Box1808
v 27.6554 -2.87713 12.533
v 28.1181 -0.628398 12.165
v 28.9347 -0.849875 11.8384
v 28.472 -3.09861 12.2063
v 27.6553 -2.87715 12.5327
v 28.118 -0.628415 12.1648
v 28.9346 -0.849893 11.8382
v 28.4719 -3.09862 12.2061
f 14465 14466 14467 14468
f 14469 14470 14471 14472
f 14465 14466 14470 14469
f 14466 14467 14471 14470
f 14467 14468 14472 14471
f 14468 14465 14469 14472
o Box1809
v 28.0219 -0.846654 12.2251
v 28.8414 -1.20991 11.9063
v 28.9205 -0.984184 11.8522
v 28.1009 -0.620932 12.1711
v 28.0223 -0.846575 12.226
v 28.8418 -1.20983 11.9072
v 28.9208 -0.984105 11.8531
v 28.1013 -0.620853 12.172
f 14473 14474 14475 14476
f 14477 14478 14479 14480
f 14473 14474 14478 14477
f 14474 14475 14479 14478
f 14475 14476 14480 14479
f 14476 14473 14477 14480
o Box1810
v 28.8293 -1.20459 11.9108
v 29.7092 -1.54528 11.9169
v 29.7591 -1.41712 11.882
v 28.8792 -1.07642 11.8759
v 28.8293 -1.20454 11.911
v 29.7093 -1.54524 11.9171
v 29.7591 -1.41707 11.8822
v 28.8792 -1.07637 11.8761
f 14481 14482 14483 14484
f 14485 14486 14487 14488
f 14481 14482 14486 14485
f 14482 14483 14487 14486
f 14483 14484 14488 14487
f 14484 14481 14485 14488
o Box1811
v 28.0297 -0.825168 12.2208
v 28.854 -1.17865 11.8993
v 28.923 -0.973656 11.8507
v 28.0986 -0.620177 12.1721
v 28.0298 -0.82515 12.221
v 28.8541 -1.17863 11.8995
v 28.923 -0.973638 11.8509
v 28.0987 -0.620158 12.1723
f 14489 14490 14491 14492
f 14493 14494 14495 14496
f 14489 14490 14494 14493
f 14490 14491 14495 14494
f 14491 14492 14496 14495
f 14492 14489 14493 14496
o Box1812
v 28.0092 -0.89358 12.2346
v 28.8481 -1.21172 11.9033
v 28.8874 -1.0796 11.876
v 28.0486 -0.761463 12.2073
v 28.0094 -0.893557 12.2349
v 28.8482 -1.21169 11.9036
v 28.8875 -1.07958 11.8763
v 28.0487 -0.76144 12.2076
f 14497 14498 14499 14500
f 14501 14502 14503 14504
f 14497 14498 14502 14501
f 14498 14499 14503 14502
f 14499 14500 14504 14503
f 14500 14497 14501 14504
o Box1813
v 29.3342 -3.76756 12.8802
v 29.6741 -1.43356 12.0063
v 31.3283 -1.43683 12.641
v 30.9883 -3.77083 13.5149
v 29.4097 -3.85248 12.6829
v 29.7497 -1.51848 11.8089
v 31.4038 -1.52175 12.4436
v 31.0639 -3.85575 13.3176
f 14505 14506 14507 14508
f 14509 14510 14511 14512
f 14505 14506 14510 14509
f 14506 14507 14511 14510
f 14507 14508 14512 14511
f 14508 14505 14509 14512
o Box1814
v 30.5565 -1.8841 12.2161
v 31.6789 -2.02042 13.6798
v 31.8567 -2.02931 13.5426
v 30.7344 -1.893 12.0789
v 30.573 -1.66909 12.2235
v 31.6953 -1.8054 13.6872
v 31.8732 -1.8143 13.55
v 30.7509 -1.67798 12.0863
f 14513 14514 14515 14516
f 14517 14518 14519 14520
f 14513 14514 14518 14517
f 14514 14515 14519 14518
f 14515 14516 14520 14519
f 14516 14513 14517 14520
o Box1815
v 29.2029 -3.78593 12.6847
v 29.7338 -1.48213 11.8998
v 30.6004 -1.59101 12.1664
v 30.0694 -3.89482 12.9513
v 29.2029 -3.78593 12.6847
v 29.7338 -1.48213 11.8998
v 30.6004 -1.59102 12.1664
v 30.0694 -3.89482 12.9513
f 14521 14522 14523 14524
f 14525 14526 14527 14528
f 14521 14522 14526 14525
f 14522 14523 14527 14526
f 14523 14524 14528 14527
f 14524 14521 14525 14528
o Box1816
v 29.7763 -1.5028 11.7995
v 31.3542 -1.97332 12.6358
v 31.2619 -1.92964 12.8345
v 29.684 -1.45913 11.9982
v 29.7602 -1.55102 11.8027
v 31.3382 -2.02154 12.639
v 31.2459 -1.97786 12.8376
v 29.668 -1.50735 12.0013
f 14529 14530 14531 14532
f 14533 14534 14535 14536
f 14529 14530 14534 14533
f 14530 14531 14535 14534
f 14531 14532 14536 14535
f 14532 14529 14533 14536
o Box1817
v 29.7106 -1.52535 11.9108
v 30.5542 -1.7899 12.2339
v 30.573 -1.74535 12.2211
v 29.7294 -1.4808 11.8979
v 29.7105 -1.52526 11.911
v 30.5541 -1.78981 12.2341
v 30.573 -1.74526 12.2213
v 29.7294 -1.48071 11.8982
f 14537 14538 14539 14540
f 14541 14542 14543 14544
f 14537 14538 14542 14541
f 14538 14539 14543 14542
f 14539 14540 14544 14543
f 14540 14537 14541 14544
o Box1818
v 30.5509 -1.78672 12.2269
v 31.2447 -1.97832 12.8388
v 31.2607 -1.94022 12.8326
v 30.5669 -1.74863 12.2208
v 30.5497 -1.78595 12.2286
v 31.2435 -1.97754 12.8404
v 31.2595 -1.93945 12.8342
v 30.5657 -1.74786 12.2224
f 14545 14546 14547 14548
f 14549 14550 14551 14552
f 14545 14546 14550 14549
f 14546 14547 14551 14550
f 14547 14548 14552 14551
f 14548 14545 14549 14552
o Box1819
v 29.7105 -1.52526 11.911
v 30.5453 -1.80946 12.2394
v 30.5655 -1.7657 12.2257
v 29.7308 -1.4815 11.8973
v 29.7102 -1.52475 11.9122
v 30.545 -1.80895 12.2406
v 30.5652 -1.76519 12.2269
v 29.7305 -1.48099 11.8985
f 14553 14554 14555 14556
f 14557 14558 14559 14560
f 14553 14554 14558 14557
f 14554 14555 14559 14558
f 14555 14556 14560 14559
f 14556 14553 14557 14560
o Box1820
v 29.7031 -1.54393 11.9165
v 30.5551 -1.78744 12.2333
v 30.5704 -1.74996 12.2211
v 29.7184 -1.50645 11.9042
v 29.7029 -1.54354 11.9174
v 30.5549 -1.78705 12.2343
v 30.5702 -1.74957 12.222
v 29.7182 -1.50606 11.9051
f 14561 14562 14563 14564
f 14565 14566 14567 14568
f 14561 14562 14566 14565
f 14562 14563 14567 14566
f 14563 14564 14568 14567
f 14564 14561 14565 14568
o Box1821
v 30.5428 -1.80288 12.2352
v 31.2523 -1.95872 12.8364
v 31.3014 -1.84948 12.8067
v 30.5919 -1.69363 12.2055
v 30.5421 -1.80233 12.2361
v 31.2516 -1.95817 12.8373
v 31.3007 -1.84893 12.8076
v 30.5913 -1.69309 12.2064
f 14569 14570 14571 14572
f 14573 14574 14575 14576
f 14569 14570 14574 14573
f 14570 14571 14575 14574
f 14571 14572 14576 14575
f 14572 14569 14573 14576
o Box1822
v 31.2474 -1.95873 12.8264
v 31.7334 -1.99644 13.6399
v 31.8151 -1.81114 13.5997
v 31.3291 -1.77343 12.7862
v 31.2461 -1.95801 12.8272
v 31.7321 -1.99573 13.6407
v 31.8138 -1.81043 13.6004
v 31.3278 -1.77271 12.787
f 14577 14578 14579 14580
f 14581 14582 14583 14584
f 14577 14578 14582 14581
f 14578 14579 14583 14582
f 14579 14580 14584 14583
f 14580 14577 14581 14584
o Box1823
v 31.2442 -1.95746 12.8223
v 31.7151 -2.03159 13.646
v 31.7666 -1.92209 13.6265
v 31.2957 -1.84796 12.8027
v 31.2438 -1.95722 12.8226
v 31.7147 -2.03135 13.6463
v 31.7662 -1.92185 13.6267
v 31.2953 -1.84772 12.803
f 14585 14586 14587 14588
f 14589 14590 14591 14592
f 14585 14586 14590 14589
f 14586 14587 14591 14590
f 14587 14588 14592 14591
f 14588 14585 14589 14592
o Box1824
v 31.2602 -1.92817 12.8189
v 31.7423 -1.97598 13.6355
v 31.8161 -1.81141 13.6016
v 31.3341 -1.7636 12.785
v 31.2591 -1.9275 12.8197
v 31.7411 -1.97531 13.6362
v 31.815 -1.81074 13.6023
v 31.3329 -1.76293 12.7857
f 14593 14594 14595 14596
f 14597 14598 14599 14600
f 14593 14594 14598 14597
f 14594 14595 14599 14598
f 14595 14596 14600 14599
f 14596 14593 14597 14600
o Box1825
v 26.2666 -2.03429 15.4446
v 29.714 -2.27651 17.5721
v 30.536 0.240627 16.5268
v 27.0885 0.482846 14.3993
v 25.7694 -1.51275 16.3096
v 29.2169 -1.75497 18.4371
v 30.0388 0.76216 17.3918
v 26.5913 1.00438 15.2643
f 14601 14602 14603 14604
f 14605 14606 14607 14608
f 14601 14602 14606 14605
f 14602 14603 14607 14606
f 14603 14604 14608 14607
f 14604 14601 14605 14608
o Box1826
v 31.7091 -3.86061 14.196
v 29.5646 -2.64245 17.9515
v 30.7705 -0.487806 17.9412
v 32.9151 -1.70597 14.1858
v 30.9093 -3.41579 13.595
v 28.7647 -2.19762 17.3504
v 29.9707 -0.0429822 17.3402
v 32.1152 -1.26115 13.5848
f 14609 14610 14611 14612
f 14613 14614 14615 14616
f 14609 14610 14614 14613
f 14610 14611 14615 14614
f 14611 14612 14616 14615
f 14612 14609 14613 14616
o Box1827
v 25.8443 -0.845816 14.7343
v 27.0977 1.11642 14.5418
v 28.3032 0.57494 16.8718
v 27.0498 -1.38729 17.0643
v 26.1169 -1.03819 14.5485
v 27.3703 0.924047 14.356
v 28.5758 0.38257 16.686
v 27.3225 -1.57966 16.8785
f 14617 14618 14619 14620
f 14621 14622 14623 14624
f 14617 14618 14622 14621
f 14618 14619 14623 14622
f 14619 14620 14624 14623
f 14620 14617 14621 14624
o Box1828
v 27.5921 -1.9629 17.0794
v 30.0765 -2.00297 17.499
v 30.2835 0.5663 16.5188
v 27.799 0.606361 16.0993
v 27.5231 -1.79542 17.5039
v 30.0075 -1.83548 17.9234
v 30.2145 0.733785 16.9433
v 27.73 0.773846 16.5237
f 14625 14626 14627 14628
f 14629 14630 14631 14632
f 14625 14626 14630 14629
f 14626 14627 14631 14630
f 14627 14628 14632 14631
f 14628 14625 14629 14632
o Box1829
v 26.1305 -0.907716 15.3703
v 27.5358 1.09764 15.3548
v 28.3472 0.540405 16.8245
v 26.9418 -1.46495 16.84
v 26.2794 -1.01305 15.2482
v 27.6848 0.992313 15.2327
v 28.4961 0.435075 16.7023
v 27.0908 -1.57028 16.7179
f 14633 14634 14635 14636
f 14637 14638 14639 14640
f 14633 14634 14638 14637
f 14634 14635 14639 14638
f 14635 14636 14640 14639
f 14636 14633 14637 14640
o Box1830
v 26.7502 0.406127 14.5922
v 28.1152 0.258017 16.9267
v 28.4555 0.314129 16.7313
v 27.0905 0.462239 14.3968
v 26.7239 0.679414 14.625
v 28.0889 0.531304 16.9594
v 28.4292 0.587416 16.764
v 27.0642 0.735526 14.4296
f 14641 14642 14643 14644
f 14645 14646 14647 14648
f 14641 14642 14646 14645
f 14642 14643 14647 14646
f 14643 14644 14648 14647
f 14644 14641 14645 14648
o Box1831
v 26.4764 -1.147 15.7801
v 27.6385 0.699812 15.7411
v 28.0049 0.486512 16.5587
v 26.8429 -1.3603 16.5977
v 26.4765 -1.14702 15.7801
v 27.6385 0.699794 15.7411
v 28.005 0.486494 16.5587
v 26.8429 -1.36032 16.5977
f 14649 14650 14651 14652
f 14653 14654 14655 14656
f 14649 14650 14654 14653
f 14650 14651 14655 14654
f 14651 14652 14656 14655
f 14652 14649 14653 14656
o Box1832
v 26.0836 -0.840774 15.3318
v 27.5789 1.15735 15.3862
v 28.3657 0.529636 16.8157
v 26.8703 -1.46849 16.7613
v 26.214 -0.935333 15.2184
v 27.7094 1.06279 15.2728
v 28.4961 0.435077 16.7023
v 27.0008 -1.56305 16.6479
f 14657 14658 14659 14660
f 14661 14662 14663 14664
f 14657 14658 14662 14661
f 14658 14659 14663 14662
f 14659 14660 14664 14663
f 14660 14657 14661 14664
o Box1833
v 26.2658 -1.01537 15.3085
v 27.4417 0.829708 15.2984
v 27.799 0.606362 16.0993
v 26.6231 -1.23871 16.1094
v 26.266 -1.01547 15.3084
v 27.4418 0.829604 15.2983
v 27.7992 0.606257 16.0992
v 26.6233 -1.23882 16.1093
f 14665 14666 14667 14668
f 14669 14670 14671 14672
f 14665 14666 14670 14669
f 14666 14667 14671 14670
f 14667 14668 14672 14671
f 14668 14665 14669 14672
o Box1834
v 26.6098 -1.00402 16.2338
v 27.9385 0.795208 16.0835
v 28.4961 0.435098 16.7024
v 27.1674 -1.36413 16.8527
v 26.6098 -1.00404 16.2338
v 27.9385 0.795183 16.0835
v 28.4962 0.435073 16.7023
v 27.1674 -1.36415 16.8527
f 14673 14674 14675 14676
f 14677 14678 14679 14680
f 14673 14674 14678 14677
f 14674 14675 14679 14678
f 14675 14676 14680 14679
f 14676 14673 14677 14680
o Box1835
v 26.9929 0.337346 14.4262
v 27.6136 0.254668 16.1844
v 27.7627 0.481553 16.1424
v 27.1419 0.564231 14.3843
v 26.8566 0.436623 14.479
v 27.4773 0.353945 16.2371
v 27.6264 0.58083 16.1952
v 27.0057 0.663508 14.437
f 14681 14682 14683 14684
f 14685 14686 14687 14688
f 14681 14682 14686 14685
f 14682 14683 14687 14686
f 14683 14684 14688 14687
f 14684 14681 14685 14688
o Box1836
v 27.176 0.502954 15.3784
v 28.306 0.187067 16.8187
v 28.4444 0.310924 16.7372
v 27.3145 0.626811 15.2969
v 27.1035 0.641419 15.4656
v 28.2334 0.325532 16.9059
v 28.3719 0.449389 16.8244
v 27.2419 0.765276 15.3842
f 14689 14690 14691 14692
f 14693 14694 14695 14696
f 14689 14690 14694 14693
f 14690 14691 14695 14694
f 14691 14692 14696 14695
f 14692 14689 14693 14696
o Box1837
v 27.0352 0.368305 14.4093
v 27.2029 0.374145 15.3714
v 27.3192 0.623123 15.3496
v 27.1515 0.617283 14.3875
v 27.0349 0.368437 14.4093
v 27.2027 0.374277 15.3714
v 27.3189 0.623255 15.3497
v 27.1512 0.617415 14.3876
f 14697 14698 14699 14700
f 14701 14702 14703 14704
f 14697 14698 14702 14701
f 14698 14699 14703 14702
f 14699 14700 14704 14703
f 14700 14697 14701 14704
o Box1838
v 27.1857 0.377712 15.3403
v 27.6497 0.281705 16.1774
v 27.7744 0.526776 16.1363
v 27.3104 0.622784 15.2993
v 27.1854 0.377881 15.3405
v 27.6494 0.281873 16.1775
v 27.7742 0.526945 16.1365
v 27.3101 0.622952 15.2994
f 14705 14706 14707 14708
f 14709 14710 14711 14712
f 14705 14706 14710 14709
f 14706 14707 14711 14710
f 14707 14708 14712 14711
f 14708 14705 14709 14712
o Box1839
v 27.263 0.532864 15.3117
v 27.7154 0.411288 16.1558
v 27.8154 0.601929 16.1297
v 27.363 0.723506 15.2856
v 27.2629 0.532914 15.3118
v 27.7153 0.411338 16.1559
v 27.8153 0.601979 16.1297
v 27.3629 0.723556 15.2856
f 14713 14714 14715 14716
f 14717 14718 14719 14720
f 14713 14714 14718 14717
f 14714 14715 14719 14718
f 14715 14716 14720 14719
f 14716 14713 14717 14720
o Box1840
v 27.7029 0.41492 16.1447
v 28.3945 0.213855 16.7612
v 28.4909 0.405083 16.7155
v 27.7993 0.606148 16.0989
v 27.7026 0.415134 16.145
v 28.3942 0.214069 16.7616
v 28.4906 0.405298 16.7158
v 27.799 0.606362 16.0993
f 14721 14722 14723 14724
f 14725 14726 14727 14728
f 14721 14722 14726 14725
f 14722 14723 14727 14726
f 14723 14724 14728 14727
f 14724 14721 14725 14728
o Box1841
v 27.6432 -1.5211 17.079
v 29.5198 -0.147066 17.0946
v 28.5654 1.16755 16.1057
v 26.6889 -0.206492 16.09
v 27.5726 -1.42689 17.2723
v 29.4491 -0.0528488 17.288
v 28.4948 1.26176 16.2991
v 26.6183 -0.112274 16.2834
f 14729 14730 14731 14732
f 14733 14734 14735 14736
f 14729 14730 14734 14733
f 14730 14731 14735 14734
f 14731 14732 14736 14735
f 14732 14729 14733 14736
o Box1842
v 28.4831 -1.94505 17.5904
v 30.1934 -0.243499 17.0495
v 29.5569 0.367743 16.9599
v 27.8467 -1.33381 17.5008
v 28.4832 -1.94479 17.5915
v 30.1935 -0.243237 17.0506
v 29.557 0.368004 16.961
v 27.8468 -1.33355 17.5019
f 14737 14738 14739 14740
f 14741 14742 14743 14744
f 14737 14738 14742 14741
f 14738 14739 14743 14742
f 14739 14740 14744 14743
f 14740 14737 14741 14744
o Box1843
v 26.8081 -1.1881 16.8108
v 27.7391 0.677566 16.2326
v 29.2609 0.207856 17.1674
v 28.3299 -1.65781 17.7457
v 26.8681 -1.25948 16.6772
v 27.7992 0.606187 16.099
v 29.321 0.136477 17.0338
v 28.3899 -1.72919 17.612
f 14745 14746 14747 14748
f 14749 14750 14751 14752
f 14745 14746 14750 14749
f 14746 14747 14751 14750
f 14747 14748 14752 14751
f 14748 14745 14749 14752
o Box1844
v 28.4397 0.313621 16.7364
v 29.2687 0.0210365 17.0667
v 29.3253 0.142269 17.032
v 28.4963 0.434854 16.7018
v 28.4396 0.313862 16.737
v 29.2686 0.0212774 17.0672
v 29.3251 0.14251 17.0326
v 28.4961 0.435095 16.7024
f 14753 14754 14755 14756
f 14757 14758 14759 14760
f 14753 14754 14758 14757
f 14754 14755 14759 14758
f 14755 14756 14760 14759
f 14756 14753 14757 14760
o Box1845
v 27.1994 -1.17707 17.0067
v 28.6359 0.608851 16.6695
v 29.3176 0.129699 17.0359
v 27.8811 -1.65622 17.373
v 27.1994 -1.17708 17.0067
v 28.6359 0.608841 16.6695
v 29.3176 0.129689 17.0359
v 27.8811 -1.65623 17.373
f 14761 14762 14763 14764
f 14765 14766 14767 14768
f 14761 14762 14766 14765
f 14762 14763 14767 14766
f 14763 14764 14768 14767
f 14764 14761 14765 14768
o Box1846
v 27.7681 0.54846 16.1108
v 28.444 0.312009 16.7377
v 28.5081 0.430901 16.7134
v 27.8322 0.667352 16.0866
v 27.7678 0.548648 16.1111
v 28.4438 0.312197 16.738
v 28.5079 0.431089 16.7137
v 27.8319 0.667539 16.0869
f 14769 14770 14771 14772
f 14773 14774 14775 14776
f 14769 14770 14774 14773
f 14770 14771 14775 14774
f 14771 14772 14776 14775
f 14772 14769 14773 14776
o Box1847
v 28.4407 0.313163 16.7366
v 29.2723 0.0273812 17.0648
v 29.3277 0.149294 17.0305
v 28.4961 0.435077 16.7023
v 28.4407 0.313251 16.7368
v 29.2723 0.0274686 17.065
v 29.3277 0.149382 17.0308
v 28.4961 0.435164 16.7026
f 14777 14778 14779 14780
f 14781 14782 14783 14784
f 14777 14778 14782 14781
f 14778 14779 14783 14782
f 14779 14780 14784 14783
f 14780 14777 14781 14784
o Box1848
v 28.4866 0.414619 16.7054
v 29.3007 0.0881171 17.0458
v 29.3205 0.128521 17.0371
v 28.5065 0.455023 16.6968
v 28.4861 0.415321 16.7074
v 29.3002 0.0888192 17.0478
v 29.32 0.129223 17.0391
v 28.5059 0.455725 16.6988
f 14785 14786 14787 14788
f 14789 14790 14791 14792
f 14785 14786 14790 14789
f 14786 14787 14791 14790
f 14787 14788 14792 14791
f 14788 14785 14789 14792
o Box1849
v 27.9638 -1.51436 17.5334
v 29.4512 0.292007 16.9869
v 30.1638 -0.272753 17.0597
v 28.6764 -2.07912 17.6062
v 27.9638 -1.51438 17.5334
v 29.4512 0.29199 16.9868
v 30.1638 -0.27277 17.0596
v 28.6764 -2.07914 17.6062
f 14793 14794 14795 14796
f 14797 14798 14799 14800
f 14793 14794 14798 14797
f 14794 14795 14799 14798
f 14795 14796 14800 14799
f 14796 14793 14797 14800
o Box1850
v 29.3002 0.0888187 17.0478
v 30.1639 -0.272964 17.0595
v 30.181 -0.232489 17.0457
v 29.3173 0.129294 17.034
v 29.3004 0.0894247 17.0498
v 30.1641 -0.272358 17.0616
v 30.1813 -0.231883 17.0478
v 29.3175 0.1299 17.036
f 14801 14802 14803 14804
f 14805 14806 14807 14808
f 14801 14802 14806 14805
f 14802 14803 14807 14806
f 14803 14804 14808 14807
f 14804 14801 14805 14808
o Box1851
v 29.3002 0.0888214 17.0478
v 30.1731 -0.252739 17.0534
v 30.189 -0.212142 17.0391
v 29.3161 0.129419 17.0335
v 29.3004 0.0895641 17.0502
v 30.1733 -0.251996 17.0558
v 30.1893 -0.211399 17.0416
v 29.3164 0.130161 17.0359
f 14809 14810 14811 14812
f 14813 14814 14815 14816
f 14809 14810 14814 14813
f 14810 14811 14815 14814
f 14811 14812 14816 14815
f 14812 14809 14813 14816
o Box1852
v 29.3084 0.109317 17.0419
v 30.1638 -0.272751 17.0597
v 30.1821 -0.232363 17.0475
v 29.3267 0.149705 17.0297
v 29.3084 0.109402 17.0422
v 30.1639 -0.272666 17.06
v 30.1822 -0.232278 17.0478
v 29.3267 0.14979 17.03
f 14817 14818 14819 14820
f 14821 14822 14823 14824
f 14817 14818 14822 14821
f 14818 14819 14823 14822
f 14819 14820 14824 14823
f 14820 14817 14821 14824
o Box1853
v 31.737 -1.97522 13.6297
v 31.5113 -1.21297 16.2152
v 31.8098 -1.3259 16.2746
v 32.0356 -2.08814 13.6891
v 31.8284 -1.76233 13.575
v 31.6027 -1.00008 16.1605
v 31.9012 -1.113 16.2198
v 32.127 -1.87525 13.6343
f 14825 14826 14827 14828
f 14829 14830 14831 14832
f 14825 14826 14830 14829
f 14826 14827 14831 14830
f 14827 14828 14832 14831
f 14828 14825 14829 14832
o Box1854
v 28.7403 -1.36351 18.0851
v 30.9852 0.303994 16.7514
v 31.8901 -1.36586 16.1869
v 29.6452 -3.03337 17.5206
v 28.6481 -1.36176 17.9321
v 30.893 0.305745 16.5984
v 31.798 -1.36411 16.0339
v 29.553 -3.03162 17.3676
f 14833 14834 14835 14836
f 14837 14838 14839 14840
f 14833 14834 14838 14837
f 14834 14835 14839 14838
f 14835 14836 14840 14839
f 14836 14833 14837 14840
o Box1855
v 31.8226 -2.03231 13.6193
v 32.0256 -1.75584 15.4436
v 32.1767 -1.5247 15.3918
v 31.9736 -1.80117 13.5675
v 31.6362 -1.91008 13.6216
v 31.8393 -1.63361 15.4458
v 31.9903 -1.40247 15.394
v 31.7873 -1.67893 13.5697
f 14841 14842 14843 14844
f 14845 14846 14847 14848
f 14841 14842 14846 14845
f 14842 14843 14847 14846
f 14843 14844 14848 14847
f 14844 14841 14845 14848
o Box1856
v 32.2156 -1.84011 14.6058
v 31.6394 -1.27732 16.2773
v 31.6907 -1.00719 16.2041
v 32.2669 -1.56998 14.5326
v 32.0083 -1.82177 14.5282
v 31.4321 -1.25898 16.1997
v 31.4834 -0.988847 16.1264
v 32.0596 -1.55164 14.455
f 14849 14850 14851 14852
f 14853 14854 14855 14856
f 14849 14850 14854 14853
f 14850 14851 14855 14854
f 14851 14852 14856 14855
f 14852 14849 14853 14856
o Box1857
v 31.7376 -1.97705 13.6196
v 31.9427 -1.88422 14.5457
v 32.0467 -1.63978 14.4982
v 31.8416 -1.73261 13.5721
v 31.737 -1.97676 13.6197
v 31.942 -1.88393 14.5459
v 32.046 -1.63949 14.4983
v 31.841 -1.73232 13.5722
f 14857 14858 14859 14860
f 14861 14862 14863 14864
f 14857 14858 14862 14861
f 14858 14859 14863 14862
f 14859 14860 14864 14863
f 14860 14857 14861 14864
o Box1858
v 31.9662 -1.84061 14.5085
v 31.8505 -1.65929 15.4435
v 31.9273 -1.46057 15.4144
v 32.0431 -1.64188 14.4795
v 31.9657 -1.8404 14.5084
v 31.8499 -1.65909 15.4434
v 31.9267 -1.46036 15.4143
v 32.0425 -1.64167 14.4794
f 14865 14866 14867 14868
f 14869 14870 14871 14872
f 14865 14866 14870 14869
f 14866 14867 14871 14870
f 14867 14868 14872 14871
f 14868 14865 14869 14872
o Box1859
v 31.7362 -1.97676 13.6116
v 31.9254 -1.9216 14.549
v 31.9972 -1.75551 14.5247
v 31.8079 -1.81067 13.5873
v 31.7359 -1.97666 13.6117
v 31.9252 -1.9215 14.549
v 31.997 -1.75541 14.5248
v 31.8077 -1.81057 13.5874
f 14873 14874 14875 14876
f 14877 14878 14879 14880
f 14873 14874 14878 14877
f 14874 14875 14879 14878
f 14875 14876 14880 14879
f 14876 14873 14877 14880
o Box1860
v 31.7669 -1.9043 13.6029
v 31.9628 -1.8352 14.5364
v 32.0493 -1.64061 14.5038
v 31.8534 -1.70971 13.5703
v 31.7652 -1.90353 13.6032
v 31.9612 -1.83443 14.5367
v 32.0477 -1.63984 14.5041
v 31.8518 -1.70894 13.5706
f 14881 14882 14883 14884
f 14885 14886 14887 14888
f 14881 14882 14886 14885
f 14882 14883 14887 14886
f 14883 14884 14888 14887
f 14884 14881 14885 14888
o Box1861
v 32.0056 -1.73679 14.4933
v 31.8905 -1.5553 15.4283
v 31.9682 -1.35616 15.3992
v 32.0833 -1.53765 14.4642
v 32.0052 -1.73664 14.4932
v 31.8901 -1.55515 15.4282
v 31.9678 -1.35601 15.3991
v 32.0829 -1.5375 14.4641
f 14889 14890 14891 14892
f 14893 14894 14895 14896
f 14889 14890 14894 14893
f 14890 14891 14895 14894
f 14891 14892 14896 14895
f 14892 14889 14893 14896
o Box1862
v 31.8981 -1.56126 15.4131
v 31.5042 -1.24858 16.2209
v 31.5961 -0.998431 16.1689
v 31.99 -1.31111 15.3611
v 31.8978 -1.56117 15.4129
v 31.5038 -1.2485 16.2207
v 31.5958 -0.998348 16.1687
v 31.9897 -1.31103 15.3609
f 14897 14898 14899 14900
f 14901 14902 14903 14904
f 14897 14898 14902 14901
f 14898 14899 14903 14902
f 14899 14900 14904 14903
f 14900 14897 14901 14904
o Box1863
v 31.9007 -1.56261 15.4076
v 31.4962 -1.27387 16.2231
v 31.5669 -1.0727 16.1869
v 31.9714 -1.36144 15.3715
v 31.9005 -1.56256 15.4075
v 31.496 -1.27382 16.223
v 31.5667 -1.07265 16.1868
v 31.9712 -1.36139 15.3714
f 14905 14906 14907 14908
f 14909 14910 14911 14912
f 14905 14906 14910 14909
f 14906 14907 14911 14910
f 14907 14908 14912 14911
f 14908 14905 14909 14912
o Box1864
v 31.9428 -1.4444 15.385
v 31.5329 -1.16936 16.2043
v 31.5927 -0.996786 16.1762
v 32.0026 -1.27183 15.357
v 31.9425 -1.44433 15.3848
v 31.5326 -1.16929 16.2041
v 31.5924 -0.996713 16.1761
v 32.0023 -1.27176 15.3568
f 14913 14914 14915 14916
f 14917 14918 14919 14920
f 14913 14914 14918 14917
f 14914 14915 14919 14918
f 14915 14916 14920 14919
f 14916 14913 14917 14920
o Box1865
v 29.0227 -2.13804 17.8471
v 30.3323 -0.072336 17.0836
v 31.6424 -1.15776 16.394
v 30.3328 -3.22346 17.1575
v 28.9177 -2.14257 17.6548
v 30.2273 -0.0768642 16.8913
v 31.5374 -1.16229 16.2017
v 30.2278 -3.22799 16.9652
f 14921 14922 14923 14924
f 14925 14926 14927 14928
f 14921 14922 14926 14925
f 14922 14923 14927 14926
f 14923 14924 14928 14927
f 14924 14921 14925 14928
o Box1866
v 30.2541 -0.153448 17.0909
v 31.6156 -0.928677 16.1146
v 31.6884 -1.03177 16.298
v 30.327 -0.256537 17.2743
v 30.1251 -0.323936 17.0463
v 31.4866 -1.09916 16.07
v 31.5594 -1.20225 16.2534
v 30.1979 -0.427024 17.2297
f 14929 14930 14931 14932
f 14933 14934 14935 14936
f 14929 14930 14934 14933
f 14930 14931 14935 14934
f 14931 14932 14936 14935
f 14932 14929 14933 14936
o Box1867
v 28.8757 -1.90827 17.9596
v 30.5073 0.0658311 17.0093
v 31.6304 -1.16809 16.3743
v 29.9988 -3.14219 17.3247
v 28.7782 -1.90953 17.7896
v 30.4098 0.0645667 16.8392
v 31.5329 -1.16936 16.2043
v 29.9013 -3.14346 17.1546
f 14937 14938 14939 14940
f 14941 14942 14943 14944
f 14937 14938 14942 14941
f 14938 14939 14943 14942
f 14939 14940 14944 14943
f 14940 14937 14941 14944
o Box1868
v 30.1638 -0.272752 17.0597
v 30.9735 -0.63245 16.7432
v 30.9867 -0.590778 16.7296
v 30.1771 -0.23108 17.0461
v 30.1651 -0.272261 17.0624
v 30.9748 -0.631959 16.746
v 30.988 -0.590287 16.7324
v 30.1784 -0.230589 17.0489
f 14945 14946 14947 14948
f 14949 14950 14951 14952
f 14945 14946 14950 14949
f 14946 14947 14951 14950
f 14947 14948 14952 14951
f 14948 14945 14949 14952
o Box1869
v 28.8082 -1.97366 17.7503
v 30.2877 -0.117552 16.997
v 30.9333 -0.723933 16.7709
v 29.4538 -2.58004 17.5241
v 28.8081 -1.97368 17.7499
v 30.2875 -0.117576 16.9967
v 30.9331 -0.723956 16.7706
v 29.4537 -2.58006 17.5238
f 14953 14954 14955 14956
f 14957 14958 14959 14960
f 14953 14954 14958 14957
f 14954 14955 14959 14958
f 14955 14956 14960 14959
f 14956 14953 14957 14960
o Box1870
v 30.1198 -3.09794 17.1379
v 31.5329 -1.16936 16.2043
v 31.044 -0.572451 16.6973
v 29.6309 -2.50103 17.6309
v 30.1201 -3.09798 17.1382
v 31.5332 -1.1694 16.2046
v 31.0442 -0.57249 16.6976
v 29.6311 -2.50107 17.6312
f 14961 14962 14963 14964
f 14965 14966 14967 14968
f 14961 14962 14966 14965
f 14962 14963 14967 14966
f 14963 14964 14968 14967
f 14964 14961 14965 14968
o Box1871
v 30.1415 -0.330255 17.0758
v 30.9363 -0.725455 16.7697
v 30.9807 -0.611303 16.7375
v 30.1858 -0.216103 17.0436
v 30.1416 -0.330206 17.0762
v 30.9365 -0.725406 16.7701
v 30.9809 -0.611255 16.738
v 30.186 -0.216055 17.0441
f 14969 14970 14971 14972
f 14973 14974 14975 14976
f 14969 14970 14974 14973
f 14970 14971 14975 14974
f 14971 14972 14976 14975
f 14972 14969 14973 14976
o Box1872
v 30.9046 -0.800219 16.7882
v 31.5399 -1.17387 16.196
v 31.6106 -0.981697 16.1506
v 30.9753 -0.608046 16.7428
v 30.9054 -0.800303 16.7892
v 31.5407 -1.17395 16.197
v 31.6114 -0.981782 16.1516
v 30.9761 -0.608131 16.7438
f 14977 14978 14979 14980
f 14981 14982 14983 14984
f 14977 14978 14982 14981
f 14978 14979 14983 14982
f 14979 14980 14984 14983
f 14980 14977 14981 14984
o Box1873
v 30.9329 -0.7239 16.7705
v 31.5835 -1.06092 16.1673
v 31.6222 -0.943466 16.1435
v 30.9716 -0.606446 16.7466
v 30.9333 -0.723936 16.7709
v 31.5839 -1.06095 16.1677
v 31.6226 -0.943501 16.1439
v 30.972 -0.606482 16.747
f 14985 14986 14987 14988
f 14989 14990 14991 14992
f 14985 14986 14990 14989
f 14986 14987 14991 14990
f 14987 14988 14992 14991
f 14988 14985 14989 14992
o Box1874
v 30.902 -0.811441 16.7907
v 31.542 -1.17468 16.1951
v 31.6025 -1.00353 16.1558
v 30.9626 -0.640289 16.7513
v 30.9024 -0.811473 16.7911
v 31.5424 -1.17471 16.1955
v 31.6029 -1.00356 16.1562
v 30.9629 -0.640321 16.7517
f 14993 14994 14995 14996
f 14997 14998 14999 15000
f 14993 14994 14998 14997
f 14994 14995 14999 14998
f 14995 14996 15000 14999
f 14996 14993 14997 15000
o Box1875
v 28.2475 -1.11311 11.4913
v 37.3779 24.7941 4.47827
v 35.6482 26.1316 7.16723
v 26.5178 0.22437 14.1802
v 28.8293 -1.20454 11.911
v 37.9598 24.7027 4.89801
v 36.2301 26.0402 7.58697
v 27.0996 0.132939 14.6
f 15001 15002 15003 15004
f 15005 15006 15007 15008
f 15001 15002 15006 15005
f 15002 15003 15007 15006
f 15003 15004 15008 15007
f 15004 15001 15005 15008
o Box1876
v 26.4446 0.629478 15.3022
v 36.137 26.3221 8.22298
v 39.4429 25.7377 10.628
v 29.7504 0.0450268 17.7073
v 26.9682 0.205248 14.4794
v 36.6606 25.8979 7.40019
v 39.9665 25.3135 9.80525
v 30.274 -0.379204 16.8845
f 15009 15010 15011 15012
f 15013 15014 15015 15016
f 15009 15010 15014 15013
f 15010 15011 15015 15014
f 15011 15012 15016 15015
f 15012 15009 15013 15016
o Box1877
v 27.4366 -0.458831 12.8649
v 36.4371 25.4423 5.75815
v 37.8299 24.6966 4.80422
v 28.8293 -1.20454 11.911
v 27.3241 -0.463748 12.7046
v 36.3247 25.4374 5.59779
v 37.7174 24.6917 4.64386
v 28.7169 -1.20946 11.7506
f 15017 15018 15019 15020
f 15021 15022 15023 15024
f 15017 15018 15022 15021
f 15018 15019 15023 15022
f 15019 15020 15024 15023
f 15020 15017 15021 15024
o Box1878
v 27.2276 -0.383944 12.7448
v 36.4742 25.4837 5.83461
v 36.0855 26.0777 7.53809
v 26.8389 0.210062 14.4482
v 27.4081 -0.432898 12.803
v 36.6547 25.4348 5.89287
v 36.2659 26.0288 7.59635
v 27.0194 0.161108 14.5065
f 15025 15026 15027 15028
f 15029 15030 15031 15032
f 15025 15026 15030 15029
f 15026 15027 15031 15030
f 15027 15028 15032 15031
f 15028 15025 15029 15032
o Box1879
v 28.0248 -0.839382 12.2247
v 36.9765 25.0447 5.05322
v 37.781 24.6796 4.73948
v 28.8293 -1.20454 11.911
v 28.0248 -0.839383 12.2247
v 36.9765 25.0447 5.05321
v 37.781 24.6796 4.73948
v 28.8293 -1.20454 11.911
f 15033 15034 15035 15036
f 15037 15038 15039 15040
f 15033 15034 15038 15037
f 15034 15035 15039 15038
f 15035 15036 15040 15039
f 15036 15033 15037 15040
o Box1880
v 27.4031 -0.447112 12.8069
v 36.4439 25.4434 5.77174
v 37.0705 25.0654 5.18563
v 28.0297 -0.825171 12.2208
v 27.4031 -0.447111 12.8069
v 36.4439 25.4434 5.77171
v 37.0705 25.0654 5.18559
v 28.0297 -0.82517 12.2208
f 15041 15042 15043 15044
f 15045 15046 15047 15048
f 15041 15042 15046 15045
f 15042 15043 15047 15046
f 15043 15044 15048 15047
f 15044 15041 15045 15048
o Box1881
v 27.4081 -0.432897 12.803
v 36.5755 25.4404 5.86906
v 36.2017 25.7841 6.65727
v 27.0344 -0.0892458 13.5912
v 27.4081 -0.432897 12.803
v 36.5755 25.4404 5.86906
v 36.2017 25.7841 6.65727
v 27.0344 -0.0892458 13.5912
f 15049 15050 15051 15052
f 15053 15054 15055 15056
f 15049 15050 15054 15053
f 15050 15051 15055 15054
f 15051 15052 15056 15055
f 15052 15049 15053 15056
o Box1882
v 27.0394 -0.0750332 13.5874
v 36.3557 25.7595 6.70731
v 36.2792 26.0256 7.60307
v 26.9629 0.191102 14.4832
v 27.0395 -0.0750704 13.5874
v 36.3558 25.7594 6.70734
v 36.2793 26.0256 7.60309
v 26.963 0.191065 14.4832
f 15057 15058 15059 15060
f 15061 15062 15063 15064
f 15057 15058 15062 15061
f 15058 15059 15063 15062
f 15059 15060 15064 15063
f 15060 15057 15061 15064
o Box1883
v 26.804 0.285164 14.5505
v 36.3482 26.0445 7.64038
v 37.1409 26.196 9.29999
v 27.5968 0.43663 16.2102
v 26.9682 0.205246 14.4794
v 36.5123 25.9646 7.56924
v 37.3051 26.116 9.22886
v 27.7609 0.356712 16.139
f 15065 15066 15067 15068
f 15069 15070 15071 15072
f 15065 15066 15070 15069
f 15066 15067 15071 15070
f 15067 15068 15072 15071
f 15068 15065 15069 15072
o Box1884
v 27.6362 0.54713 16.5323
v 37.4105 26.1591 9.34778
v 39.8868 25.4336 10.1306
v 30.1125 -0.178323 17.3151
v 27.7154 0.411288 16.1558
v 37.4897 26.0232 8.97129
v 39.966 25.2978 9.75406
v 30.1917 -0.314164 16.9386
f 15073 15074 15075 15076
f 15077 15078 15079 15080
f 15073 15074 15078 15077
f 15074 15075 15079 15078
f 15075 15076 15080 15079
f 15076 15073 15077 15080
o Box1885
v 26.9681 0.205266 14.4794
v 36.4375 25.984 7.59932
v 36.6672 26.1387 8.49508
v 27.1977 0.35999 15.3752
v 26.9681 0.205249 14.4794
v 36.4376 25.984 7.59931
v 36.6672 26.1387 8.49507
v 27.1978 0.359973 15.3752
f 15081 15082 15083 15084
f 15085 15086 15087 15088
f 15081 15082 15086 15085
f 15082 15083 15087 15086
f 15083 15084 15088 15087
f 15084 15081 15085 15088
o Box1886
v 27.2027 0.374283 15.3716
v 36.8111 26.0871 8.4376
v 37.3186 26.11 9.22565
v 27.7101 0.397171 16.1596
v 27.2029 0.374146 15.3714
v 36.8114 26.0869 8.43744
v 37.3188 26.1098 9.22549
v 27.7104 0.397034 16.1594
f 15089 15090 15091 15092
f 15093 15094 15095 15096
f 15089 15090 15094 15093
f 15090 15091 15095 15094
f 15091 15092 15096 15095
f 15092 15089 15093 15096
o Box1887
v 27.7154 0.41129 16.1558
v 37.4319 26.0559 9.12063
v 38.1549 25.9427 9.70673
v 28.4384 0.298141 16.7419
v 27.7154 0.411265 16.1558
v 37.4319 26.0559 9.12059
v 38.1549 25.9427 9.70669
v 28.4384 0.298116 16.7419
f 15097 15098 15099 15100
f 15101 15102 15103 15104
f 15097 15098 15102 15101
f 15098 15099 15103 15102
f 15099 15100 15104 15103
f 15100 15097 15101 15104
o Box1888
v 28.4354 0.368509 16.9253
v 38.2279 25.9398 9.67251
v 39.9578 25.3494 9.92674
v 30.1653 -0.221839 17.1795
v 28.4437 0.312198 16.738
v 38.2362 25.8835 9.48519
v 39.9661 25.2931 9.73943
v 30.1736 -0.278151 16.9922
f 15105 15106 15107 15108
f 15109 15110 15111 15112
f 15105 15106 15110 15109
f 15106 15107 15111 15110
f 15107 15108 15112 15111
f 15108 15105 15109 15112
o Box1889
v 28.4437 0.312201 16.738
v 38.2243 25.8946 9.56648
v 39.0754 25.6572 9.88018
v 29.2948 0.0747709 17.0517
v 28.4438 0.312198 16.738
v 38.2243 25.8946 9.56647
v 39.0754 25.6572 9.88017
v 29.2948 0.0747671 17.0517
f 15113 15114 15115 15116
f 15117 15118 15119 15120
f 15113 15114 15118 15117
f 15114 15115 15119 15118
f 15115 15116 15120 15119
f 15116 15113 15117 15120
o Box1890
v 29.3002 0.0888195 17.0478
v 39.0931 25.6225 9.72118
v 39.9689 25.2878 9.72538
v 30.1759 -0.245854 17.052
v 29.3001 0.0887747 17.0476
v 39.0931 25.6225 9.721
v 39.9689 25.2878 9.7252
v 30.1759 -0.245899 17.0518
f 15121 15122 15123 15124
f 15125 15126 15127 15128
f 15121 15122 15126 15125
f 15122 15123 15127 15126
f 15123 15124 15128 15127
f 15124 15121 15125 15128
o Box1891
v 16.8595 2.20726 1.17968
v 59.0567 -17.5159 0.0200119
v 70.9335 8.18472 -4.92087
v 28.7363 27.9079 -3.7612
v 18.4311 4.61207 17.4664
v 60.6283 -15.1111 16.3067
v 72.5051 10.5895 11.3658
v 30.3079 30.3127 12.5255
f 15129 15130 15131 15132
f 15133 15134 15135 15136
f 15129 15130 15134 15133
f 15130 15131 15135 15134
f 15131 15132 15136 15135
f 15132 15129 15133 15136
o Box1892
v 22.3928 13.9489 -0.727845
v 65.9006 -1.88665 -0.727848
v 65.9797 -1.66946 4.66188
v 22.4719 14.1661 4.66188
v 20.5632 8.92205 -0.498447
v 64.071 -6.91351 -0.49845
v 64.15 -6.69632 4.89128
v 20.6423 9.13924 4.89128
f 15137 15138 15139 15140
f 15141 15142 15143 15144
f 15137 15138 15142 15141
f 15138 15139 15143 15142
f 15139 15140 15144 15143
f 15140 15137 15141 15144
o Box1893
v 26.5323 -0.41519 11.8643
v 35.7143 25.4624 4.76574
v 36.5765 26.6407 10.1766
v 27.3945 0.763145 17.2751
v 31.5693 -2.30946 11.4742
v 40.7513 23.5681 4.37564
v 41.6135 24.7465 9.78652
v 32.4315 -1.13112 16.885
f 15145 15146 15147 15148
f 15149 15150 15151 15152
f 15145 15146 15150 15149
f 15146 15147 15151 15150
f 15147 15148 15152 15151
f 15148 15145 15149 15152
o Box1894
v 17.4078 0.430596 2.26332
v 60.9138 -15.5531 1.81964
v 70.3517 10.3249 -4.98935
v 26.8457 26.3086 -4.54567
v 18.7856 3.77504 16.8839
v 62.2917 -12.2087 16.4402
v 71.7295 13.6693 9.6312
v 28.2235 29.653 10.0749
f 15153 15154 15155 15156
f 15157 15158 15159 15160
f 15153 15154 15158 15157
f 15154 15155 15159 15158
f 15155 15156 15160 15159
f 15156 15153 15157 15160
o Box1895
v 28.8197 -1.23157 11.9188
v 38.0207 24.5082 4.47935
v 39.3002 25.5374 9.6228
v 30.0992 -0.202356 17.0623
v 30.418 -1.88031 11.651
v 39.619 23.8594 4.21155
v 40.8985 24.8886 9.35501
v 31.6975 -0.851095 16.7945
f 15161 15162 15163 15164
f 15165 15166 15167 15168
f 15161 15162 15166 15165
f 15162 15163 15167 15166
f 15163 15164 15168 15167
f 15164 15161 15165 15168
o Box1896
v 26.4794 -0.294214 12.1009
v 35.8575 25.4253 4.85965
v 36.9218 26.5197 10.1251
v 27.5437 0.800199 17.3664
v 31.1864 -2.1687 11.5392
v 40.5645 23.5508 4.29788
v 41.6288 24.6452 9.56329
v 32.2507 -1.07428 16.8046
f 15169 15170 15171 15172
f 15173 15174 15175 15176
f 15169 15170 15174 15173
f 15170 15171 15175 15174
f 15171 15172 15176 15175
f 15172 15169 15173 15176
o Box1897
v 30.1814 -0.23184 17.0481
v 39.9336 25.2725 9.56643
v 40.7277 24.8791 9.26043
v 30.9755 -0.625257 16.7421
v 30.1813 -0.231879 17.0478
v 39.9334 25.2724 9.56611
v 40.7276 24.879 9.26011
v 30.9754 -0.625296 16.7418
f 15177 15178 15179 15180
f 15181 15182 15183 15184
f 15177 15178 15182 15181
f 15178 15179 15183 15182
f 15179 15180 15184 15183
f 15180 15177 15181 15184
o Box1898
v 28.817 -1.21293 11.9824
v 37.7383 24.6312 4.57433
v 39.4881 24.0955 4.81271
v 30.5669 -1.74863 12.2208
v 28.8253 -1.26948 11.795
v 37.7465 24.5746 4.38693
v 39.4963 24.0389 4.62531
v 30.5751 -1.80518 12.0334
f 15185 15186 15187 15188
f 15189 15190 15191 15192
f 15185 15186 15190 15189
f 15186 15187 15191 15190
f 15187 15188 15192 15191
f 15188 15185 15189 15192
o Box1899
v 29.7056 -1.5394 11.9152
v 38.6288 24.2666 4.43353
v 39.4902 24.0574 4.73913
v 30.5669 -1.74863 12.2208
v 29.7056 -1.53943 11.9151
v 38.6288 24.2666 4.43345
v 39.4902 24.0574 4.73904
v 30.5669 -1.74866 12.2207
f 15193 15194 15195 15196
f 15197 15198 15199 15200
f 15193 15194 15198 15197
f 15194 15195 15199 15198
f 15195 15196 15200 15199
f 15196 15193 15197 15200
o Box1900
v 28.8244 -1.21873 11.915
v 37.7353 24.636 4.58847
v 38.6214 24.3295 4.58441
v 29.7105 -1.52526 11.911
v 28.8244 -1.21874 11.915
v 37.7353 24.636 4.58845
v 38.6214 24.3295 4.58439
v 29.7105 -1.52526 11.911
f 15201 15202 15203 15204
f 15205 15206 15207 15208
f 15201 15202 15206 15205
f 15202 15203 15207 15206
f 15203 15204 15208 15207
f 15204 15201 15205 15208
o Box1901
v 27.3886 0.20644 15.2535
v 36.4965 26.0893 8.07709
v 40.821 23.9173 5.73161
v 31.7132 -1.96564 12.9081
v 26.1965 0.0553007 13.1954
v 35.3043 25.9382 6.01898
v 39.6289 23.7661 3.67351
v 30.521 -2.11678 10.85
f 15209 15210 15211 15212
f 15213 15214 15215 15216
f 15209 15210 15214 15213
f 15210 15211 15215 15214
f 15211 15212 15216 15215
f 15212 15209 15213 15216
o Box1902
v 26.9136 0.928885 16.9244
v 36.6297 26.5455 9.58427
v 41.3855 24.828 9.88557
v 31.6693 -0.788593 17.2257
v 26.8487 0.426619 15.0856
v 36.5648 26.0432 7.74549
v 41.3206 24.3258 8.04679
v 31.6044 -1.29086 15.3869
f 15217 15218 15219 15220
f 15221 15222 15223 15224
f 15217 15218 15222 15221
f 15218 15219 15223 15222
f 15219 15220 15224 15223
f 15220 15217 15221 15224
o Box1903
v 28.4257 -0.996457 12.3064
v 37.3791 24.862 4.89622
v 40.6382 23.9462 5.63835
v 31.6848 -1.91224 13.0485
v 28.517 -1.22312 11.6257
v 37.4704 24.6353 4.21556
v 40.7295 23.7195 4.95769
v 31.7761 -2.13891 12.3679
f 15225 15226 15227 15228
f 15229 15230 15231 15232
f 15225 15226 15230 15229
f 15226 15227 15231 15230
f 15227 15228 15232 15231
f 15228 15225 15229 15232
o Box1904
v 27.6521 -0.851368 11.6191
v 36.9126 25.0294 4.67938
v 35.902 26.2206 7.7731
v 26.6415 0.339787 14.7129
v 28.3023 -1.01064 11.8929
v 37.5628 24.8702 4.9531
v 36.5523 26.0613 8.04682
v 27.2918 0.180519 14.9866
f 15233 15234 15235 15236
f 15237 15238 15239 15240
f 15233 15234 15238 15237
f 15234 15235 15239 15238
f 15235 15236 15240 15239
f 15236 15233 15237 15240
o Box1905
v 30.1003 -1.62663 12.1405
v 39.0599 24.1619 4.58642
v 40.6259 23.8927 5.52488
v 31.6664 -1.89581 13.079
v 30.1835 -1.70252 11.98
v 39.143 24.086 4.42593
v 40.7091 23.8168 5.36439
v 31.7495 -1.97171 12.9185
f 15241 15242 15243 15244
f 15245 15246 15247 15248
f 15241 15242 15246 15245
f 15242 15243 15247 15246
f 15243 15244 15248 15247
f 15244 15241 15245 15248
o Box1906
v 28.4436 -1.02121 12.149
v 37.3791 24.862 4.89622
v 39.0838 24.2023 4.64223
v 30.1484 -1.68089 11.895
v 28.4011 -1.05905 11.9615
v 37.3365 24.8242 4.70875
v 39.0412 24.1645 4.45476
v 30.1058 -1.71873 11.7075
f 15249 15250 15251 15252
f 15253 15254 15255 15256
f 15249 15250 15254 15253
f 15250 15251 15255 15254
f 15251 15252 15256 15255
f 15252 15249 15253 15256
o Box1907
v 30.9289 -1.80528 12.5142
v 39.9163 23.9385 4.8962
v 40.6495 23.8536 5.47435
v 31.6621 -1.89016 13.0924
v 30.929 -1.80535 12.5141
v 39.9164 23.9385 4.89607
v 40.6496 23.8536 5.47422
v 31.6622 -1.89023 13.0922
f 15257 15258 15259 15260
f 15261 15262 15263 15264
f 15257 15258 15262 15261
f 15258 15259 15263 15262
f 15259 15260 15264 15263
f 15260 15257 15261 15264
o Box1908
v 30.1366 -1.64412 12.0681
v 39.0599 24.1619 4.58642
v 39.9212 23.9527 4.89215
v 30.9979 -1.8533 12.3738
v 30.1366 -1.64414 12.068
v 39.0599 24.1619 4.58636
v 39.9212 23.9527 4.89209
v 30.9979 -1.85332 12.3737
f 15265 15266 15267 15268
f 15269 15270 15271 15272
f 15265 15266 15270 15269
f 15266 15267 15271 15270
f 15267 15268 15272 15271
f 15268 15265 15269 15272
o Box1909
v 29.2678 -1.37213 11.913
v 38.1787 24.4826 4.58642
v 39.0648 24.1761 4.58252
v 30.1539 -1.67861 11.9091
v 29.2678 -1.37216 11.9129
v 38.1787 24.4826 4.5863
v 39.0647 24.1761 4.58239
v 30.1539 -1.67865 11.909
f 15273 15274 15275 15276
f 15277 15278 15279 15280
f 15273 15274 15278 15277
f 15274 15275 15279 15278
f 15275 15276 15280 15279
f 15276 15273 15277 15280
o Box1910
v 28.4275 -1.0221 12.0679
v 37.3792 24.862 4.89636
v 38.1836 24.4968 4.58249
v 29.232 -1.38727 11.754
v 28.4274 -1.02211 12.0677
v 37.3791 24.862 4.89622
v 38.1836 24.4968 4.58236
v 29.2319 -1.38729 11.7539
f 15281 15282 15283 15284
f 15285 15286 15287 15288
f 15281 15282 15286 15285
f 15282 15283 15287 15286
f 15283 15284 15288 15287
f 15284 15281 15285 15288
o Box1911
v 28.1823 -0.994314 11.7928
v 37.2908 24.9014 4.80496
v 36.2405 25.6301 6.13601
v 27.1319 -0.265695 13.1239
v 28.3305 -1.01225 11.9196
v 37.4391 24.8835 4.93179
v 36.3888 25.6121 6.26284
v 27.2802 -0.283628 13.2507
f 15289 15290 15291 15292
f 15293 15294 15295 15296
f 15289 15290 15294 15293
f 15290 15291 15295 15294
f 15291 15292 15296 15295
f 15292 15289 15293 15296
o Box1912
v 26.879 -0.13746 13.1342
v 36.2767 25.6829 6.25099
v 36.3677 26.1267 8.03999
v 26.9699 0.306344 14.9232
v 27.0635 -0.202819 13.141
v 36.4613 25.6175 6.25782
v 36.5523 26.0613 8.04682
v 27.1545 0.240985 14.93
f 15297 15298 15299 15300
f 15301 15302 15303 15304
f 15297 15298 15302 15301
f 15298 15299 15303 15302
f 15299 15300 15304 15303
f 15300 15297 15301 15304
o Box1913
v 27.7167 -0.636295 12.5136
v 36.7575 25.2543 5.47843
v 37.3842 24.8762 4.8925
v 28.3434 -1.01436 11.9277
v 27.7165 -0.636289 12.5134
v 36.7573 25.2543 5.47829
v 37.3841 24.8762 4.89236
v 28.3433 -1.01435 11.9275
f 15305 15306 15307 15308
f 15309 15310 15311 15312
f 15305 15306 15310 15309
f 15306 15307 15311 15310
f 15307 15308 15312 15311
f 15308 15305 15309 15312
o Box1914
v 27.595 -0.604855 12.4085
v 36.7624 25.2685 5.47459
v 36.3888 25.6121 6.26284
v 27.2214 -0.261209 13.1968
v 27.5951 -0.604866 12.4086
v 36.7625 25.2685 5.47462
v 36.3888 25.6121 6.26287
v 27.2214 -0.261221 13.1968
f 15313 15314 15315 15316
f 15317 15318 15319 15320
f 15313 15314 15318 15317
f 15314 15315 15319 15318
f 15315 15316 15320 15319
f 15316 15313 15317 15320
o Box1915
v 27.0776 -0.208181 13.1391
v 36.3938 25.6263 6.25905
v 36.3175 25.8924 7.15483
v 27.0013 0.0579004 14.0349
v 27.0776 -0.208198 13.1392
v 36.3939 25.6263 6.25906
v 36.3176 25.8924 7.15484
v 27.0013 0.0578842 14.0349
f 15321 15322 15323 15324
f 15325 15326 15327 15328
f 15321 15322 15326 15325
f 15322 15323 15327 15326
f 15323 15324 15328 15327
f 15324 15321 15325 15328
o Box1916
v 26.8533 0.127814 14.0312
v 36.3227 25.9066 7.15106
v 36.5521 26.0614 8.04686
v 27.0826 0.282646 14.927
v 26.8535 0.127722 14.0311
v 36.3229 25.9065 7.15101
v 36.5523 26.0613 8.04682
v 27.0829 0.282554 14.9269
f 15329 15330 15331 15332
f 15333 15334 15335 15336
f 15329 15330 15334 15333
f 15330 15331 15335 15334
f 15331 15332 15336 15335
f 15332 15329 15333 15336
o Box1917
v 26.5948 0.66697 15.5944
v 36.3349 26.3203 8.46908
v 39.2138 25.7382 10.3086
v 29.4738 0.0848198 17.4339
v 26.9117 0.38409 15.0091
v 36.6517 26.0374 7.88371
v 39.5306 25.4553 9.72319
v 29.7906 -0.19806 16.8485
f 15337 15338 15339 15340
f 15341 15342 15343 15344
f 15337 15338 15342 15341
f 15338 15339 15343 15342
f 15339 15340 15344 15343
f 15340 15337 15341 15344
o Box1918
v 30.0619 -0.0399275 17.5399
v 39.7231 25.4906 9.92529
v 41.5814 24.3206 8.36028
v 31.9202 -1.20991 15.9749
v 29.8012 -0.0347538 17.2264
v 39.4623 25.4957 9.61179
v 41.3206 24.3258 8.04678
v 31.6595 -1.20473 15.6614
f 15345 15346 15347 15348
f 15349 15350 15351 15352
f 15345 15346 15350 15349
f 15346 15347 15351 15350
f 15347 15348 15352 15351
f 15348 15345 15349 15352
o Box1919
v 26.8056 0.45101 15.1043
v 36.4735 26.1432 8.11649
v 37.6589 26.0815 9.52962
v 27.991 0.389306 16.5174
v 26.9399 0.368886 14.9881
v 36.6077 26.0611 8.00029
v 37.7931 25.9994 9.41342
v 28.1252 0.307182 16.4012
f 15353 15354 15355 15356
f 15357 15358 15359 15360
f 15353 15354 15358 15357
f 15354 15355 15359 15358
f 15355 15356 15360 15359
f 15356 15353 15357 15360
o Box1920
v 27.9969 0.495445 16.7808
v 37.7894 26.0667 9.52806
v 39.5092 25.516 9.90818
v 29.7167 -0.0553389 17.1609
v 28.0184 0.434758 16.5958
v 37.8108 26.0061 9.34306
v 39.5306 25.4553 9.72318
v 29.7382 -0.116026 16.9759
f 15361 15362 15363 15364
f 15365 15366 15367 15368
f 15361 15362 15366 15365
f 15362 15363 15367 15366
f 15363 15364 15368 15367
f 15364 15361 15365 15368
o Box1921
v 26.9488 0.362783 14.9772
v 36.5573 26.0756 8.0432
v 37.0648 26.0984 8.83122
v 27.4563 0.385652 15.7652
v 26.9491 0.362628 14.977
v 36.5576 26.0754 8.04302
v 37.065 26.0983 8.83104
v 27.4566 0.385496 15.765
f 15369 15370 15371 15372
f 15373 15374 15375 15376
f 15369 15370 15374 15373
f 15370 15371 15375 15374
f 15371 15372 15376 15375
f 15372 15369 15373 15376
o Box1922
v 27.3535 0.467963 15.8626
v 37.07 26.1126 8.82743
v 37.7931 25.9994 9.41342
v 28.0766 0.354752 16.4486
v 27.3536 0.467922 15.8625
v 37.0701 26.1125 8.82736
v 37.7932 25.9993 9.41335
v 28.0767 0.354711 16.4485
f 15377 15378 15379 15380
f 15381 15382 15383 15384
f 15377 15378 15382 15381
f 15378 15379 15383 15382
f 15379 15380 15384 15383
f 15380 15377 15381 15384
o Box1923
v 28.0179 0.431007 16.581
v 37.7985 26.0134 9.40948
v 38.6495 25.776 9.72325
v 28.8689 0.193608 16.8948
v 28.0179 0.430985 16.5809
v 37.7985 26.0134 9.40942
v 38.6495 25.776 9.72319
v 28.8689 0.193586 16.8947
f 15385 15386 15387 15388
f 15389 15390 15391 15392
f 15385 15386 15390 15389
f 15386 15387 15391 15390
f 15387 15388 15392 15391
f 15388 15385 15389 15392
o Box1924
v 28.8619 0.256369 17.0459
v 38.6549 25.7901 9.71936
v 39.5306 25.4553 9.72318
v 29.7377 -0.0784025 17.0498
v 28.8619 0.25632 17.0457
v 38.6549 25.79 9.71917
v 39.5306 25.4552 9.72299
v 29.7376 -0.0784512 17.0496
f 15393 15394 15395 15396
f 15397 15398 15399 15400
f 15393 15394 15398 15397
f 15394 15395 15399 15398
f 15395 15396 15400 15399
f 15396 15393 15397 15400
o Box1925
v 29.895 -0.0246305 17.3797
v 39.6082 25.4896 9.82569
v 41.0535 24.6944 8.99829
v 31.3403 -0.819819 16.5523
v 29.7934 -0.0354261 17.2126
v 39.5066 25.4788 9.65859
v 40.9519 24.6836 8.83119
v 31.2387 -0.830615 16.3852
f 15401 15402 15403 15404
f 15405 15406 15407 15408
f 15401 15402 15406 15405
f 15402 15403 15407 15406
f 15403 15404 15408 15407
f 15404 15401 15405 15408
o Box1926
v 31.7841 -1.18931 15.766
v 41.3206 24.3258 8.04679
v 40.957 24.6977 8.82689
v 31.4205 -0.817417 16.5461
v 31.7842 -1.18933 15.7661
v 41.3207 24.3257 8.04685
v 40.9571 24.6976 8.82695
v 31.4207 -0.81744 16.5462
f 15409 15410 15411 15412
f 15413 15414 15415 15416
f 15409 15410 15414 15413
f 15410 15411 15415 15414
f 15411 15412 15416 15415
f 15412 15409 15413 15416
o Box1927
v 29.7838 -0.0350275 17.2007
v 39.536 25.4693 9.71908
v 40.3304 25.0759 9.4137
v 30.5782 -0.428368 16.8953
v 29.7837 -0.0350647 17.2004
v 39.5358 25.4692 9.71877
v 40.3302 25.0759 9.4134
v 30.5781 -0.428405 16.895
f 15417 15418 15419 15420
f 15421 15422 15423 15424
f 15417 15418 15422 15421
f 15418 15419 15423 15422
f 15419 15420 15424 15423
f 15420 15417 15421 15424
o Box1928
v 30.6729 -0.407974 17.0276
v 40.3359 25.0899 9.40963
v 40.9519 24.6836 8.83119
v 31.2888 -0.81423 16.4492
v 30.6725 -0.407955 17.0272
v 40.3356 25.0899 9.40921
v 40.9515 24.6836 8.83077
v 31.2885 -0.814211 16.4488
f 15425 15426 15427 15428
f 15429 15430 15431 15432
f 15425 15426 15430 15429
f 15426 15427 15431 15430
f 15427 15428 15432 15431
f 15428 15425 15429 15432
o Box1929
v 30.2521 -1.6981 12.2598
v 39.6558 23.9181 4.51236
v 40.3846 25.0049 8.99059
v 30.9809 -0.611256 16.738
v 31.6512 -2.24077 12.1637
v 41.0549 23.3754 4.41635
v 41.7837 24.4622 8.89458
v 32.3801 -1.15393 16.642
f 15433 15434 15435 15436
f 15437 15438 15439 15440
f 15433 15434 15438 15437
f 15434 15435 15439 15438
f 15435 15436 15440 15439
f 15436 15433 15437 15440
o Box1930
v 22.2258 13.4901 -1.10571
v 65.7336 -2.34541 -1.10571
v 66.1202 -1.28339 4.13143
v 22.6124 14.5521 4.13143
v 20.4227 8.53598 0.0320103
v 63.9305 -7.29956 0.0320079
v 64.317 -6.23754 5.26915
v 20.8092 9.598 5.26915
f 15441 15442 15443 15444
f 15445 15446 15447 15448
f 15441 15442 15446 15445
f 15442 15443 15447 15446
f 15443 15444 15448 15447
f 15444 15441 15445 15448
o Box1931
v 30.2958 -1.71226 12.2533
v 39.6296 23.933 4.5314
v 40.3147 25.034 9.01611
v 30.9809 -0.611257 16.738
v 31.6779 -2.23986 12.1716
v 41.0117 23.4054 4.44978
v 41.6968 24.5064 8.93449
v 32.363 -1.13886 16.6564
f 15449 15450 15451 15452
f 15453 15454 15455 15456
f 15449 15450 15454 15453
f 15450 15451 15455 15454
f 15451 15452 15456 15455
f 15452 15449 15453 15456
o Box1932
v 31.3966 -1.79878 13.2425
v 40.6446 23.8394 5.4784
v 41.215 24.4127 8.05082
v 31.967 -1.22552 15.815
v 31.7723 -1.94936 13.1928
v 41.0203 23.6889 5.42865
v 41.5907 24.2621 8.00107
v 32.3427 -1.37611 15.7652
f 15457 15458 15459 15460
f 15461 15462 15463 15464
f 15457 15458 15462 15461
f 15458 15459 15463 15462
f 15459 15460 15464 15463
f 15460 15457 15461 15464
o Box1933
v 31.9139 -1.65532 14.4335
v 41.4529 23.8918 6.72122
v 40.5199 24.9359 9.02569
v 30.9809 -0.611256 16.738
v 32.2713 -1.73428 14.614
v 41.8103 23.8128 6.90169
v 40.8772 24.8569 9.20616
v 31.3383 -0.690216 16.9184
f 15465 15466 15467 15468
f 15469 15470 15471 15472
f 15465 15466 15470 15469
f 15466 15467 15471 15470
f 15467 15468 15472 15471
f 15468 15465 15469 15472
o Box1934
v 30.4566 -1.73317 12.3004
v 39.5706 23.9687 4.58816
v 41.1564 24.0602 6.76717
v 32.0425 -1.64167 14.4794
v 30.7593 -1.90443 12.0873
v 39.8733 23.7974 4.37509
v 41.4591 23.8889 6.5541
v 32.3451 -1.81293 14.2663
f 15473 15474 15475 15476
f 15477 15478 15479 15480
f 15473 15474 15478 15477
f 15474 15475 15479 15478
f 15475 15476 15480 15479
f 15476 15473 15477 15480
o Box1935
v 30.9809 -0.611257 16.738
v 40.644 24.8866 9.12001
v 41.2603 24.4803 8.54195
v 31.5972 -1.01753 16.16
v 30.9809 -0.611254 16.738
v 40.644 24.8866 9.11996
v 41.2603 24.4803 8.5419
v 31.5972 -1.01753 16.1599
f 15481 15482 15483 15484
f 15485 15486 15487 15488
f 15481 15482 15486 15485
f 15482 15483 15487 15486
f 15483 15484 15488 15487
f 15484 15481 15485 15488
o Box1936
v 31.9716 -1.65234 14.468
v 41.4387 23.8954 6.71725
v 41.0696 24.5442 8.40505
v 31.6025 -1.00353 16.1558
v 32.1519 -1.70146 14.5263
v 41.619 23.8463 6.77555
v 41.2499 24.4951 8.46335
v 31.7828 -1.05264 16.2141
f 15489 15490 15491 15492
f 15493 15494 15495 15496
f 15489 15490 15494 15493
f 15490 15491 15495 15494
f 15491 15492 15496 15495
f 15492 15489 15493 15496
o Box1937
v 31.9659 -1.37538 15.3755
v 41.5023 24.1397 7.65632
v 41.139 24.5115 8.43654
v 31.6025 -1.00353 16.1558
v 31.966 -1.3754 15.3756
v 41.5025 24.1397 7.65637
v 41.1391 24.5115 8.4366
v 31.6026 -1.00355 16.1558
f 15497 15498 15499 15500
f 15501 15502 15503 15504
f 15497 15498 15502 15501
f 15498 15499 15503 15502
f 15499 15500 15504 15503
f 15500 15497 15501 15504
o Box1938
v 32.0373 -1.65571 14.4836
v 41.4249 23.8982 6.71056
v 41.3585 24.1926 7.59822
v 31.9709 -1.36128 15.3713
v 32.0377 -1.65582 14.4837
v 41.4253 23.8981 6.71063
v 41.3588 24.1925 7.59829
v 31.9712 -1.36139 15.3714
f 15505 15506 15507 15508
f 15509 15510 15511 15512
f 15505 15506 15510 15509
f 15506 15507 15511 15510
f 15507 15508 15512 15511
f 15508 15505 15509 15512
o Box1939
v 31.8025 -1.82456 13.5917
v 41.0369 23.7851 5.81861
v 41.2769 23.968 6.7063
v 32.0425 -1.64168 14.4794
v 31.8027 -1.82464 13.5916
v 41.0371 23.785 5.81858
v 41.2771 23.9679 6.70626
v 32.0427 -1.64176 14.4793
f 15513 15514 15515 15516
f 15517 15518 15519 15520
f 15513 15514 15518 15517
f 15514 15515 15519 15518
f 15515 15516 15520 15519
f 15516 15513 15517 15520
o Box1940
v 30.515 -1.74843 12.2718
v 39.5608 23.9748 4.59874
v 40.8535 23.9127 5.91436
v 31.8077 -1.81057 13.5874
v 30.64 -1.83016 12.1451
v 39.6857 23.8931 4.47208
v 40.9784 23.8309 5.7877
v 31.9327 -1.8923 13.4607
f 15521 15522 15523 15524
f 15525 15526 15527 15528
f 15521 15522 15526 15525
f 15522 15523 15527 15526
f 15523 15524 15528 15527
f 15524 15521 15525 15528
o Box1941
v 31.2903 -1.86182 12.8072
v 40.3857 23.8138 5.088
v 40.903 23.8651 5.86824
v 31.8076 -1.81051 13.5875
v 31.2904 -1.86188 12.8071
v 40.3858 23.8137 5.08793
v 40.9031 23.865 5.86816
v 31.8077 -1.81057 13.5874
f 15529 15530 15531 15532
f 15533 15534 15535 15536
f 15529 15530 15534 15533
f 15530 15531 15535 15534
f 15531 15532 15536 15535
f 15532 15529 15533 15536
o Box1942
v 30.562 -1.76277 12.225
v 39.5493 23.981 4.60695
v 40.2825 23.8961 5.18505
v 31.2952 -1.84768 12.8031
v 30.562 -1.76281 12.2249
v 39.5494 23.981 4.60687
v 40.2826 23.8961 5.18498
v 31.2953 -1.84772 12.803
f 15537 15538 15539 15540
f 15541 15542 15543 15544
f 15537 15538 15542 15541
f 15538 15539 15543 15542
f 15539 15540 15544 15543
f 15540 15537 15541 15544
o Box1943
v 31.8412 -1.71849 14.0405
v 41.1571 23.8766 6.2628
v 41.2681 24.3751 8.03621
v 31.9522 -1.22001 15.8139
v 32.0258 -1.78361 14.0472
v 41.3416 23.8115 6.26955
v 41.4527 24.3099 8.04297
v 32.1368 -1.28513 15.8206
f 15545 15546 15547 15548
f 15549 15550 15551 15552
f 15545 15546 15550 15549
f 15546 15547 15551 15550
f 15547 15548 15552 15551
f 15548 15545 15549 15552
o Box1944
v 31.5486 -1.83584 13.198
v 40.644 23.8398 5.47878
v 41.1621 23.8907 6.25856
v 32.0667 -1.78493 13.9778
v 31.5492 -1.83617 13.1976
v 40.6446 23.8394 5.4784
v 41.1627 23.8904 6.25818
v 32.0673 -1.78526 13.9774
f 15553 15554 15555 15556
f 15557 15558 15559 15560
f 15553 15554 15558 15557
f 15554 15555 15559 15558
f 15555 15556 15560 15559
f 15556 15553 15557 15560
o Box1945
v 32.0042 -1.50842 14.9279
v 41.3918 24.0455 7.15479
v 41.3257 24.3398 8.04252
v 31.9382 -1.21411 15.8156
v 32.0043 -1.50843 14.9279
v 41.3918 24.0455 7.15479
v 41.3258 24.3398 8.04252
v 31.9382 -1.21412 15.8156
f 15561 15562 15563 15564
f 15565 15566 15567 15568
f 15561 15562 15566 15565
f 15562 15563 15567 15566
f 15563 15564 15568 15567
f 15564 15561 15565 15568
o Box1946
v 31.9227 -1.73308 14.0359
v 41.1571 23.8766 6.2628
v 41.3967 24.0596 7.15057
v 32.1623 -1.55002 14.9236
v 31.9229 -1.73318 14.0358
v 41.1573 23.8765 6.26276
v 41.3969 24.0595 7.15053
v 32.1625 -1.55012 14.9236
f 15569 15570 15571 15572
f 15573 15574 15575 15576
f 15569 15570 15574 15573
f 15570 15571 15575 15574
f 15571 15572 15576 15575
f 15572 15569 15573 15576
o Box1947
v 22.3401 13.82 -0.843521
v 65.871 -1.96918 -0.839008
v 66.0273 -1.53664 4.55027
v 22.4965 14.2525 4.54576
v 20.5161 8.79118 -0.38701
v 64.0469 -6.99797 -0.382497
v 64.2032 -6.56544 5.00678
v 20.6724 9.22371 5.00227
f 15577 15578 15579 15580
f 15581 15582 15583 15584
f 15577 15578 15582 15581
f 15578 15579 15583 15582
f 15579 15580 15584 15583
f 15580 15577 15581 15584
o Box1948
v 20.5764 9.02076 1.42519
v 64.0416 -6.99176 1.40951
v 65.9622 -1.77829 1.36517
v 22.4971 14.2342 1.38086
v 20.5861 9.04398 4.57627
v 64.0513 -6.96854 4.56058
v 65.9719 -1.75506 4.51625
v 22.5068 14.2575 4.53193
f 15585 15586 15587 15588
f 15589 15590 15591 15592
f 15585 15586 15590 15589
f 15586 15587 15591 15590
f 15587 15588 15592 15591
f 15588 15585 15589 15592
o Box1949
v 21.454 11.4618 -0.616283
v 64.9965 -4.36564 -0.888983
v 65.144 -4.0548 4.62985
v 21.6016 11.7726 4.90255
v 20.517 8.88101 -0.445874
v 64.0595 -6.94641 -0.718574
v 64.207 -6.63558 4.80026
v 20.6645 9.19184 5.07296
f 15593 15594 15595 15596
f 15597 15598 15599 15600
f 15593 15594 15598 15597
f 15594 15595 15599 15598
f 15595 15596 15600 15599
f 15596 15593 15597 15600
o Box1950
v 22.3653 13.8819 -0.924732
v 65.9312 -1.88647 -0.643187
v 66.0175 -1.5494 4.89022
v 22.4516 14.219 4.60867
v 21.4348 11.314 -0.753807
v 65.0007 -4.45438 -0.472261
v 65.0869 -4.11732 5.06114
v 21.521 11.6511 4.77959
f 15601 15602 15603 15604
f 15605 15606 15607 15608
f 15601 15602 15606 15605
f 15602 15603 15607 15606
f 15603 15604 15608 15607
f 15604 15601 15605 15608
o Box1951
v 20.6509 9.25551 2.58356
v 64.0603 -6.93215 2.36136
v 65.0074 -4.42243 4.54925
v 21.598 11.7652 4.77144
v 20.4864 8.8061 3.17032
v 63.8957 -7.38156 2.94812
v 64.8428 -4.87183 5.13601
v 21.4334 11.3158 5.3582
f 15609 15610 15611 15612
f 15613 15614 15615 15616
f 15609 15610 15614 15613
f 15610 15611 15615 15614
f 15611 15612 15616 15615
f 15612 15609 15613 15616
o Box1952
v 20.4319 8.56238 1.30852
v 64.0717 -6.99372 1.00084
v 64.9228 -4.5603 -1.31588
v 21.283 10.9958 -1.0082
v 20.5976 9.01654 1.84643
v 64.2374 -6.53956 1.53874
v 65.0885 -4.10614 -0.777976
v 21.4487 11.45 -0.470296
f 15617 15618 15619 15620
f 15621 15622 15623 15624
f 15617 15618 15622 15621
f 15618 15619 15623 15622
f 15619 15620 15624 15623
f 15620 15617 15621 15624
o Box1953
v 20.9773 10.1135 4.23022
v 64.3453 -6.14626 4.11059
v 64.9661 -4.49456 4.6518
v 21.598 11.7652 4.77144
v 20.9576 10.0596 4.41743
v 64.3256 -6.2002 4.29779
v 64.9464 -4.5485 4.83901
v 21.5783 11.7113 4.95865
f 15625 15626 15627 15628
f 15629 15630 15631 15632
f 15625 15626 15630 15629
f 15626 15627 15631 15630
f 15627 15628 15632 15631
f 15628 15625 15629 15632
o Box1954
v 20.6166 9.09664 2.78065
v 64.0611 -6.9268 2.35555
v 64.2055 -6.55769 3.2053
v 20.7611 9.46575 3.6304
v 20.6166 9.09663 2.78065
v 64.0611 -6.9268 2.35555
v 64.2055 -6.55769 3.2053
v 20.7611 9.46575 3.6304
f 15633 15634 15635 15636
f 15637 15638 15639 15640
f 15633 15634 15638 15637
f 15634 15635 15639 15638
f 15635 15636 15640 15639
f 15636 15633 15637 15640
o Box1955
v 21.2697 10.8908 4.6897
v 64.6221 -5.38547 4.64882
v 64.9505 -4.51101 4.73057
v 21.598 11.7652 4.77144
v 21.2697 10.8908 4.68974
v 64.6221 -5.38547 4.64886
v 64.9505 -4.51102 4.73061
v 21.598 11.7652 4.77148
f 15641 15642 15643 15644
f 15645 15646 15647 15648
f 15641 15642 15646 15645
f 15642 15643 15647 15646
f 15643 15644 15648 15647
f 15644 15641 15645 15648
o Box1956
v 20.979 10.0922 4.29349
v 64.3458 -6.14446 4.09526
v 64.6454 -5.34916 4.49143
v 21.2786 10.8875 4.68966
v 20.979 10.0921 4.29356
v 64.3458 -6.14449 4.09534
v 64.6454 -5.34919 4.4915
v 21.2785 10.8874 4.68973
f 15649 15650 15651 15652
f 15653 15654 15655 15656
f 15649 15650 15654 15653
f 15650 15651 15655 15654
f 15651 15652 15656 15655
f 15652 15649 15653 15656
o Box1957
v 20.8674 9.81169 0.202868
v 64.455 -5.84499 -0.216036
v 64.1852 -6.64015 1.42752
v 20.5976 9.01654 1.84642
v 20.8077 9.6478 0.113771
v 64.3953 -6.00889 -0.305133
v 64.1254 -6.80404 1.33842
v 20.5379 8.85264 1.75733
f 15657 15658 15659 15660
f 15661 15662 15663 15664
f 15657 15658 15662 15661
f 15658 15659 15663 15662
f 15659 15660 15664 15663
f 15660 15657 15661 15664
o Box1958
v 20.8384 9.67827 -0.00781709
v 64.5024 -5.76834 -0.203152
v 65.0664 -4.165 -0.922608
v 21.4023 11.2816 -0.727273
v 20.8645 9.74999 0.172544
v 64.5286 -5.69662 -0.0227911
v 65.0926 -4.09328 -0.742248
v 21.4285 11.3533 -0.546913
f 15665 15666 15667 15668
f 15669 15670 15671 15672
f 15665 15666 15670 15669
f 15666 15667 15671 15670
f 15667 15668 15672 15671
f 15668 15665 15669 15672
o Box1959
v 20.6717 9.24784 0.940769
v 64.2254 -6.47525 0.487703
v 64.1513 -6.70654 1.39336
v 20.5976 9.01654 1.84642
v 20.6717 9.24782 0.940763
v 64.2254 -6.47527 0.487697
v 64.1513 -6.70656 1.39335
v 20.5976 9.01652 1.84642
f 15673 15674 15675 15676
f 15677 15678 15679 15680
f 15673 15674 15678 15677
f 15674 15675 15679 15678
f 15675 15676 15680 15679
f 15676 15673 15677 15680
o Box1960
v 20.8556 9.75323 0.172653
v 64.4599 -5.83112 -0.211569
v 64.2849 -6.33975 0.556447
v 20.6806 9.24459 0.940669
v 20.8556 9.75319 0.172623
v 64.4599 -5.83116 -0.2116
v 64.2848 -6.3398 0.556416
v 20.6806 9.24455 0.940639
f 15681 15682 15683 15684
f 15685 15686 15687 15688
f 15681 15682 15686 15685
f 15682 15683 15687 15686
f 15683 15684 15688 15687
f 15684 15681 15685 15688
o Box1961
v 20.8645 9.74995 0.172483
v 64.5082 -5.72615 -0.0965564
v 64.7619 -5.00114 -0.634291
v 21.1183 10.475 -0.365251
v 20.8646 9.74999 0.172545
v 64.5082 -5.72611 -0.0964947
v 64.762 -5.0011 -0.634229
v 21.1183 10.475 -0.365189
f 15689 15690 15691 15692
f 15693 15694 15695 15696
f 15689 15690 15694 15693
f 15690 15691 15695 15694
f 15691 15692 15696 15695
f 15692 15689 15693 15696
o Box1962
v 21.1273 10.4718 -0.365306
v 64.7944 -4.93963 -0.486711
v 65.0953 -4.08534 -0.729389
v 21.4281 11.3261 -0.607985
v 21.1273 10.4718 -0.365306
v 64.7944 -4.93963 -0.48671
v 65.0953 -4.08534 -0.729388
v 21.4281 11.3261 -0.607984
f 15697 15698 15699 15700
f 15701 15702 15703 15704
f 15697 15698 15702 15701
f 15698 15699 15703 15702
f 15699 15700 15704 15703
f 15700 15697 15701 15704
o Box1963
v 21.5892 11.7419 -1.1775
v 65.2457 -3.76841 -0.927857
v 66.1485 -1.19273 1.20843
v 22.4921 14.3176 0.958784
v 21.4371 11.3229 -0.608011
v 65.0935 -4.18742 -0.35837
v 65.9964 -1.61174 1.77791
v 22.3399 13.8986 1.52827
f 15705 15706 15707 15708
f 15709 15710 15711 15712
f 15705 15706 15710 15709
f 15706 15707 15711 15710
f 15707 15708 15712 15711
f 15708 15705 15709 15712
o Box1964
v 21.5116 11.62 4.57867
v 64.9491 -4.49016 4.89908
v 65.875 -2.03863 2.63743
v 22.4375 14.0716 2.31703
v 21.6799 12.0853 5.15184
v 65.1174 -4.02496 5.47225
v 66.0434 -1.57342 3.2106
v 22.6058 14.5368 2.8902
f 15713 15714 15715 15716
f 15717 15718 15719 15720
f 15713 15714 15718 15717
f 15714 15715 15719 15718
f 15715 15716 15720 15719
f 15716 15713 15717 15720
o Box1965
v 21.4566 11.3769 -0.795208
v 65.1301 -4.04381 -0.675573
v 65.7162 -2.37953 -0.134358
v 22.0428 13.0412 -0.253993
v 21.437 11.3229 -0.608009
v 65.1105 -4.0978 -0.488374
v 65.6967 -2.43351 0.0528401
v 22.0232 12.9872 -0.0667948
f 15721 15722 15723 15724
f 15725 15726 15727 15728
f 15721 15722 15726 15725
f 15722 15723 15727 15726
f 15723 15724 15728 15727
f 15724 15721 15725 15728
o Box1966
v 22.1033 13.1537 -0.236488
v 65.7148 -2.43741 0.142136
v 66.0408 -1.48789 1.69085
v 22.4293 14.1032 1.31222
v 22.0472 12.9993 -0.130003
v 65.6586 -2.59182 0.248621
v 65.9846 -1.6423 1.79733
v 22.3732 13.9488 1.41871
f 15729 15730 15731 15732
f 15733 15734 15735 15736
f 15729 15730 15734 15733
f 15730 15731 15735 15734
f 15731 15732 15736 15735
f 15732 15729 15733 15736
o Box1967
v 21.437 11.3229 -0.608009
v 65.1091 -4.07515 -0.567136
v 65.4196 -3.1942 -0.485449
v 21.7476 12.2039 -0.526322
v 21.437 11.3229 -0.607984
v 65.1091 -4.07516 -0.567111
v 65.4196 -3.1942 -0.485424
v 21.7476 12.2039 -0.526297
f 15737 15738 15739 15740
f 15741 15742 15743 15744
f 15737 15738 15742 15741
f 15738 15739 15743 15742
f 15739 15740 15744 15743
f 15740 15737 15741 15744
o Box1968
v 21.7565 12.2007 -0.52629
v 65.4142 -3.23698 -0.328068
v 65.6959 -2.4352 0.0681492
v 22.0383 13.0025 -0.130073
v 21.7565 12.2007 -0.526262
v 65.4142 -3.23699 -0.328041
v 65.6959 -2.43521 0.0681769
v 22.0382 13.0025 -0.130045
f 15745 15746 15747 15748
f 15749 15750 15751 15752
f 15745 15746 15750 15749
f 15746 15747 15751 15750
f 15747 15748 15752 15751
f 15748 15745 15749 15752
o Box1969
v 22.0472 12.9993 -0.130004
v 65.6729 -2.52618 0.201655
v 65.8907 -1.89982 0.864534
v 22.2651 13.6257 0.532874
v 22.0472 12.9992 -0.129897
v 65.6728 -2.52628 0.201763
v 65.8907 -1.89992 0.864642
v 22.265 13.6256 0.532982
f 15753 15754 15755 15756
f 15757 15758 15759 15760
f 15753 15754 15758 15757
f 15754 15755 15759 15758
f 15755 15756 15760 15759
f 15756 15753 15757 15760
o Box1970
v 22.274 13.6224 0.533051
v 65.854 -2.02849 0.958146
v 65.9807 -1.6528 1.80786
v 22.4006 13.9981 1.38277
v 22.274 13.6223 0.533092
v 65.854 -2.02858 0.958187
v 65.9806 -1.65288 1.8079
v 22.4006 13.998 1.38281
f 15761 15762 15763 15764
f 15765 15766 15767 15768
f 15761 15762 15766 15765
f 15762 15763 15767 15766
f 15763 15764 15768 15767
f 15764 15761 15765 15768
o Box1971
v 22.4971 14.2355 2.40609
v 65.951 -1.78835 2.82499
v 65.6466 -2.57084 4.4686
v 22.1927 13.453 4.0497
v 22.4375 14.0716 2.31703
v 65.8914 -1.95225 2.73593
v 65.587 -2.73474 4.37953
v 22.1331 13.2891 3.96064
f 15769 15770 15771 15772
f 15773 15774 15775 15776
f 15769 15770 15774 15773
f 15770 15771 15775 15774
f 15771 15772 15776 15775
f 15772 15769 15773 15776
o Box1972
v 21.5891 11.7686 4.7714
v 64.9464 -4.49432 4.8928
v 65.2651 -3.64656 4.65014
v 21.9078 12.6163 4.52875
v 21.5891 11.7686 4.77142
v 64.9464 -4.49432 4.89281
v 65.2651 -3.64656 4.65016
v 21.9078 12.6163 4.52876
f 15777 15778 15779 15780
f 15781 15782 15783 15784
f 15777 15778 15782 15781
f 15778 15779 15783 15782
f 15779 15780 15784 15783
f 15780 15777 15781 15784
o Box1973
v 22.4375 14.0716 2.31703
v 65.9082 -1.87965 2.77009
v 65.8163 -2.10443 3.67575
v 22.3456 13.8468 3.22269
v 22.4375 14.0716 2.31703
v 65.9082 -1.87966 2.77009
v 65.8163 -2.10444 3.67575
v 22.3456 13.8468 3.22269
f 15785 15786 15787 15788
f 15789 15790 15791 15792
f 15785 15786 15790 15789
f 15786 15787 15791 15790
f 15787 15788 15792 15791
f 15788 15785 15789 15792
o Box1974
v 22.3545 13.8435 3.22278
v 65.7747 -2.24644 3.607
v 65.5819 -2.74849 4.37509
v 22.1616 13.3415 3.99088
v 22.3545 13.8434 3.22273
v 65.7747 -2.24651 3.60694
v 65.5818 -2.74856 4.37504
v 22.1616 13.3414 3.99082
f 15793 15794 15795 15796
f 15797 15798 15799 15800
f 15793 15794 15798 15797
f 15794 15795 15799 15798
f 15795 15796 15800 15799
f 15796 15793 15797 15800
o Box1975
v 22.5957 14.5072 1.67587
v 66.0699 -1.4996 2.0455
v 65.4802 -3.03054 5.0979
v 22.0061 12.9763 4.72827
v 22.4095 13.9948 1.3829
v 65.8837 -2.01204 1.75252
v 65.294 -3.54297 4.80492
v 21.8199 12.4638 4.43529
f 15801 15802 15803 15804
f 15805 15806 15807 15808
f 15801 15802 15806 15805
f 15802 15803 15807 15806
f 15803 15804 15808 15807
f 15804 15801 15805 15808
o Box1976
v 20.618 9.14778 1.79399
v 64.0822 -6.87048 1.39368
v 64.4521 -5.92943 3.89314
v 20.9879 10.0888 4.29345
v 20.4863 8.78641 1.94954
v 63.9505 -7.23186 1.54923
v 64.3203 -6.29081 4.04869
v 20.8561 9.72746 4.449
f 15809 15810 15811 15812
f 15813 15814 15815 15816
f 15809 15810 15814 15813
f 15810 15811 15815 15814
f 15811 15812 15816 15815
f 15812 15809 15813 15816
o Box1977
v 22.4095 13.9948 1.38289
v 65.9357 -1.80395 1.85015
v 65.9548 -1.72392 2.78419
v 22.4286 14.0748 2.31693
v 22.4095 13.9948 1.38289
v 65.9357 -1.80396 1.85015
v 65.9548 -1.72393 2.78419
v 22.4285 14.0748 2.31693
f 15817 15818 15819 15820
f 15821 15822 15823 15824
f 15817 15818 15822 15821
f 15818 15819 15823 15822
f 15819 15820 15824 15823
f 15820 15817 15821 15824
o Box1978
v 21.8989 12.6196 4.52866
v 65.2797 -3.57858 4.79769
v 65.5513 -2.86009 4.25993
v 22.1705 13.3381 3.99091
v 21.8989 12.6196 4.5287
v 65.2797 -3.57856 4.79773
v 65.5514 -2.86006 4.25997
v 22.1705 13.3381 3.99094
f 15825 15826 15827 15828
f 15829 15830 15831 15832
f 15825 15826 15830 15829
f 15826 15827 15831 15830
f 15827 15828 15832 15831
f 15828 15825 15829 15832
o Box1979
v 20.7522 9.46906 3.63047
v 64.151 -6.67976 3.29881
v 64.3867 -6.05994 3.96173
v 20.9879 10.0889 4.29339
v 20.7522 9.46901 3.63052
v 64.151 -6.67981 3.29886
v 64.3867 -6.05999 3.96178
v 20.9879 10.0888 4.29345
f 15833 15834 15835 15836
f 15837 15838 15839 15840
f 15833 15834 15838 15837
f 15834 15835 15839 15838
f 15835 15836 15840 15839
f 15836 15833 15837 15840
o Box1980
v 20.5887 9.0198 1.84652
v 64.0869 -6.85578 1.37926
v 64.1238 -6.78223 2.3133
v 20.6255 9.09335 2.78056
v 20.5887 9.0198 1.84652
v 64.0869 -6.85578 1.37926
v 64.1238 -6.78223 2.3133
v 20.6255 9.09335 2.78056
f 15841 15842 15843 15844
f 15845 15846 15847 15848
f 15841 15842 15846 15845
f 15842 15843 15847 15846
f 15843 15844 15848 15847
f 15844 15841 15845 15848
o Box1981
v 21.8811 12.5426 -1.591
v 65.3959 -3.28299 -1.5658
v 66.2757 -0.856349 3.19778
v 22.7609 14.9693 3.17258
v 20.2677 8.11033 0.964851
v 63.7825 -7.71527 0.990047
v 64.6623 -5.28864 5.75363
v 21.1474 10.537 5.72843
f 15849 15850 15851 15852
f 15853 15854 15855 15856
f 15849 15850 15854 15853
f 15850 15851 15855 15854
f 15851 15852 15856 15855
f 15852 15849 15853 15856
o Box1982
v 20.6889 9.28132 3.20563
v 64.1333 -6.74212 2.78053
v 64.2778 -6.37307 3.63031
v 20.8334 9.65037 4.05541
v 20.6889 9.28125 3.20566
v 64.1333 -6.74219 2.78056
v 64.2778 -6.37313 3.63034
v 20.8333 9.65031 4.05544
f 15857 15858 15859 15860
f 15861 15862 15863 15864
f 15857 15858 15862 15861
f 15858 15859 15863 15862
f 15859 15860 15864 15863
f 15860 15857 15861 15864
o Box1983
v 20.2563 8.07027 0.465158
v 63.8953 -7.50209 0.386753
v 65.6735 -2.51019 -1.37472
v 22.0345 13.0622 -1.29632
v 20.5619 8.91293 3.16165
v 64.2008 -6.65943 3.08324
v 65.979 -1.66752 1.32177
v 22.34 13.9048 1.40017
f 15865 15866 15867 15868
f 15869 15870 15871 15872
f 15865 15866 15870 15869
f 15866 15867 15871 15870
f 15867 15868 15872 15871
f 15868 15865 15869 15872
o Box1984
v 20.8109 9.70915 3.51993
v 64.2487 -6.42385 3.66156
v 65.9025 -1.99341 1.10841
v 22.4647 14.1396 0.966784
v 21.1991 10.7728 5.61713
v 64.6369 -5.36021 5.75875
v 66.2907 -0.929761 3.2056
v 22.8529 15.2032 3.06398
f 15873 15874 15875 15876
f 15877 15878 15879 15880
f 15873 15874 15878 15877
f 15874 15875 15879 15878
f 15875 15876 15880 15879
f 15876 15873 15877 15880
o Box1985
v 21.3242 11.1105 -0.267712
v 64.9448 -4.51262 -0.608012
v 64.2352 -6.57034 2.9019
v 20.6146 9.05278 3.2422
v 21.0156 10.2609 -0.828186
v 64.6362 -5.3622 -1.16849
v 63.9265 -7.41992 2.34143
v 20.306 8.20321 2.68173
f 15881 15882 15883 15884
f 15885 15886 15887 15888
f 15881 15882 15886 15885
f 15882 15883 15887 15886
f 15883 15884 15888 15887
f 15884 15881 15885 15888
o Box1986
v 21.4167 11.2543 -1.3142
v 65.0732 -4.25596 -1.06464
v 66.0485 -1.48127 0.769197
v 22.392 14.029 0.519641
v 21.2855 10.8948 -0.700499
v 64.942 -4.61543 -0.450943
v 65.9173 -1.84075 1.38289
v 22.2608 13.6695 1.13334
f 15889 15890 15891 15892
f 15893 15894 15895 15896
f 15889 15890 15894 15893
f 15890 15891 15895 15894
f 15891 15892 15896 15895
f 15892 15889 15893 15896
o Box1987
v 20.8041 9.64786 0.608055
v 64.3723 -6.08554 0.172542
v 64.2015 -6.63168 2.80787
v 20.6332 9.10173 3.24339
v 20.6679 9.27318 0.521577
v 64.2362 -6.46023 0.0860633
v 64.0653 -7.00637 2.7214
v 20.497 8.72704 3.15691
f 15897 15898 15899 15900
f 15901 15902 15903 15904
f 15897 15898 15902 15901
f 15898 15899 15903 15902
f 15899 15900 15904 15903
f 15900 15897 15901 15904
o Box1988
v 20.7055 9.29951 0.252377
v 64.3696 -6.14711 0.0570199
v 64.9144 -4.59634 -0.782407
v 21.2504 10.8503 -0.58705
v 20.7359 9.38323 0.426773
v 64.4 -6.06339 0.231416
v 64.9448 -4.51262 -0.608011
v 21.2808 10.934 -0.412654
f 15905 15906 15907 15908
f 15909 15910 15911 15912
f 15905 15906 15910 15909
f 15906 15907 15911 15910
f 15907 15908 15912 15911
f 15908 15905 15909 15912
o Box1989
v 20.6538 9.21149 1.40112
v 64.1884 -6.59094 0.940667
v 64.1732 -6.6863 2.78377
v 20.6387 9.11613 3.24423
v 20.587 9.02767 1.39107
v 64.1215 -6.77476 0.930608
v 64.1064 -6.87012 2.77372
v 20.5719 8.93231 3.23417
f 15913 15914 15915 15916
f 15917 15918 15919 15920
f 15913 15914 15918 15917
f 15914 15915 15919 15918
f 15915 15916 15920 15919
f 15916 15913 15917 15920
o Box1990
v 20.7681 9.49883 0.556765
v 64.3723 -6.08554 0.172542
v 64.1974 -6.59401 0.940684
v 20.5931 8.99036 1.32491
v 20.768 9.4987 0.556669
v 64.3723 -6.08567 0.172445
v 64.1973 -6.59414 0.940587
v 20.5931 8.99023 1.32481
f 15921 15922 15923 15924
f 15925 15926 15927 15928
f 15921 15922 15926 15925
f 15922 15923 15927 15926
f 15923 15924 15928 15927
f 15924 15921 15925 15928
o Box1991
v 20.6071 9.05661 2.31368
v 64.1054 -6.81897 1.84642
v 64.1423 -6.74544 2.78046
v 20.644 9.13014 3.24772
v 20.6071 9.05659 2.31369
v 64.1054 -6.81899 1.84642
v 64.1422 -6.74547 2.78046
v 20.644 9.13012 3.24773
f 15929 15930 15931 15932
f 15933 15934 15935 15936
f 15929 15930 15934 15933
f 15930 15931 15935 15934
f 15931 15932 15936 15935
f 15932 15929 15933 15936
o Box1992
v 20.6346 9.13214 1.39373
v 64.1884 -6.59094 0.940668
v 64.1143 -6.82222 1.84633
v 20.5606 8.90087 2.2994
v 20.6346 9.13214 1.39373
v 64.1884 -6.59094 0.940668
v 64.1143 -6.82222 1.84633
v 20.5606 8.90086 2.29939
f 15937 15938 15939 15940
f 15941 15942 15943 15944
f 15937 15938 15942 15941
f 15938 15939 15943 15942
f 15939 15940 15944 15943
f 15940 15937 15941 15944
o Box1993
v 20.7376 9.38739 0.441525
v 64.3813 -6.08872 0.172486
v 64.635 -5.36375 -0.36531
v 20.9914 10.1124 -0.0962705
v 20.7376 9.38739 0.441526
v 64.3813 -6.08871 0.172486
v 64.635 -5.36375 -0.365309
v 20.9914 10.1124 -0.0962698
f 15945 15946 15947 15948
f 15949 15950 15951 15952
f 15945 15946 15950 15949
f 15946 15947 15951 15950
f 15947 15948 15952 15951
f 15948 15945 15949 15952
o Box1994
v 20.9768 10.0445 -0.243943
v 64.644 -5.36691 -0.365347
v 64.9448 -4.51262 -0.608012
v 21.2776 10.8988 -0.486607
v 20.9768 10.0445 -0.24393
v 64.644 -5.36691 -0.365335
v 64.9448 -4.51262 -0.607999
v 21.2776 10.8988 -0.486595
f 15953 15954 15955 15956
f 15957 15958 15959 15960
f 15953 15954 15958 15957
f 15954 15955 15959 15958
f 15955 15956 15960 15959
f 15956 15953 15957 15960
o Box1995
v 21.2987 10.9292 -0.8539
v 64.9722 -4.49149 -0.734289
v 65.57 -2.79502 -0.320867
v 21.8966 12.6257 -0.440478
v 21.2836 10.888 -0.663039
v 64.9571 -4.53269 -0.543428
v 65.555 -2.83622 -0.130006
v 21.8815 12.5845 -0.249618
f 15961 15962 15963 15964
f 15965 15966 15967 15968
f 15961 15962 15966 15965
f 15962 15963 15967 15966
f 15963 15964 15968 15967
f 15964 15961 15965 15968
o Box1996
v 21.9963 12.8459 -0.586568
v 65.6078 -2.74525 -0.207957
v 65.9708 -1.69391 1.26488
v 22.3594 13.8972 0.886273
v 21.9428 12.699 -0.468558
v 65.5542 -2.89209 -0.0899473
v 65.9173 -1.84075 1.38289
v 22.3059 13.7504 1.00428
f 15969 15970 15971 15972
f 15973 15974 15975 15976
f 15969 15970 15974 15973
f 15970 15971 15975 15974
f 15971 15972 15976 15975
f 15972 15969 15973 15976
o Box1997
v 21.2817 10.8823 -0.648891
v 64.9538 -4.51578 -0.608018
v 65.2643 -3.63482 -0.526293
v 21.5923 11.7633 -0.567167
v 21.2817 10.8823 -0.648877
v 64.9538 -4.51578 -0.608004
v 65.2643 -3.63482 -0.526279
v 21.5923 11.7633 -0.567153
f 15977 15978 15979 15980
f 15981 15982 15983 15984
f 15977 15978 15982 15981
f 15978 15979 15983 15982
f 15979 15980 15984 15983
f 15980 15977 15981 15984
o Box1998
v 21.6157 11.7998 -0.724562
v 65.2733 -3.63795 -0.526341
v 65.555 -2.83622 -0.130006
v 21.8974 12.6015 -0.328227
v 21.6156 11.7997 -0.724474
v 65.2733 -3.63799 -0.526252
v 65.555 -2.83626 -0.129918
v 21.8973 12.6014 -0.328139
f 15985 15986 15987 15988
f 15989 15990 15991 15992
f 15985 15986 15990 15989
f 15986 15987 15991 15990
f 15987 15988 15992 15991
f 15988 15985 15989 15992
o Box1999
v 21.9383 12.6861 -0.461599
v 65.5639 -2.83941 -0.129938
v 65.7818 -2.21313 0.533019
v 22.1561 13.3124 0.201358
v 21.9383 12.6861 -0.461571
v 65.5639 -2.83943 -0.12991
v 65.7818 -2.21315 0.533046
v 22.1561 13.3123 0.201386
f 15993 15994 15995 15996
f 15997 15998 15999 16000
f 15993 15994 15998 15997
f 15994 15995 15999 15998
f 15995 15996 16000 15999
f 15996 15993 15997 16000
o Box2000
v 22.2107 13.4345 0.108039
v 65.7907 -2.21636 0.533134
v 65.9173 -1.84068 1.38286
v 22.3373 13.8102 0.957763
v 22.2106 13.4344 0.108075
v 65.7907 -2.21643 0.533169
v 65.9173 -1.84075 1.38289
v 22.3373 13.8101 0.957799
f 16001 16002 16003 16004
f 16005 16006 16007 16008
f 16001 16002 16006 16005
f 16002 16003 16007 16006
f 16003 16004 16008 16007
f 16004 16001 16005 16008
o Box2001
v 22.6472 14.6352 1.18994
v 66.1189 -1.38292 1.58435
v 65.6454 -2.58895 4.79905
v 22.1737 13.4291 4.40463
v 22.4175 14.0049 0.919635
v 65.8891 -2.01319 1.31405
v 65.4156 -3.21921 4.52875
v 21.9439 12.7989 4.13433
f 16009 16010 16011 16012
f 16013 16014 16015 16016
f 16009 16010 16014 16013
f 16010 16011 16015 16014
f 16011 16012 16016 16015
f 16012 16009 16013 16016
o Box2002
v 20.8781 9.87049 3.74298
v 64.2689 -6.36978 3.6304
v 65.4591 -3.19465 4.34779
v 22.0683 13.0456 4.46037
v 20.8272 9.7297 4.45053
v 64.218 -6.51058 4.33795
v 65.4083 -3.33545 5.05534
v 22.0175 12.9048 5.16792
f 16017 16018 16019 16020
f 16021 16022 16023 16024
f 16017 16018 16022 16021
f 16018 16019 16023 16022
f 16019 16020 16024 16023
f 16020 16017 16021 16024
o Box2003
v 22.4719 14.1527 0.929285
v 65.9789 -1.72545 1.38973
v 65.9292 -1.80825 3.23284
v 22.4222 14.0699 2.77239
v 22.405 13.9689 0.919223
v 65.912 -1.90921 1.37967
v 65.8622 -1.99201 3.22278
v 22.3553 13.8861 2.76233
f 16025 16026 16027 16028
f 16029 16030 16031 16032
f 16025 16026 16030 16029
f 16026 16027 16031 16030
f 16027 16028 16032 16031
f 16028 16025 16029 16032
o Box2004
v 22.503 14.238 2.9843
v 65.912 -1.90935 3.31114
v 65.4647 -3.08446 4.66222
v 22.0557 13.0629 4.33538
v 22.4539 14.1033 2.85083
v 65.8629 -2.04412 3.17767
v 65.4156 -3.21922 4.52875
v 22.0066 12.9282 4.20191
f 16033 16034 16035 16036
f 16037 16038 16039 16040
f 16033 16034 16038 16037
f 16034 16035 16039 16038
f 16035 16036 16040 16039
f 16036 16033 16037 16040
o Box2005
v 22.4 13.9547 0.915732
v 65.9262 -1.84399 1.38299
v 65.9453 -1.76393 2.31703
v 22.4191 14.0348 1.84977
v 22.4 13.9547 0.915733
v 65.9262 -1.84401 1.38299
v 65.9453 -1.76395 2.31703
v 22.419 14.0348 1.84977
f 16041 16042 16043 16044
f 16045 16046 16047 16048
f 16041 16042 16046 16045
f 16042 16043 16047 16046
f 16043 16044 16048 16047
f 16044 16041 16045 16048
o Box2006
v 22.4835 14.184 1.86406
v 65.9542 -1.76721 2.31712
v 65.8622 -1.99201 3.22278
v 22.3915 13.9592 2.76972
v 22.4835 14.184 1.86406
v 65.9542 -1.76722 2.31712
v 65.8622 -1.99202 3.22278
v 22.3915 13.9592 2.76972
f 16049 16050 16051 16052
f 16053 16054 16055 16056
f 16049 16050 16054 16053
f 16050 16051 16055 16054
f 16051 16052 16056 16055
f 16052 16049 16053 16056
o Box2007
v 22.4509 14.0947 2.83865
v 65.8712 -1.99531 3.22286
v 65.6783 -2.4973 3.99099
v 22.2581 13.5927 3.60677
v 22.4509 14.0946 2.83856
v 65.8711 -1.99542 3.22278
v 65.6783 -2.49741 3.9909
v 22.2581 13.5926 3.60669
f 16057 16058 16059 16060
f 16061 16062 16063 16064
f 16057 16058 16062 16061
f 16058 16059 16063 16062
f 16059 16060 16064 16063
f 16060 16057 16061 16064
o Box2008
v 22.0348 12.979 4.25972
v 65.4156 -3.21921 4.52875
v 65.6872 -2.50083 3.99082
v 22.3063 13.6974 3.72179
v 22.0348 12.9791 4.25986
v 65.4156 -3.21912 4.52889
v 65.6872 -2.50074 3.99096
v 22.3064 13.6975 3.72193
f 16065 16066 16067 16068
f 16069 16070 16071 16072
f 16065 16066 16070 16069
f 16066 16067 16071 16070
f 16067 16068 16072 16071
f 16068 16065 16069 16072
o Box2009
v 21.423 11.3248 4.64943
v 64.7863 -4.94811 4.68973
v 65.43 -3.23333 4.46301
v 22.0668 13.0396 4.42271
v 21.4313 11.3474 4.8438
v 64.7946 -4.92553 4.88409
v 65.4383 -3.21075 4.65737
v 22.0751 13.0622 4.61708
f 16073 16074 16075 16076
f 16077 16078 16079 16080
f 16073 16074 16078 16077
f 16074 16075 16079 16078
f 16075 16076 16080 16079
f 16076 16073 16077 16080
o Box2010
v 20.8776 9.82627 3.8955
v 64.2689 -6.36978 3.6304
v 64.8159 -4.92066 4.63397
v 21.4246 11.2754 4.89907
v 20.8413 9.72615 4.05989
v 64.2325 -6.4699 3.79479
v 64.7795 -5.02078 4.79836
v 21.3883 11.1753 5.06346
f 16081 16082 16083 16084
f 16085 16086 16087 16088
f 16081 16082 16086 16085
f 16082 16083 16087 16086
f 16083 16084 16088 16087
f 16084 16081 16085 16088
o Box2011
v 21.7485 12.1926 4.65005
v 65.1058 -4.07031 4.77144
v 65.4245 -3.22256 4.52871
v 22.0672 13.0403 4.40731
v 21.7485 12.1926 4.65011
v 65.1058 -4.07029 4.7715
v 65.4245 -3.22255 4.52877
v 22.0672 13.0403 4.40738
f 16089 16090 16091 16092
f 16093 16094 16095 16096
f 16089 16090 16094 16093
f 16090 16091 16095 16094
f 16091 16092 16096 16095
f 16092 16089 16093 16096
o Box2012
v 21.4339 11.3281 4.73059
v 64.7863 -4.94811 4.68972
v 65.1147 -4.07365 4.77143
v 21.7623 12.2026 4.81231
v 21.4339 11.3281 4.7306
v 64.7863 -4.94811 4.68973
v 65.1147 -4.07365 4.77144
v 21.7623 12.2026 4.81232
f 16097 16098 16099 16100
f 16101 16102 16103 16104
f 16097 16098 16102 16101
f 16098 16099 16103 16102
f 16099 16100 16104 16103
f 16100 16097 16101 16104
o Box2013
v 21.1288 10.4899 4.49167
v 64.4956 -5.7467 4.29344
v 64.7952 -4.95144 4.68969
v 21.4284 11.2852 4.88791
v 21.1288 10.4899 4.49167
v 64.4956 -5.74671 4.29345
v 64.7952 -4.95144 4.68969
v 21.4284 11.2852 4.88791
f 16105 16106 16107 16108
f 16109 16110 16111 16112
f 16105 16106 16110 16109
f 16106 16107 16111 16110
f 16107 16108 16112 16111
f 16108 16105 16109 16112
o Box2014
v 20.8701 9.77904 3.96206
v 64.2689 -6.36978 3.6304
v 64.5046 -5.74995 4.2933
v 21.1058 10.3989 4.62496
v 20.8701 9.77897 3.96213
v 64.2688 -6.36985 3.63048
v 64.5046 -5.75002 4.29338
v 21.1058 10.3988 4.62504
f 16113 16114 16115 16116
f 16117 16118 16119 16120
f 16113 16114 16118 16117
f 16114 16115 16119 16118
f 16115 16116 16120 16119
f 16116 16113 16117 16120
